GID_2,adm2ID,iso3,NAME_2,slope,1990,1991,1992,1993,1994,1995,1996,1997,1998,1999,2000,2001,2002,2003,2004,2005,2006,2007,2008,2009,2010,2011,2012,2013,2014,2015,2016,2017,2018,2019,2020,2021,2022,id
MEX.1.1_2,21230001.0,MEX,Aguascalientes,0.00312,17875.0,18911.0,19057.0,18973.0,19861.0,18836.0,20259.0,21464.0,22378.0,22651.0,23198.0,25542.0,24557.0,20086.0,20165.0,20479.0,21713.0,22120.0,20603.0,20335.0,21419.0,20891.0,20542.0,20883.0,22680.0,24396.0,24618.0,24800.0,25067.0,24209.0,22104.0,23914.0,24814.0,
MEX.1.2_2,21230002.0,MEX,Asientos,0.01255,11942.0,11055.0,11054.0,13201.0,14708.0,13459.0,13905.0,15839.0,17655.0,17389.0,23692.0,21052.0,19607.0,16093.0,16914.0,15831.0,16299.0,17894.0,17163.0,16607.0,16323.0,17396.0,18293.0,17865.0,20690.0,20789.0,37835.0,36523.0,37773.0,37670.0,35719.0,36757.0,37158.0,
MEX.1.3_2,21230003.0,MEX,Calvillo,0.01353,14079.0,12713.0,12714.0,14167.0,15823.0,14935.0,17612.0,21092.0,22328.0,23014.0,26329.0,24606.0,22879.0,17378.0,20347.0,18427.0,19187.0,25403.0,28069.0,25586.0,25518.0,25215.0,27058.0,27083.0,32047.0,30820.0,42397.0,41241.0,45126.0,45555.0,32424.0,26300.0,27403.0,
MEX.1.4_2,21230004.0,MEX,Cosío,0.01024,14762.0,13793.0,15375.0,15841.0,17342.0,15457.0,18030.0,18020.0,20573.0,20699.0,25072.0,24332.0,23062.0,17979.0,18677.0,18700.0,18647.0,21411.0,20537.0,16280.0,16183.0,15407.0,18921.0,18939.0,18985.0,20382.0,33453.0,34033.0,34765.0,35319.0,36772.0,37512.0,37634.0,
MEX.1.5_2,21230005.0,MEX,El Llano,0.01324,10713.0,10614.0,11006.0,11927.0,13199.0,12435.0,14170.0,14121.0,16803.0,17204.0,21095.0,20061.0,18681.0,14383.0,15003.0,15536.0,15231.0,17478.0,17123.0,16266.0,16045.0,16640.0,17498.0,16986.0,18744.0,20303.0,32347.0,32704.0,33690.0,33260.0,33429.0,34320.0,34441.0,
MEX.1.6_2,21230006.0,MEX,Jesús María,0.00254,20578.0,17180.0,19720.0,19294.0,20054.0,18877.0,19189.0,21381.0,23045.0,19866.0,21222.0,22673.0,23648.0,22528.0,22809.0,21007.0,17300.0,20216.0,22137.0,18388.0,15563.0,19174.0,26372.0,25069.0,25575.0,25380.0,20560.0,20910.0,24074.0,23527.0,22176.0,23420.0,24416.0,
MEX.1.7_2,21230007.0,MEX,Pabellón de Arteaga,0.0,16251.0,21226.0,18993.0,19521.0,16314.0,15498.0,17708.0,15454.0,16635.0,16938.0,20810.0,19952.0,20956.0,15820.0,14428.0,14248.0,16051.0,19236.0,18998.0,14556.0,14354.0,14693.0,15827.0,17784.0,16410.0,17337.0,16999.0,19742.0,18066.0,18572.0,18182.0,20951.0,21570.0,
MEX.1.8_2,21230008.0,MEX,Rincón de Romos,0.00534,12437.0,12613.0,12031.0,12424.0,11433.0,9956.0,8446.0,10048.0,10516.0,13415.0,17191.0,15855.0,15064.0,10377.0,10217.0,11384.0,12649.0,12429.0,12979.0,10747.0,13038.0,13102.0,16477.0,15142.0,15927.0,15708.0,18068.0,17438.0,14652.0,14890.0,11587.0,13237.0,14081.0,
MEX.1.9_2,21230009.0,MEX,San Francisco de los Romo,0.0,21661.0,14486.0,17596.0,17880.0,20162.0,17392.0,20579.0,22868.0,24393.0,21018.0,25177.0,24103.0,23604.0,17858.0,18358.0,17101.0,18573.0,21967.0,20679.0,17271.0,16410.0,17432.0,19734.0,20603.0,17973.0,19195.0,18558.0,18628.0,22104.0,21827.0,21213.0,21454.0,22096.0,
MEX.1.10_2,21230010.0,MEX,San José de Gracia,0.01081,13301.0,11329.0,12295.0,12429.0,13469.0,12258.0,11336.0,13883.0,14938.0,16801.0,19864.0,19217.0,17346.0,13499.0,12513.0,15057.0,16216.0,16257.0,15259.0,15829.0,17773.0,18209.0,19149.0,15230.0,17745.0,19112.0,33141.0,34085.0,35137.0,35142.0,35354.0,36496.0,36887.0,
MEX.1.11_2,21230011.0,MEX,Tepezalá,0.01167,12341.0,12141.0,12510.0,13974.0,15595.0,14130.0,14628.0,17150.0,17798.0,17556.0,20755.0,20956.0,19635.0,14356.0,15099.0,14885.0,15487.0,16800.0,17062.0,15609.0,15078.0,15665.0,17159.0,17175.0,18087.0,19237.0,34594.0,34429.0,35714.0,34539.0,35630.0,36356.0,36332.0,
MEX.3.1_2,21230012.0,MEX,Ensenada,0.0058,13207.0,14773.0,18499.0,18475.0,17724.0,17137.0,17466.0,18799.0,32502.0,35379.0,33420.0,36920.0,32309.0,35913.0,37165.0,35628.0,38428.0,36530.0,34275.0,33443.0,33374.0,31363.0,32312.0,31643.0,32488.0,36543.0,35724.0,38884.0,39588.0,39271.0,37296.0,37304.0,39173.0,
MEX.3.2_2,21230013.0,MEX,Mexicali,-0.00136,20200.0,19810.0,17944.0,16892.0,17726.0,15303.0,15045.0,17581.0,17769.0,16694.0,17694.0,17920.0,18223.0,19932.0,20857.0,19722.0,19874.0,19318.0,18893.0,16163.0,14890.0,15909.0,15964.0,15767.0,15917.0,17434.0,17472.0,16174.0,16756.0,16935.0,15985.0,17536.0,17803.0,
MEX.3.3_2,21230014.0,MEX,Playas de Rosarito,-0.00253,22991.0,22324.0,23196.0,24862.0,23994.0,21731.0,19175.0,25608.0,25778.0,26580.0,21325.0,29314.0,25067.0,26401.0,25750.0,26437.0,26865.0,27037.0,19480.0,16257.0,15548.0,14996.0,16451.0,16169.0,17275.0,20793.0,21973.0,19855.0,19088.0,21192.0,20189.0,21013.0,21805.0,
MEX.3.4_2,21230015.0,MEX,Tecate,0.00314,15795.0,16433.0,19196.0,19576.0,17974.0,18133.0,20314.0,20561.0,23409.0,23290.0,22934.0,24383.0,20670.0,24130.0,25270.0,24548.0,25844.0,25194.0,24398.0,22153.0,20604.0,21298.0,22338.0,21015.0,22031.0,24220.0,25734.0,28516.0,26689.0,25267.0,23066.0,24145.0,24555.0,
MEX.3.5_2,21230016.0,MEX,Tijuana,0.0,23149.0,23903.0,24808.0,25928.0,26785.0,24642.0,26610.0,27505.0,24156.0,25768.0,27444.0,27331.0,24553.0,26758.0,25919.0,25954.0,26172.0,25482.0,24394.0,21145.0,22041.0,20994.0,21513.0,21455.0,22011.0,24014.0,25933.0,26112.0,26148.0,26385.0,24353.0,25815.0,26695.0,
MEX.2.1_2,21230017.0,MEX,Comondú,-0.0011,14653.0,19496.0,17897.0,18447.0,17934.0,17066.0,17601.0,18728.0,20900.0,19339.0,20768.0,18685.0,18150.0,18588.0,21095.0,25660.0,23185.0,25101.0,22028.0,23886.0,20329.0,20195.0,16599.0,16340.0,14627.0,13787.0,13114.0,14913.0,18451.0,17177.0,13921.0,14280.0,14871.0,
MEX.2.2_2,21230018.0,MEX,La Paz,-0.00218,30012.0,27741.0,29324.0,30565.0,29361.0,27663.0,29187.0,28656.0,29171.0,28636.0,28489.0,28733.0,28061.0,28299.0,29378.0,27938.0,29390.0,29468.0,27770.0,26246.0,25385.0,24880.0,24310.0,23046.0,23731.0,26837.0,26867.0,28904.0,31736.0,25718.0,21109.0,22397.0,23449.0,
MEX.2.3_2,21230019.0,MEX,Loreto,0.00666,13145.0,15860.0,16488.0,14922.0,16112.0,15522.0,15175.0,18391.0,18421.0,19038.0,20143.0,20680.0,18201.0,18509.0,19521.0,17646.0,23911.0,38399.0,36016.0,36597.0,33250.0,18746.0,18731.0,17673.0,17023.0,16290.0,19624.0,20253.0,26709.0,24894.0,22581.0,22215.0,22128.0,
MEX.2.4_2,21230020.0,MEX,Los Cabos,0.01731,12640.0,14792.0,13949.0,12086.0,14843.0,16582.0,16953.0,19416.0,16993.0,16307.0,18315.0,22667.0,20639.0,24650.0,24263.0,27306.0,27782.0,31725.0,34285.0,33322.0,33793.0,33141.0,33292.0,31597.0,29481.0,33940.0,32648.0,35225.0,40022.0,38342.0,30391.0,32147.0,33050.0,
MEX.2.5_2,21230021.0,MEX,Mulegé,0.00489,10671.0,13814.0,13742.0,13481.0,14298.0,13802.0,18799.0,17450.0,15317.0,20285.0,18504.0,18998.0,18195.0,19692.0,18635.0,19508.0,16831.0,21077.0,20233.0,18904.0,15766.0,17663.0,15712.0,15381.0,14340.0,14379.0,19809.0,22689.0,32404.0,25321.0,20767.0,21574.0,21622.0,
MEX.4.1_2,21230022.0,MEX,Calakmul,0.02127,15173.0,13511.0,13030.0,14213.0,16186.0,15268.0,16141.0,16520.0,16884.0,15245.0,15443.0,18503.0,23272.0,75744.0,87030.0,95538.0,98806.0,103016.0,113321.0,70606.0,79144.0,93256.0,94943.0,79588.0,71936.0,40992.0,52752.0,49173.0,43654.0,51727.0,45104.0,47823.0,49531.0,
MEX.4.2_2,21230023.0,MEX,Calkiní,0.02219,17254.0,14905.0,14797.0,16503.0,15719.0,12856.0,14494.0,16679.0,17046.0,16472.0,18262.0,22969.0,24802.0,132610.0,157751.0,180030.0,191078.0,190833.0,204603.0,162503.0,175469.0,156207.0,140305.0,135085.0,122199.0,70326.0,63454.0,68661.0,76528.0,88715.0,54422.0,58083.0,59715.0,
MEX.4.3_2,21230024.0,MEX,Campeche,0.01075,39892.0,39826.0,40798.0,39329.0,38858.0,38440.0,38748.0,39675.0,40549.0,38172.0,39426.0,39897.0,41481.0,140179.0,176600.0,193864.0,203338.0,202085.0,206971.0,141681.0,152367.0,188209.0,173691.0,154749.0,140338.0,84940.0,67735.0,76988.0,81223.0,85034.0,61815.0,65135.0,67530.0,
MEX.4.4_2,21230025.0,MEX,Candelaria,0.02182,11751.0,9454.0,9714.0,12648.0,15164.0,14994.0,16313.0,16607.0,15379.0,15075.0,13225.0,14147.0,14816.0,55207.0,67631.0,74242.0,72408.0,80776.0,87797.0,51586.0,51976.0,69103.0,74485.0,53413.0,52724.0,30954.0,35782.0,39891.0,30511.0,39543.0,36618.0,38701.0,39950.0,
MEX.4.5_2,21230026.0,MEX,Carmen,0.0,40465.0,48464.0,49341.0,53589.0,53806.0,46721.0,51247.0,48424.0,49491.0,46381.0,50077.0,54299.0,50253.0,191531.0,240704.0,264236.0,260464.0,256809.0,255444.0,186146.0,206567.0,223829.0,201730.0,200670.0,185377.0,107799.0,71301.0,80981.0,94936.0,97506.0,64414.0,64346.0,66623.0,
MEX.4.6_2,21230027.0,MEX,Champotón,0.01823,16414.0,16812.0,14822.0,14225.0,14064.0,13212.0,12780.0,12062.0,12115.0,16225.0,16760.0,20474.0,26726.0,84594.0,104830.0,117335.0,132355.0,129434.0,127269.0,86994.0,87229.0,105190.0,98735.0,85182.0,76026.0,48072.0,48760.0,49336.0,51977.0,56956.0,43911.0,46861.0,48283.0,
MEX.4.7_2,21230028.0,MEX,Escárcega,0.02513,12176.0,11807.0,13928.0,12926.0,12745.0,11348.0,11406.0,13132.0,13422.0,9444.0,11689.0,14749.0,15344.0,44119.0,48736.0,47683.0,60663.0,63194.0,70418.0,42540.0,50244.0,55471.0,61299.0,49038.0,48484.0,27937.0,46239.0,43267.0,62012.0,70162.0,46843.0,52741.0,54504.0,
MEX.4.8_2,21230029.0,MEX,Hecelchakán,0.02079,18734.0,14204.0,13492.0,13861.0,12908.0,12048.0,11663.0,3985.0,3404.0,13986.0,14447.0,18108.0,18839.0,51368.0,61778.0,71958.0,75682.0,84634.0,88985.0,55196.0,54346.0,67753.0,72024.0,51806.0,50894.0,30540.0,51067.0,50673.0,36791.0,43195.0,47267.0,49787.0,50998.0,
MEX.4.9_2,21230030.0,MEX,Hopelchén,0.01575,20406.0,19681.0,20514.0,19002.0,20404.0,19345.0,20330.0,30554.0,31148.0,19682.0,19062.0,22183.0,27170.0,64648.0,76084.0,83522.0,90767.0,91427.0,101247.0,65433.0,65915.0,86371.0,84741.0,67871.0,63119.0,38414.0,48305.0,50967.0,42795.0,48808.0,47037.0,50312.0,51541.0,
MEX.4.10_2,21230031.0,MEX,Palizada,0.01991,13119.0,14357.0,15122.0,15106.0,15636.0,15656.0,16719.0,17021.0,17317.0,15593.0,15513.0,17842.0,18562.0,68149.0,78765.0,84919.0,85728.0,92375.0,102752.0,62782.0,60635.0,82815.0,84333.0,62463.0,62170.0,38536.0,46329.0,46605.0,41612.0,53773.0,44962.0,49323.0,50807.0,
MEX.4.11_2,21230032.0,MEX,Tenabo,0.01707,33326.0,31484.0,31804.0,30442.0,30264.0,30187.0,30712.0,28742.0,29037.0,31842.0,32065.0,35474.0,40848.0,117653.0,134790.0,147967.0,193661.0,183543.0,188050.0,130787.0,123440.0,172695.0,167656.0,128101.0,118104.0,80290.0,96309.0,98487.0,82465.0,83342.0,78516.0,86760.0,89230.0,
MEX.5.1_2,21230033.0,MEX,Acacoyagua,0.00266,4898.0,4806.0,4804.0,4256.0,5025.0,4861.0,4455.0,4788.0,4806.0,5079.0,4940.0,5619.0,5088.0,5950.0,5505.0,5144.0,4527.0,4602.0,4303.0,5228.0,6136.0,6400.0,7517.0,6022.0,6126.0,6011.0,6338.0,6220.0,5503.0,4609.0,4379.0,4718.0,4880.0,
MEX.5.2_2,21230034.0,MEX,Acala,0.00921,4146.0,4273.0,4652.0,4164.0,4742.0,4358.0,3969.0,4293.0,4294.0,4778.0,4647.0,4764.0,4354.0,5516.0,4638.0,5156.0,4966.0,5101.0,4463.0,5083.0,5522.0,5905.0,7317.0,6554.0,6249.0,6124.0,6302.0,6492.0,6823.0,7804.0,7424.0,9021.0,9303.0,
MEX.5.3_2,21230035.0,MEX,Acapetahua,0.00739,4889.0,4728.0,5350.0,4815.0,6170.0,5179.0,4236.0,4323.0,4865.0,5343.0,4454.0,5402.0,5572.0,8256.0,6918.0,7453.0,9072.0,10113.0,11925.0,10041.0,11764.0,10781.0,9314.0,7139.0,7879.0,7739.0,5932.0,6225.0,6133.0,6348.0,5882.0,6320.0,6518.0,
MEX.5.4_2,21230036.0,MEX,Aldama,0.0,5319.0,5260.0,5801.0,5615.0,6266.0,5406.0,5076.0,5271.0,5527.0,6236.0,6104.0,6247.0,6404.0,11714.0,12280.0,10054.0,8495.0,8482.0,8054.0,6727.0,7643.0,7252.0,7095.0,6814.0,6312.0,7155.0,6782.0,6830.0,6707.0,6963.0,6284.0,6788.0,7095.0,
MEX.5.5_2,21230037.0,MEX,Altamirano,0.0046,4706.0,4990.0,4608.0,4001.0,4097.0,4650.0,4049.0,4741.0,4052.0,4322.0,4410.0,4402.0,4360.0,4891.0,4668.0,4362.0,6192.0,6163.0,6683.0,5977.0,5333.0,5093.0,5200.0,4828.0,4817.0,4621.0,5158.0,4557.0,5508.0,5627.0,5494.0,5731.0,5798.0,
MEX.5.6_2,21230038.0,MEX,Amatán,0.00867,4142.0,4347.0,4365.0,4648.0,5119.0,4159.0,3596.0,4326.0,5042.0,5045.0,4973.0,3814.0,3762.0,6145.0,5736.0,6303.0,5469.0,5588.0,7586.0,6935.0,7011.0,6553.0,7164.0,7612.0,7024.0,7367.0,6887.0,5446.0,6145.0,5512.0,5372.0,5830.0,6008.0,
MEX.5.7_2,21230039.0,MEX,Amatenango de la Frontera,0.01494,5182.0,5391.0,4341.0,4789.0,4843.0,3978.0,3848.0,3741.0,4775.0,5249.0,5394.0,5385.0,5071.0,6156.0,5906.0,6876.0,8302.0,8743.0,9319.0,8545.0,9459.0,9384.0,10169.0,8752.0,10026.0,9724.0,9261.0,8746.0,9412.0,8317.0,7525.0,7842.0,8087.0,
MEX.5.8_2,21230040.0,MEX,Amatenango del Valle,0.00375,3681.0,5728.0,6024.0,5706.0,6225.0,6130.0,4680.0,5324.0,4882.0,5263.0,6071.0,5579.0,5191.0,6686.0,6257.0,5700.0,8071.0,8206.0,7930.0,7458.0,8293.0,6971.0,6747.0,7153.0,7535.0,6894.0,6464.0,6491.0,6119.0,5907.0,5618.0,5802.0,6419.0,
MEX.5.9_2,21230041.0,MEX,Angel Albino Corzo,0.01322,4017.0,4294.0,5304.0,5091.0,5777.0,4345.0,3683.0,4418.0,6271.0,6526.0,5497.0,5750.0,7269.0,8833.0,10954.0,13132.0,14645.0,13398.0,12354.0,11716.0,7911.0,8389.0,9079.0,8617.0,7255.0,7282.0,17980.0,15940.0,10894.0,6653.0,5978.0,6559.0,6774.0,
MEX.5.10_2,21230042.0,MEX,Arriaga,0.00355,6580.0,6766.0,6543.0,6771.0,7199.0,6428.0,6448.0,5995.0,6520.0,6479.0,6100.0,6771.0,6986.0,8701.0,7914.0,7628.0,8258.0,7241.0,7847.0,6854.0,8447.0,8224.0,8049.0,7522.0,7544.0,7287.0,8752.0,8878.0,8219.0,8359.0,7532.0,8182.0,8157.0,
MEX.5.11_2,21230043.0,MEX,Bejucal de Ocampo,0.01293,3197.0,3100.0,2958.0,2193.0,2539.0,2746.0,2852.0,2695.0,4335.0,4488.0,4697.0,3750.0,3345.0,5171.0,4660.0,5558.0,6350.0,6344.0,5992.0,5683.0,6167.0,6207.0,5621.0,6205.0,5235.0,5935.0,5212.0,2940.0,2971.0,5555.0,8085.0,8465.0,8151.0,
MEX.5.12_2,21230044.0,MEX,Bella Vista,0.00846,4606.0,4649.0,4741.0,4450.0,5093.0,4486.0,4141.0,4607.0,5201.0,5455.0,5305.0,4646.0,4544.0,5463.0,5040.0,5671.0,5716.0,5840.0,7845.0,7095.0,7211.0,6796.0,6253.0,6586.0,6160.0,6493.0,6624.0,6819.0,7584.0,7380.0,8561.0,8452.0,8696.0,
MEX.5.13_2,21230045.0,MEX,Benemérito de las Américas,0.0,6159.0,6346.0,5988.0,6012.0,5757.0,5952.0,5841.0,6196.0,5809.0,6811.0,6524.0,6305.0,5772.0,7307.0,6969.0,6310.0,7871.0,7790.0,7186.0,6605.0,7521.0,6643.0,6567.0,6160.0,6608.0,5689.0,6026.0,5669.0,5828.0,5607.0,5386.0,5635.0,5822.0,
MEX.5.14_2,21230046.0,MEX,Berriozábal,0.00557,5753.0,5691.0,5216.0,5207.0,5726.0,5085.0,6096.0,6341.0,6084.0,6930.0,6874.0,6102.0,6019.0,5960.0,6001.0,5236.0,9072.0,9983.0,10454.0,9673.0,10270.0,8188.0,8416.0,7669.0,8835.0,7302.0,7381.0,7316.0,7242.0,6891.0,6250.0,6533.0,6721.0,
MEX.5.15_2,21230047.0,MEX,Bochil,0.00791,4886.0,5156.0,5406.0,5048.0,6483.0,5756.0,5047.0,5316.0,5596.0,5925.0,5468.0,5458.0,5847.0,8530.0,7351.0,7760.0,11812.0,12994.0,12706.0,11987.0,13963.0,8304.0,9686.0,8019.0,8057.0,7737.0,7006.0,7340.0,6972.0,6914.0,6631.0,7091.0,7312.0,
MEX.5.16_2,21230048.0,MEX,Cacahoatán,0.00085,5737.0,5640.0,5757.0,5917.0,6085.0,5889.0,5631.0,6612.0,7121.0,8406.0,8269.0,7463.0,7132.0,8345.0,8534.0,7957.0,8899.0,8737.0,7607.0,7708.0,8078.0,7368.0,7003.0,6518.0,7622.0,6805.0,7939.0,7990.0,7468.0,7089.0,7186.0,7724.0,7965.0,
MEX.5.17_2,21230049.0,MEX,Catazajá,0.00355,4485.0,4555.0,4008.0,4323.0,4480.0,4525.0,3857.0,4419.0,3967.0,4271.0,4469.0,4461.0,4207.0,5080.0,4659.0,4416.0,5251.0,5251.0,5657.0,5358.0,5992.0,5363.0,5343.0,5004.0,5434.0,4846.0,4972.0,5160.0,5327.0,5143.0,5121.0,5300.0,6021.0,
MEX.5.18_2,21230050.0,MEX,Chalchihuitán,0.00992,3582.0,3642.0,3586.0,3127.0,4220.0,3515.0,4125.0,4051.0,5930.0,7216.0,7017.0,5916.0,4876.0,6622.0,5938.0,6959.0,7319.0,7382.0,9032.0,8566.0,8340.0,7105.0,6813.0,7672.0,7347.0,7680.0,7603.0,6729.0,6458.0,6191.0,4511.0,4961.0,5116.0,
MEX.5.19_2,21230051.0,MEX,Chamula,0.00075,5194.0,5985.0,6478.0,6376.0,6368.0,7185.0,6737.0,6918.0,6943.0,8144.0,8183.0,7921.0,6552.0,7647.0,7373.0,6956.0,8260.0,7902.0,7526.0,6950.0,7074.0,6623.0,8335.0,7399.0,8205.0,7576.0,7440.0,7341.0,7087.0,7136.0,6836.0,6765.0,7250.0,
MEX.5.20_2,21230052.0,MEX,Chanal,0.00841,4117.0,4220.0,3946.0,3407.0,5064.0,4285.0,3686.0,4317.0,5859.0,6963.0,6772.0,5873.0,4557.0,6946.0,6303.0,7012.0,7216.0,7289.0,9038.0,8571.0,8923.0,7559.0,6478.0,7524.0,7382.0,7280.0,6697.0,5644.0,5037.0,4911.0,5149.0,5480.0,5644.0,
MEX.5.21_2,21230053.0,MEX,Chapultenango,0.00695,4420.0,4563.0,4335.0,4395.0,4128.0,4665.0,4788.0,4940.0,5464.0,6330.0,6951.0,4882.0,4471.0,6059.0,5650.0,6337.0,7178.0,7421.0,8411.0,8131.0,7209.0,6784.0,7336.0,7126.0,6525.0,7555.0,6494.0,5709.0,6010.0,5365.0,5081.0,5466.0,5778.0,
MEX.5.22_2,21230054.0,MEX,Chenalhó,0.00147,6407.0,6180.0,6632.0,6360.0,6926.0,6892.0,6451.0,6562.0,7891.0,8340.0,8111.0,8044.0,9022.0,8705.0,8338.0,7649.0,7449.0,8133.0,8613.0,8086.0,9281.0,8337.0,9688.0,7916.0,8344.0,7731.0,8100.0,8427.0,8365.0,8220.0,7711.0,8208.0,8135.0,
MEX.5.23_2,21230055.0,MEX,Chiapa de Corzo,-0.00166,10946.0,11130.0,10967.0,11377.0,11645.0,11060.0,12434.0,11502.0,11160.0,11859.0,12618.0,12109.0,11726.0,12587.0,11896.0,11530.0,14257.0,14835.0,13833.0,12452.0,13222.0,11388.0,11320.0,10636.0,11227.0,10304.0,8487.0,8148.0,8052.0,6643.0,6248.0,6531.0,7007.0,
MEX.5.24_2,21230056.0,MEX,Chiapilla,0.0052,4823.0,4928.0,5498.0,5245.0,6054.0,5195.0,4582.0,4856.0,5008.0,4634.0,4197.0,4951.0,4782.0,5486.0,4598.0,4900.0,6499.0,6409.0,5667.0,6400.0,6425.0,6519.0,6654.0,6436.0,5845.0,5654.0,7043.0,7412.0,7291.0,5785.0,5644.0,6070.0,6260.0,
MEX.5.25_2,21230057.0,MEX,Chicoasén,0.0,5053.0,5144.0,5440.0,4976.0,5147.0,5093.0,4961.0,4950.0,5493.0,6305.0,5766.0,5755.0,5298.0,5667.0,5226.0,4960.0,4720.0,4767.0,4307.0,5134.0,6620.0,5918.0,6265.0,5585.0,6482.0,6010.0,4761.0,4858.0,5088.0,4896.0,4684.0,4865.0,4501.0,
MEX.5.26_2,21230058.0,MEX,Chicomuselo,0.0056,4697.0,4589.0,4646.0,4563.0,3764.0,4845.0,4297.0,4508.0,5195.0,5492.0,5341.0,4143.0,4134.0,5912.0,5425.0,5855.0,6699.0,6716.0,7498.0,7350.0,6297.0,5981.0,5908.0,5266.0,5895.0,6353.0,6913.0,5763.0,5565.0,5735.0,5647.0,5748.0,6101.0,
MEX.5.27_2,21230059.0,MEX,Chilón,0.0057,4342.0,4446.0,4198.0,3876.0,3920.0,3751.0,2936.0,3300.0,3992.0,4078.0,3966.0,3156.0,2848.0,4225.0,4113.0,4550.0,4922.0,4963.0,6697.0,6301.0,5044.0,4937.0,4881.0,5297.0,4789.0,5131.0,6017.0,5196.0,5200.0,4943.0,4920.0,5224.0,5436.0,
MEX.5.28_2,21230060.0,MEX,Cintalapa,0.0022,8249.0,8339.0,8009.0,8295.0,8511.0,7882.0,7711.0,8141.0,7971.0,7780.0,7987.0,7947.0,8412.0,9936.0,8879.0,8809.0,8551.0,8673.0,8960.0,7211.0,8753.0,8500.0,10051.0,9631.0,9698.0,9787.0,9824.0,8311.0,8085.0,9548.0,8433.0,8867.0,9144.0,
MEX.5.29_2,21230061.0,MEX,Coapilla,0.00496,5278.0,5365.0,5581.0,6041.0,6288.0,5518.0,4081.0,5262.0,7024.0,7433.0,7655.0,6117.0,5716.0,8068.0,6801.0,6351.0,6622.0,6583.0,7947.0,7392.0,8072.0,8098.0,8123.0,8376.0,7371.0,8285.0,7645.0,6880.0,6768.0,6960.0,6507.0,7185.0,7803.0,
MEX.5.30_2,21230062.0,MEX,Comitán de Domínguez,-0.00304,9442.0,9717.0,9019.0,9375.0,9224.0,8988.0,10251.0,9295.0,8916.0,9789.0,10100.0,10933.0,10523.0,10812.0,10108.0,9659.0,12944.0,12277.0,11384.0,10221.0,10454.0,9444.0,9507.0,8851.0,9324.0,8594.0,6801.0,6785.0,6353.0,6446.0,6448.0,6816.0,7013.0,
MEX.5.31_2,21230063.0,MEX,Copainalá,0.00528,3923.0,3809.0,3741.0,3802.0,3913.0,3853.0,3036.0,3838.0,5145.0,5119.0,5096.0,3822.0,3625.0,4767.0,4458.0,5381.0,6082.0,6082.0,5515.0,5635.0,6210.0,5670.0,4658.0,6255.0,5890.0,6058.0,5168.0,4504.0,4887.0,4940.0,4482.0,4942.0,4252.0,
MEX.5.32_2,21230064.0,MEX,El Bosque,0.01533,3359.0,3529.0,3380.0,2851.0,3245.0,3196.0,3285.0,3101.0,5472.0,5363.0,4104.0,4233.0,3462.0,5434.0,4667.0,4591.0,5302.0,5226.0,4392.0,6700.0,6446.0,6248.0,5952.0,7038.0,6939.0,7394.0,9398.0,9845.0,7522.0,7815.0,7668.0,7675.0,7916.0,
MEX.5.33_2,21230065.0,MEX,El Porvenir,0.00364,5659.0,5274.0,5669.0,7002.0,7138.0,5436.0,5503.0,5590.0,8334.0,9941.0,9798.0,10556.0,10716.0,14276.0,12887.0,11192.0,11561.0,8952.0,8307.0,6847.0,7298.0,6985.0,7602.0,7080.0,7475.0,7450.0,8331.0,7515.0,7755.0,8080.0,8686.0,9193.0,9295.0,
MEX.5.34_2,21230066.0,MEX,Escuintla,0.00554,4835.0,4958.0,5162.0,4818.0,5187.0,5108.0,4959.0,5174.0,5127.0,5131.0,4951.0,4942.0,5638.0,6201.0,5520.0,5498.0,5855.0,5846.0,5502.0,5740.0,5836.0,5917.0,7667.0,6262.0,6173.0,6127.0,8961.0,8269.0,8455.0,8525.0,8110.0,9456.0,10464.0,
MEX.5.35_2,21230067.0,MEX,Francisco León,0.00302,4412.0,4590.0,4252.0,3994.0,4246.0,4249.0,3762.0,4386.0,3926.0,4311.0,4339.0,4331.0,4236.0,4794.0,4449.0,4203.0,6539.0,6556.0,6768.0,6419.0,5807.0,5314.0,5699.0,5038.0,5202.0,4813.0,5371.0,4667.0,5120.0,4959.0,4742.0,4780.0,4991.0,
MEX.5.36_2,21230068.0,MEX,Frontera Comalapa,0.00707,4336.0,4369.0,4136.0,3670.0,3885.0,3826.0,3504.0,3826.0,6003.0,7862.0,7646.0,6739.0,5049.0,5926.0,5904.0,5521.0,7552.0,9176.0,9799.0,10204.0,8696.0,7110.0,5962.0,7530.0,7878.0,7074.0,6648.0,5671.0,5411.0,6728.0,6348.0,6747.0,6958.0,
MEX.5.37_2,21230069.0,MEX,Frontera Hidalgo,0.0,7178.0,7095.0,7580.0,7039.0,7650.0,7654.0,7487.0,7884.0,7771.0,8660.0,6866.0,8548.0,8409.0,9400.0,9124.0,8692.0,9075.0,8316.0,8446.0,8065.0,9521.0,8602.0,8936.0,8951.0,8406.0,8138.0,4835.0,5546.0,4497.0,5716.0,5751.0,6458.0,8707.0,
MEX.5.38_2,21230070.0,MEX,Huehuetán,-0.00957,5886.0,7162.0,6953.0,7685.0,8220.0,8942.0,8038.0,8491.0,8315.0,9211.0,7586.0,9086.0,8464.0,9970.0,9195.0,9049.0,9827.0,7844.0,6653.0,6916.0,7813.0,5970.0,6012.0,6042.0,5988.0,5919.0,5011.0,5488.0,5401.0,5269.0,4923.0,4945.0,5093.0,
MEX.5.39_2,21230071.0,MEX,Huitiupán,0.00532,4352.0,4676.0,4437.0,4499.0,4233.0,5102.0,4971.0,5381.0,5966.0,6034.0,5868.0,4553.0,4337.0,6305.0,5650.0,6337.0,7047.0,7040.0,8061.0,7965.0,6730.0,6715.0,6390.0,6883.0,6124.0,6658.0,6380.0,5169.0,5849.0,5886.0,5838.0,6108.0,6082.0,
MEX.5.40_2,21230072.0,MEX,Huixtán,0.0,4240.0,4461.0,4758.0,4292.0,5433.0,4760.0,4429.0,4559.0,4451.0,4420.0,4267.0,4259.0,4950.0,5205.0,4488.0,4388.0,4296.0,4497.0,3670.0,4421.0,5709.0,5721.0,6456.0,5702.0,5725.0,5562.0,4786.0,4898.0,4370.0,3773.0,3814.0,3830.0,3832.0,
MEX.5.41_2,21230073.0,MEX,Huixtla,-0.00454,9795.0,10082.0,9982.0,10092.0,10427.0,8808.0,9078.0,9724.0,9750.0,10839.0,10584.0,8820.0,8292.0,9500.0,9083.0,7970.0,10718.0,10716.0,9843.0,8862.0,9830.0,8505.0,7889.0,7665.0,8354.0,7665.0,7843.0,7799.0,7873.0,7220.0,6931.0,6671.0,6879.0,
MEX.5.42_2,21230074.0,MEX,Ixhuatán,0.00903,3513.0,3680.0,4008.0,4590.0,4731.0,4230.0,3817.0,4430.0,5181.0,5260.0,6118.0,3984.0,4122.0,5735.0,5101.0,5837.0,6954.0,6947.0,7500.0,7886.0,6902.0,6717.0,6374.0,7311.0,6411.0,6921.0,6288.0,5248.0,5840.0,5886.0,5838.0,6108.0,6082.0,
MEX.5.43_2,21230075.0,MEX,Ixtacomitán,0.00368,4195.0,7242.0,7142.0,7433.0,7172.0,6121.0,5025.0,6120.0,6926.0,6642.0,6459.0,6128.0,6698.0,7711.0,6750.0,6407.0,10141.0,10045.0,10145.0,8405.0,8597.0,7360.0,5909.0,8541.0,7548.0,7477.0,7006.0,7419.0,7642.0,7867.0,7864.0,8380.0,8604.0,
MEX.5.44_2,21230076.0,MEX,Ixtapa,0.0,7136.0,7214.0,7488.0,7010.0,7733.0,7778.0,7885.0,7848.0,7690.0,8708.0,6790.0,8618.0,8404.0,9471.0,9148.0,8518.0,8851.0,8781.0,7767.0,8629.0,9924.0,9428.0,9807.0,8872.0,9273.0,8863.0,7274.0,7102.0,4922.0,4134.0,5727.0,5897.0,6092.0,
MEX.5.45_2,21230077.0,MEX,Ixtapangajoya,0.0,7849.0,8177.0,8125.0,8258.0,8252.0,8908.0,8287.0,8902.0,9895.0,9995.0,8453.0,9627.0,9075.0,11127.0,10143.0,9793.0,11131.0,11429.0,10702.0,11021.0,11135.0,9217.0,9102.0,8889.0,10289.0,8557.0,8095.0,7990.0,8169.0,7956.0,7521.0,7998.0,8284.0,
MEX.5.46_2,21230078.0,MEX,Jiquipilas,0.00381,3825.0,3899.0,4094.0,3423.0,4327.0,3811.0,3465.0,3860.0,3581.0,3932.0,3824.0,4380.0,3972.0,4757.0,4159.0,4250.0,4193.0,3905.0,3606.0,4377.0,5993.0,5570.0,5689.0,5192.0,5683.0,5275.0,4599.0,4407.0,4598.0,3926.0,3422.0,3989.0,3807.0,
MEX.5.47_2,21230079.0,MEX,Jitotol,0.01293,3842.0,3998.0,3982.0,3510.0,4737.0,3951.0,4125.0,4040.0,5872.0,6965.0,6773.0,5735.0,4870.0,6395.0,5944.0,6501.0,7341.0,7485.0,8521.0,8081.0,7484.0,7058.0,7976.0,7001.0,6664.0,7700.0,12942.0,13983.0,7472.0,7927.0,8085.0,8216.0,8474.0,
MEX.5.48_2,21230080.0,MEX,Juárez,0.00332,4609.0,4984.0,5073.0,5137.0,5267.0,4932.0,4197.0,4746.0,4986.0,5392.0,5251.0,5175.0,4792.0,5753.0,5418.0,5070.0,6536.0,6365.0,6684.0,6191.0,6769.0,5973.0,5550.0,5647.0,6175.0,5461.0,5041.0,4936.0,5251.0,5400.0,5511.0,6197.0,6391.0,
MEX.5.49_2,21230081.0,MEX,La Concordia,0.00629,3124.0,3269.0,3289.0,3577.0,3275.0,3475.0,2664.0,3892.0,3617.0,3793.0,4331.0,3775.0,3728.0,4522.0,4318.0,3902.0,5084.0,4987.0,5527.0,5050.0,5116.0,4860.0,4954.0,4513.0,4620.0,4352.0,4652.0,4615.0,4606.0,4250.0,4154.0,4205.0,4398.0,
MEX.5.50_2,21230082.0,MEX,La Grandeza,0.01295,3207.0,3259.0,3340.0,3261.0,4621.0,3918.0,3897.0,3830.0,5364.0,5476.0,5225.0,4278.0,4157.0,5662.0,4934.0,5481.0,6313.0,6307.0,6062.0,5749.0,6179.0,6298.0,5841.0,6611.0,6040.0,6580.0,7131.0,5734.0,7595.0,8435.0,8288.0,8320.0,9054.0,
MEX.5.51_2,21230083.0,MEX,La Independencia,0.01101,3608.0,3774.0,3755.0,4754.0,5137.0,4415.0,4116.0,4541.0,4598.0,5264.0,4396.0,4955.0,5137.0,5519.0,5609.0,5238.0,6630.0,6781.0,6172.0,6654.0,7115.0,6341.0,7317.0,6282.0,7014.0,6087.0,6579.0,6816.0,6707.0,7892.0,7575.0,9617.0,9918.0,
MEX.5.52_2,21230084.0,MEX,La Libertad,0.02576,4152.0,3728.0,3880.0,3584.0,4120.0,4301.0,4618.0,4788.0,5639.0,5916.0,5753.0,7875.0,7416.0,7635.0,6630.0,6677.0,10581.0,15649.0,15456.0,13838.0,14605.0,14420.0,16951.0,14373.0,15561.0,15005.0,13748.0,13121.0,13385.0,12745.0,12235.0,12899.0,13305.0,
MEX.5.53_2,21230085.0,MEX,La Trinitaria,0.0031,4523.0,4940.0,4934.0,4474.0,4424.0,5130.0,4809.0,4813.0,4958.0,5832.0,5455.0,5445.0,5276.0,6111.0,5958.0,5863.0,6523.0,5544.0,6059.0,5197.0,6914.0,5982.0,5765.0,5772.0,6538.0,5962.0,4431.0,4732.0,5331.0,4978.0,4917.0,5263.0,5420.0,
MEX.5.54_2,21230086.0,MEX,Larráinzar,0.01522,4264.0,4371.0,4183.0,3780.0,3967.0,3907.0,3592.0,3893.0,4572.0,4907.0,4772.0,4864.0,4364.0,6738.0,6086.0,5637.0,7564.0,7737.0,8929.0,8394.0,9092.0,10460.0,13808.0,11551.0,11606.0,9878.0,7946.0,8322.0,6552.0,6395.0,6058.0,6723.0,6933.0,
MEX.5.55_2,21230087.0,MEX,Las Margaritas,0.0083,3948.0,3732.0,3654.0,3289.0,3790.0,3685.0,3065.0,4068.0,6121.0,7430.0,7225.0,5889.0,4899.0,6507.0,5763.0,6672.0,7293.0,7399.0,8901.0,8442.0,8320.0,6952.0,6059.0,7513.0,7432.0,7184.0,6315.0,5187.0,4798.0,4640.0,4992.0,5394.0,5563.0,
MEX.5.56_2,21230088.0,MEX,Las Rosas,0.00662,5508.0,5361.0,5404.0,5669.0,6195.0,4850.0,4837.0,5130.0,6891.0,6976.0,7109.0,6699.0,6702.0,8589.0,7175.0,7533.0,8634.0,8541.0,9015.0,8188.0,8972.0,8203.0,8507.0,7933.0,8309.0,7897.0,8276.0,8213.0,7393.0,7483.0,6950.0,8171.0,8427.0,
MEX.5.57_2,21230089.0,MEX,Mapastepec,0.00546,4369.0,4417.0,4237.0,3640.0,3621.0,4088.0,4276.0,4127.0,4175.0,4840.0,4590.0,4697.0,4156.0,4723.0,4227.0,4100.0,5529.0,5269.0,3984.0,4761.0,4973.0,4792.0,4740.0,4598.0,4954.0,4708.0,5736.0,5487.0,5986.0,5821.0,7190.0,7657.0,7897.0,
MEX.5.58_2,21230090.0,MEX,Maravilla Tenejapa,0.00564,4525.0,4773.0,4360.0,4104.0,4217.0,4113.0,3720.0,4377.0,3949.0,4531.0,4761.0,4753.0,4558.0,5470.0,5315.0,4695.0,6248.0,7442.0,7328.0,6950.0,6614.0,6271.0,6054.0,5868.0,6098.0,5606.0,5541.0,5148.0,5617.0,5371.0,5239.0,5349.0,5527.0,
MEX.5.59_2,21230091.0,MEX,Marqués de Comillas,0.0,6016.0,6179.0,5823.0,5842.0,5626.0,5860.0,5723.0,6074.0,5880.0,6506.0,6327.0,6176.0,5743.0,7339.0,7104.0,6227.0,7486.0,8481.0,7936.0,7355.0,7273.0,6555.0,6302.0,6009.0,6363.0,5456.0,5619.0,4977.0,5554.0,5313.0,5201.0,5325.0,5502.0,
MEX.5.60_2,21230092.0,MEX,Mazapa de Madero,0.00229,4863.0,4480.0,5954.0,9268.0,9371.0,5701.0,4724.0,5383.0,5837.0,6133.0,7007.0,6634.0,6155.0,8435.0,8810.0,9022.0,9953.0,9724.0,9250.0,9099.0,10117.0,9312.0,9704.0,9030.0,9156.0,8120.0,8449.0,8691.0,7929.0,7650.0,6982.0,7596.0,7834.0,
MEX.5.61_2,21230093.0,MEX,Mazatán,-0.00512,7178.0,7056.0,7651.0,7096.0,7545.0,7634.0,7141.0,7600.0,7503.0,7962.0,6014.0,4411.0,4589.0,4742.0,5039.0,4771.0,8737.0,7585.0,6089.0,5775.0,5122.0,4629.0,3956.0,5198.0,5516.0,5416.0,4744.0,5027.0,5026.0,5081.0,5249.0,5316.0,5498.0,
MEX.5.62_2,21230094.0,MEX,Metapa,-0.01184,10062.0,11439.0,12199.0,12556.0,12827.0,12155.0,13436.0,12320.0,11908.0,13246.0,13417.0,11454.0,11007.0,12366.0,11892.0,10937.0,13415.0,11516.0,10200.0,9215.0,10158.0,8687.0,7682.0,7499.0,7608.0,6635.0,6329.0,6287.0,6927.0,6255.0,6953.0,6540.0,6729.0,
MEX.5.63_2,21230095.0,MEX,Mitontic,0.0,7354.0,6040.0,7329.0,8043.0,7586.0,6670.0,6226.0,6665.0,8916.0,9650.0,9739.0,9887.0,9818.0,7283.0,6613.0,6875.0,8629.0,8101.0,7512.0,7471.0,8135.0,6767.0,8821.0,8978.0,9726.0,8518.0,8096.0,7619.0,7587.0,7863.0,7181.0,7391.0,7622.0,
MEX.5.64_2,21230096.0,MEX,Montecristo de Guerrero,-0.00585,5471.0,6399.0,8332.0,10806.0,10927.0,6568.0,3460.0,3759.0,5529.0,6225.0,5675.0,5665.0,5543.0,6407.0,5400.0,5101.0,5041.0,4461.0,4570.0,4636.0,5244.0,5081.0,5133.0,4809.0,4956.0,4750.0,4550.0,4562.0,4462.0,4111.0,4220.0,4069.0,4289.0,
MEX.5.65_2,21230097.0,MEX,Motozintla,0.01777,4443.0,4337.0,4699.0,4366.0,5396.0,4719.0,5211.0,5512.0,5975.0,6297.0,5236.0,7155.0,7469.0,10291.0,9024.0,9398.0,8911.0,13067.0,12767.0,12289.0,14228.0,13845.0,10448.0,9917.0,7656.0,7871.0,8141.0,8375.0,8378.0,7516.0,7111.0,7716.0,7958.0,
MEX.5.66_2,21230098.0,MEX,Nicolás Ruíz,0.00149,5925.0,5141.0,5033.0,4306.0,4694.0,4840.0,4669.0,4752.0,4672.0,4957.0,4821.0,4881.0,5026.0,5986.0,4927.0,5222.0,5360.0,5409.0,4825.0,4929.0,6133.0,5667.0,5124.0,5267.0,4956.0,4415.0,4418.0,4654.0,5522.0,5153.0,5132.0,5231.0,5625.0,
MEX.5.67_2,21230099.0,MEX,Ocosingo,0.01167,2203.0,2530.0,2521.0,1910.0,2386.0,2270.0,2156.0,2659.0,3770.0,3851.0,4144.0,2730.0,2553.0,4144.0,3486.0,3255.0,3577.0,3550.0,4476.0,4620.0,4263.0,4345.0,4237.0,4800.0,4961.0,4788.0,4991.0,3771.0,3566.0,3120.0,3689.0,3878.0,4002.0,
MEX.5.68_2,21230100.0,MEX,Ocotepec,0.00869,3226.0,3509.0,3293.0,2921.0,4169.0,3427.0,4030.0,4112.0,5100.0,5178.0,5036.0,5248.0,4942.0,5708.0,5204.0,5804.0,6202.0,6279.0,7593.0,7407.0,6317.0,6373.0,5815.0,5519.0,5503.0,5869.0,5350.0,4321.0,4539.0,4734.0,4528.0,4675.0,5171.0,
MEX.5.69_2,21230101.0,MEX,Ocozocoautla de Espinosa,0.0057,5593.0,5689.0,5593.0,5627.0,5643.0,5592.0,5351.0,5836.0,6209.0,6613.0,6813.0,6495.0,5663.0,7068.0,6656.0,6411.0,8697.0,8698.0,8081.0,8586.0,9620.0,8144.0,7495.0,7937.0,8830.0,7673.0,5970.0,5961.0,5749.0,5568.0,5448.0,5765.0,6090.0,
MEX.5.70_2,21230102.0,MEX,Ostuacán,0.00512,4291.0,4790.0,4239.0,4480.0,4541.0,3964.0,3633.0,4818.0,4696.0,5010.0,5588.0,4982.0,4952.0,6041.0,5090.0,5646.0,5706.0,5686.0,7024.0,5940.0,6568.0,6198.0,5596.0,5825.0,5533.0,5264.0,5273.0,5409.0,5151.0,5335.0,5067.0,5214.0,5431.0,
MEX.5.71_2,21230103.0,MEX,Osumacinta,0.0,4947.0,5036.0,4857.0,4361.0,4684.0,4839.0,4818.0,4671.0,4812.0,5239.0,4743.0,4735.0,4662.0,5619.0,5229.0,5290.0,5063.0,4997.0,4516.0,4901.0,6093.0,5868.0,5219.0,5665.0,5218.0,5107.0,4062.0,4590.0,4674.0,4498.0,4317.0,4460.0,4600.0,
MEX.5.72_2,21230104.0,MEX,Oxchuc,0.00769,5230.0,5324.0,5933.0,5648.0,6569.0,5271.0,5268.0,5137.0,5641.0,6512.0,5336.0,6355.0,6367.0,7324.0,7072.0,6223.0,7641.0,7933.0,8084.0,6773.0,7140.0,6931.0,8988.0,7144.0,7395.0,7207.0,10943.0,11570.0,12387.0,9978.0,7747.0,7300.0,8508.0,
MEX.5.73_2,21230105.0,MEX,Palenque,0.00602,3597.0,3932.0,3379.0,3434.0,3578.0,3127.0,2647.0,3835.0,4066.0,3855.0,3672.0,2653.0,2860.0,4176.0,3797.0,4410.0,4264.0,4201.0,4624.0,4419.0,4869.0,5183.0,5811.0,5667.0,4575.0,4913.0,5075.0,4103.0,4289.0,4502.0,4454.0,4694.0,4723.0,
MEX.5.74_2,21230106.0,MEX,Pantelhó,0.01848,2471.0,2593.0,2205.0,2241.0,1814.0,2271.0,1683.0,2324.0,4699.0,4847.0,3527.0,3588.0,3379.0,4491.0,3884.0,4711.0,4611.0,4731.0,5778.0,6470.0,6451.0,5702.0,5500.0,6051.0,5795.0,6128.0,7695.0,6959.0,6848.0,8094.0,8364.0,8219.0,8477.0,
MEX.5.75_2,21230107.0,MEX,Pantepec,0.00177,5269.0,4728.0,4163.0,4190.0,4890.0,5796.0,6656.0,6662.0,8745.0,9248.0,9097.0,8482.0,8203.0,8761.0,8782.0,7813.0,9719.0,9576.0,9093.0,9021.0,9628.0,8949.0,9248.0,8641.0,9527.0,9010.0,8216.0,8167.0,7913.0,7501.0,7523.0,7400.0,7627.0,
MEX.5.76_2,21230108.0,MEX,Pichucalco,0.00849,3627.0,3583.0,3237.0,3641.0,4262.0,3189.0,3540.0,3179.0,5912.0,5971.0,5618.0,4092.0,3640.0,5542.0,5173.0,6090.0,5879.0,5850.0,6107.0,5792.0,6191.0,6656.0,5907.0,7017.0,6489.0,7158.0,7045.0,4485.0,4300.0,3908.0,4013.0,4376.0,4513.0,
MEX.5.77_2,21230109.0,MEX,Pijijiapan,0.00695,3433.0,3545.0,3454.0,3015.0,3331.0,3491.0,3534.0,3749.0,5632.0,6573.0,6392.0,4580.0,3710.0,6018.0,5502.0,6463.0,7843.0,7812.0,9681.0,8778.0,7052.0,6228.0,6239.0,5370.0,5550.0,5911.0,4056.0,3963.0,4059.0,4496.0,4027.0,4263.0,4468.0,
MEX.5.78_2,21230110.0,MEX,Pueblo Nuevo Solistahuacán,0.00547,4310.0,4417.0,4467.0,4741.0,4794.0,4580.0,4614.0,5422.0,6870.0,7014.0,5921.0,5881.0,7028.0,8044.0,6368.0,6332.0,7312.0,7530.0,6089.0,7809.0,7507.0,7636.0,7818.0,8199.0,6557.0,7420.0,6409.0,5957.0,5990.0,5785.0,5426.0,5884.0,6063.0,
MEX.5.79_2,21230111.0,MEX,Rayón,0.00425,5649.0,5320.0,4828.0,5056.0,5249.0,6678.0,5422.0,5713.0,7595.0,8359.0,7871.0,9252.0,9567.0,10167.0,9517.0,9213.0,10356.0,10319.0,10133.0,9914.0,10784.0,10090.0,10432.0,9402.0,9671.0,9105.0,8776.0,8619.0,8961.0,8568.0,8013.0,7802.0,8046.0,
MEX.5.80_2,21230112.0,MEX,Reforma,-0.00221,6114.0,6484.0,6439.0,6549.0,6667.0,7167.0,7618.0,6954.0,6805.0,7685.0,7601.0,6949.0,6936.0,7314.0,7136.0,6697.0,7684.0,7682.0,6210.0,5585.0,6090.0,5651.0,5607.0,5278.0,5470.0,5396.0,5529.0,5465.0,6668.0,6348.0,6082.0,6333.0,6513.0,
MEX.5.81_2,21230113.0,MEX,Sabanilla,0.00559,3257.0,3521.0,3309.0,3008.0,3301.0,3251.0,3515.0,3913.0,4383.0,4189.0,4261.0,4253.0,4270.0,4571.0,4158.0,3883.0,4030.0,3830.0,4342.0,4118.0,4432.0,4529.0,4675.0,4756.0,4915.0,5544.0,5987.0,4376.0,4312.0,4673.0,4930.0,5261.0,4442.0,
MEX.5.82_2,21230114.0,MEX,Salto de Agua,0.0069,4485.0,4605.0,4322.0,4285.0,4346.0,4329.0,3894.0,4477.0,5039.0,5103.0,4963.0,3832.0,3943.0,6150.0,5553.0,6154.0,6506.0,6525.0,7685.0,7542.0,6533.0,6480.0,6164.0,6813.0,5952.0,6527.0,6522.0,5240.0,5878.0,6096.0,5612.0,5960.0,6087.0,
MEX.5.83_2,21230115.0,MEX,San Andrés Duraznal,0.01157,2864.0,3046.0,3300.0,3578.0,3618.0,2958.0,2288.0,2903.0,5454.0,5653.0,4444.0,3930.0,6098.0,6173.0,5346.0,4992.0,5679.0,5771.0,5160.0,5703.0,6284.0,6064.0,8552.0,7355.0,5802.0,6546.0,7774.0,6769.0,6906.0,6630.0,6390.0,6707.0,6912.0,
MEX.5.84_2,21230116.0,MEX,San Cristóbal de las Casas,-0.01059,17135.0,16935.0,18258.0,18665.0,18274.0,19202.0,19876.0,19045.0,17916.0,15388.0,15587.0,15128.0,14246.0,13217.0,12979.0,12296.0,9226.0,9031.0,8601.0,8090.0,8259.0,11927.0,11740.0,11603.0,11993.0,11268.0,11061.0,10364.0,10354.0,9984.0,9318.0,9696.0,9999.0,
MEX.5.85_2,21230117.0,MEX,San Fernando,-0.00335,9425.0,9699.0,9555.0,9564.0,10306.0,9051.0,10086.0,9370.0,8678.0,9334.0,10355.0,8881.0,8349.0,9198.0,8912.0,8269.0,10580.0,10558.0,10888.0,9526.0,9955.0,8697.0,8761.0,8270.0,8888.0,7814.0,7492.0,7187.0,7092.0,6826.0,7269.0,7421.0,7637.0,
MEX.5.86_2,21230118.0,MEX,San Juan Cancuc,-0.00442,7029.0,7724.0,7656.0,10465.0,11624.0,7110.0,7135.0,6962.0,11260.0,11549.0,11663.0,12662.0,11924.0,13779.0,12547.0,12015.0,8072.0,8038.0,8795.0,7326.0,8512.0,8584.0,7787.0,8340.0,7295.0,7428.0,8253.0,8314.0,8612.0,7662.0,7031.0,7737.0,7818.0,
MEX.5.87_2,21230119.0,MEX,San Lucas,-0.0009,9532.0,9578.0,10016.0,9607.0,9580.0,9784.0,9164.0,9157.0,8804.0,9511.0,7464.0,9674.0,9352.0,9681.0,9412.0,9170.0,9442.0,9519.0,8312.0,9236.0,10578.0,10333.0,9732.0,9518.0,9483.0,9062.0,8294.0,9080.0,8867.0,8073.0,6801.0,6918.0,7145.0,
MEX.5.88_2,21230120.0,MEX,Santiago el Pinar,0.00239,5895.0,5912.0,5848.0,5308.0,5368.0,4308.0,4515.0,4508.0,5013.0,5027.0,4882.0,4873.0,5448.0,6369.0,5667.0,5571.0,5461.0,5447.0,4315.0,5176.0,6129.0,5980.0,5813.0,5426.0,5485.0,5234.0,5816.0,5343.0,5390.0,6569.0,8572.0,7573.0,7848.0,
MEX.5.89_2,21230121.0,MEX,Siltepec,0.00687,4340.0,4548.0,4431.0,4502.0,4355.0,4261.0,4227.0,4363.0,5224.0,5455.0,5305.0,4458.0,4110.0,5922.0,5345.0,6381.0,7086.0,7109.0,8674.0,8226.0,7316.0,6992.0,6297.0,7053.0,6449.0,7005.0,6065.0,4802.0,5851.0,6208.0,5661.0,6008.0,6191.0,
MEX.5.90_2,21230122.0,MEX,Simojovel,0.01324,3774.0,3881.0,3706.0,3537.0,4201.0,3865.0,3746.0,3765.0,4726.0,4882.0,5518.0,4078.0,3943.0,4944.0,4901.0,5032.0,6191.0,6999.0,6792.0,6441.0,6932.0,9430.0,9671.0,7297.0,7316.0,7549.0,8771.0,8353.0,7971.0,8191.0,8351.0,8863.0,8736.0,
MEX.5.91_2,21230123.0,MEX,Sitalá,0.0121,3118.0,3350.0,3411.0,2829.0,3342.0,3291.0,2702.0,2905.0,4650.0,4502.0,3827.0,4283.0,4364.0,4661.0,4229.0,3949.0,4312.0,4369.0,4563.0,5824.0,6418.0,6103.0,5672.0,6337.0,5387.0,6137.0,7089.0,6145.0,5301.0,4981.0,6775.0,7471.0,7705.0,
MEX.5.92_2,21230124.0,MEX,Socoltenango,0.0026,4759.0,5150.0,5143.0,4479.0,4562.0,4648.0,4519.0,4213.0,4861.0,5258.0,5114.0,5319.0,5260.0,6077.0,5663.0,4985.0,5316.0,5513.0,4997.0,5515.0,6965.0,6258.0,5804.0,6072.0,5935.0,5536.0,4568.0,4894.0,4991.0,5283.0,5090.0,5268.0,5359.0,
MEX.5.93_2,21230125.0,MEX,Solosuchiapa,0.00477,5304.0,5424.0,4804.0,5189.0,4829.0,5031.0,4740.0,4965.0,6513.0,7105.0,6909.0,4800.0,4453.0,7300.0,6378.0,6975.0,6772.0,6998.0,9591.0,7667.0,7786.0,7224.0,6853.0,7638.0,7091.0,7421.0,5951.0,5626.0,6144.0,6027.0,6882.0,6035.0,6264.0,
MEX.5.94_2,21230126.0,MEX,Soyaló,0.00239,4618.0,4674.0,4745.0,4050.0,4912.0,4326.0,3801.0,4266.0,4450.0,4419.0,4297.0,4298.0,4170.0,5663.0,4934.0,5098.0,5037.0,4781.0,4368.0,4831.0,6015.0,5879.0,6187.0,6201.0,5852.0,5743.0,4743.0,4527.0,4573.0,4788.0,4474.0,4751.0,4714.0,
MEX.5.95_2,21230127.0,MEX,Suchiapa,-0.00334,9210.0,9264.0,8931.0,9202.0,9271.0,8715.0,10009.0,9560.0,8195.0,9574.0,10662.0,8430.0,7978.0,8810.0,8846.0,8139.0,10127.0,10262.0,10704.0,9419.0,9881.0,8476.0,8460.0,7993.0,8753.0,7837.0,7458.0,7446.0,7309.0,7035.0,6669.0,6971.0,7371.0,
MEX.5.96_2,21230128.0,MEX,Suchiate,0.00155,4154.0,4599.0,4309.0,4668.0,4225.0,4114.0,3668.0,4485.0,4702.0,4142.0,3929.0,3814.0,3462.0,3910.0,4207.0,3566.0,4126.0,4344.0,4582.0,4332.0,4675.0,4785.0,5127.0,4866.0,4712.0,4858.0,3813.0,4007.0,4147.0,4356.0,4547.0,4385.0,4522.0,
MEX.5.97_2,21230129.0,MEX,Sunuapa,0.00509,4119.0,4251.0,4320.0,4374.0,4478.0,4283.0,3667.0,3884.0,4303.0,4718.0,4588.0,4570.0,4429.0,5718.0,4695.0,5022.0,5081.0,5059.0,5661.0,5369.0,6378.0,5773.0,5751.0,5902.0,5832.0,5285.0,5674.0,5296.0,4747.0,4680.0,4407.0,4017.0,4145.0,
MEX.5.98_2,21230130.0,MEX,Tapachula,-0.00351,11423.0,12060.0,11669.0,12040.0,11708.0,11359.0,10519.0,12040.0,11705.0,8321.0,8660.0,8421.0,7647.0,8697.0,8130.0,9567.0,11047.0,10121.0,9718.0,9065.0,9571.0,9439.0,10226.0,9148.0,9505.0,9774.0,9144.0,9153.0,8942.0,8944.0,8274.0,8603.0,8872.0,
MEX.5.99_2,21230131.0,MEX,Tapalapa,0.01343,3865.0,3995.0,3917.0,3705.0,4522.0,3964.0,3679.0,4087.0,5069.0,5322.0,5176.0,3753.0,3299.0,4800.0,4547.0,4804.0,5314.0,5178.0,7713.0,6576.0,6034.0,5473.0,7546.0,7162.0,6995.0,7414.0,8454.0,7289.0,7737.0,8575.0,8322.0,8767.0,9264.0,
MEX.5.100_2,21230132.0,MEX,Tapilula,0.00961,4135.0,4981.0,5060.0,5746.0,5807.0,4389.0,3814.0,4477.0,5321.0,5051.0,6631.0,5589.0,5263.0,5960.0,5948.0,5460.0,6527.0,6403.0,7880.0,6327.0,6723.0,6546.0,6201.0,6600.0,7091.0,6407.0,9164.0,8938.0,8121.0,8498.0,8670.0,10387.0,10272.0,
MEX.5.101_2,21230133.0,MEX,Tecpatán,0.00226,5042.0,4890.0,4827.0,4315.0,4628.0,4554.0,3937.0,4659.0,5846.0,5904.0,6165.0,6154.0,5154.0,6133.0,5569.0,5396.0,7017.0,6939.0,7069.0,6704.0,7550.0,6085.0,5385.0,5808.0,6195.0,5233.0,4851.0,4933.0,4780.0,4615.0,5001.0,5078.0,5639.0,
MEX.5.102_2,21230134.0,MEX,Tenejapa,0.00468,6186.0,6296.0,6462.0,6169.0,6492.0,6415.0,6433.0,6554.0,7219.0,8914.0,7662.0,8766.0,7438.0,7665.0,7930.0,6966.0,8477.0,7963.0,9105.0,7505.0,7630.0,7398.0,9554.0,8912.0,9526.0,8702.0,7929.0,7855.0,7599.0,7409.0,7779.0,8017.0,8268.0,
MEX.5.103_2,21230135.0,MEX,Teopisca,-0.00155,6283.0,6030.0,6722.0,6397.0,7888.0,6942.0,6450.0,7817.0,7895.0,10027.0,10175.0,11636.0,10691.0,7416.0,6703.0,6789.0,7021.0,7610.0,7395.0,7014.0,8077.0,7521.0,7176.0,7545.0,7664.0,7324.0,7290.0,7115.0,6631.0,6225.0,6057.0,6249.0,6445.0,
MEX.5.104_2,21230136.0,MEX,Tila,0.01638,2853.0,3002.0,2659.0,2660.0,3116.0,2630.0,2481.0,3061.0,3406.0,3834.0,3945.0,2837.0,3128.0,4217.0,3677.0,3433.0,3499.0,3967.0,5037.0,5482.0,5259.0,5182.0,5289.0,4997.0,4731.0,5591.0,7133.0,7343.0,8230.0,8259.0,7349.0,7791.0,8037.0,
MEX.5.105_2,21230137.0,MEX,Tonalá,0.00713,6075.0,6204.0,5930.0,6402.0,5718.0,6150.0,5758.0,6009.0,6554.0,8218.0,7992.0,7732.0,6641.0,8735.0,8548.0,8064.0,9153.0,9429.0,9799.0,9293.0,10327.0,9448.0,8969.0,9042.0,9734.0,8773.0,8318.0,7397.0,7939.0,8583.0,8585.0,9135.0,9383.0,
MEX.5.106_2,21230138.0,MEX,Totolapa,0.0,4570.0,4692.0,4850.0,4367.0,4906.0,4812.0,4483.0,4699.0,4896.0,5570.0,5205.0,5196.0,4829.0,6366.0,5821.0,5704.0,4954.0,4762.0,4420.0,4922.0,6559.0,5680.0,5514.0,5445.0,5868.0,5266.0,4755.0,4660.0,4615.0,4431.0,4017.0,4030.0,4157.0,
MEX.5.107_2,21230139.0,MEX,Tumbalá,0.00786,3784.0,4029.0,3746.0,3353.0,4421.0,3676.0,3392.0,3715.0,4254.0,4096.0,3983.0,3894.0,3667.0,4429.0,3891.0,4724.0,5436.0,5431.0,6568.0,6723.0,5677.0,6044.0,5955.0,6570.0,6165.0,5778.0,5531.0,4656.0,5073.0,5344.0,4423.0,4733.0,4884.0,
MEX.5.108_2,21230140.0,MEX,Tuxtla Chico,-0.01144,10636.0,10895.0,11882.0,12071.0,12277.0,12477.0,14150.0,12871.0,12356.0,13972.0,14006.0,13311.0,11347.0,13189.0,12932.0,11779.0,13697.0,12261.0,10716.0,10134.0,11021.0,9888.0,9722.0,9355.0,9589.0,9063.0,7290.0,7240.0,6848.0,6560.0,6515.0,6825.0,7023.0,
MEX.5.109_2,21230141.0,MEX,Tuxtla Gutiérrez,-0.00797,16784.0,16573.0,17915.0,18309.0,17843.0,18781.0,19068.0,18614.0,17498.0,15306.0,15488.0,15052.0,18445.0,20492.0,20119.0,18757.0,13307.0,13071.0,12557.0,11944.0,12527.0,15824.0,15695.0,15290.0,15803.0,14839.0,14753.0,13467.0,10364.0,9993.0,9328.0,9706.0,10009.0,
MEX.5.110_2,21230142.0,MEX,Tuzantán,0.0,7235.0,7346.0,6458.0,6731.0,7090.0,7081.0,7844.0,7305.0,6801.0,7691.0,8419.0,7025.0,6518.0,7152.0,6832.0,6720.0,9635.0,9707.0,10428.0,9110.0,9486.0,8197.0,8207.0,7766.0,8395.0,7552.0,7109.0,7400.0,7343.0,6629.0,6126.0,6303.0,6448.0,
MEX.5.111_2,21230143.0,MEX,Tzimol,0.0,7628.0,6366.0,6278.0,6219.0,6524.0,5989.0,5640.0,5911.0,5596.0,6629.0,6692.0,6437.0,6220.0,6793.0,6712.0,6148.0,7269.0,7169.0,7504.0,6450.0,7074.0,6221.0,6981.0,6328.0,6926.0,5392.0,5417.0,5224.0,5246.0,5270.0,5541.0,5716.0,5896.0,
MEX.5.112_2,21230144.0,MEX,Unión Juárez,0.0023,6050.0,6212.0,5779.0,8078.0,8168.0,4965.0,4788.0,5196.0,5584.0,5498.0,5981.0,7243.0,7281.0,8855.0,8664.0,8240.0,8616.0,7817.0,8399.0,7738.0,9021.0,8893.0,9721.0,7879.0,7976.0,7532.0,7905.0,8468.0,7326.0,6858.0,6703.0,6742.0,6953.0,
MEX.5.113_2,21230145.0,MEX,Venustiano Carranza,0.01169,3471.0,3829.0,3899.0,3905.0,3949.0,3786.0,4022.0,3689.0,5397.0,5640.0,5118.0,4117.0,3861.0,4592.0,4169.0,5150.0,5281.0,5325.0,4857.0,5102.0,5622.0,6043.0,7013.0,6331.0,5629.0,6247.0,8202.0,7581.0,8570.0,7245.0,7790.0,8593.0,8862.0,
MEX.5.114_2,21230146.0,MEX,Villa Comaltitlán,-0.00222,5103.0,5230.0,5851.0,5420.0,6360.0,5030.0,4293.0,4649.0,5195.0,5093.0,4792.0,4784.0,4669.0,5802.0,5341.0,5136.0,4975.0,4842.0,4494.0,4759.0,6251.0,5515.0,5314.0,5174.0,5337.0,4982.0,4056.0,4120.0,4291.0,4152.0,4127.0,4310.0,4482.0,
MEX.5.115_2,21230147.0,MEX,Villa Corzo,0.0,5485.0,5637.0,5267.0,5278.0,5337.0,5207.0,5469.0,5712.0,7021.0,6847.0,6659.0,6080.0,5958.0,7513.0,6809.0,7042.0,7333.0,6726.0,9385.0,7529.0,6606.0,6732.0,6677.0,7717.0,7165.0,7052.0,6759.0,5766.0,5706.0,5453.0,5012.0,5341.0,5520.0,
MEX.5.116_2,21230148.0,MEX,Villaflores,0.00515,5706.0,6306.0,5826.0,6332.0,6403.0,5769.0,5124.0,5341.0,6586.0,9569.0,10816.0,6875.0,6679.0,9678.0,9021.0,9484.0,11037.0,9508.0,10359.0,9964.0,8551.0,7895.0,8105.0,8400.0,8013.0,8422.0,8785.0,7139.0,7556.0,8497.0,8694.0,9659.0,10090.0,
MEX.5.117_2,21230149.0,MEX,Yajalón,0.00255,5354.0,4634.0,4430.0,4568.0,6105.0,5073.0,8411.0,10829.0,10594.0,12167.0,13221.0,12765.0,11952.0,14083.0,13176.0,12548.0,14718.0,14758.0,14733.0,13277.0,13944.0,13271.0,13958.0,11865.0,12714.0,12163.0,13129.0,12554.0,12802.0,12004.0,11147.0,11760.0,12131.0,
MEX.5.118_2,21230150.0,MEX,Zinacantán,-0.0045,7590.0,7665.0,8239.0,8316.0,8276.0,8307.0,9341.0,8200.0,8195.0,9116.0,8835.0,8723.0,8501.0,10780.0,9740.0,8784.0,8972.0,8861.0,6807.0,6468.0,6845.0,7144.0,8429.0,7357.0,8447.0,7354.0,8029.0,6722.0,6486.0,5686.0,5397.0,5674.0,5835.0,
MEX.6.1_2,21230151.0,MEX,Ahumada,0.0,12445.0,12301.0,12264.0,12359.0,13146.0,11238.0,11724.0,13639.0,14778.0,16123.0,15809.0,16528.0,12918.0,8648.0,8078.0,8296.0,8212.0,8084.0,7855.0,6858.0,6179.0,7605.0,8736.0,9297.0,9867.0,11370.0,11526.0,13489.0,13660.0,14421.0,18021.0,19230.0,19791.0,
MEX.6.2_2,21230152.0,MEX,Aldama,0.0,15072.0,14577.0,16067.0,16036.0,18464.0,18452.0,21021.0,24994.0,27750.0,27669.0,25623.0,31112.0,25665.0,16608.0,17666.0,17391.0,18559.0,18861.0,18340.0,16177.0,15663.0,16815.0,19883.0,19368.0,19991.0,22899.0,21546.0,23239.0,19730.0,18532.0,17564.0,20543.0,21307.0,
MEX.6.3_2,21230153.0,MEX,Allende,0.0,15226.0,15916.0,17628.0,17139.0,18798.0,21628.0,22702.0,26574.0,27893.0,27546.0,23366.0,30403.0,25250.0,16165.0,16690.0,16408.0,17885.0,18124.0,17671.0,15378.0,14124.0,15966.0,19256.0,18301.0,19508.0,21529.0,24827.0,25063.0,19816.0,18980.0,18305.0,20219.0,20971.0,
MEX.6.4_2,21230154.0,MEX,Aquiles Serdán,0.00306,11462.0,11518.0,12126.0,12325.0,13141.0,11319.0,13613.0,14962.0,14203.0,14672.0,16205.0,14693.0,16042.0,10266.0,9937.0,10312.0,10732.0,11111.0,10857.0,9574.0,10914.0,9463.0,11888.0,11965.0,12431.0,13532.0,15889.0,14277.0,15375.0,16480.0,15997.0,17674.0,18797.0,
MEX.6.5_2,21230155.0,MEX,Ascensión,0.0,11844.0,12169.0,10104.0,10925.0,12921.0,10938.0,11592.0,16660.0,18108.0,21131.0,21116.0,21463.0,16093.0,10186.0,10729.0,9923.0,10376.0,10424.0,10014.0,8850.0,10204.0,9226.0,11412.0,13180.0,13860.0,15421.0,14807.0,14261.0,12912.0,11932.0,15105.0,17051.0,17662.0,
MEX.6.6_2,21230156.0,MEX,Bachíniva,0.0,9700.0,9750.0,10043.0,10532.0,12578.0,10595.0,12033.0,15322.0,16845.0,20022.0,19219.0,19237.0,14649.0,8486.0,8362.0,8408.0,9119.0,9122.0,8889.0,7232.0,6177.0,7863.0,9774.0,10768.0,11569.0,13476.0,12157.0,13231.0,12403.0,12166.0,11213.0,12318.0,12765.0,
MEX.6.7_2,21230157.0,MEX,Balleza,0.0,10909.0,12033.0,12748.0,12592.0,15144.0,11615.0,14360.0,16903.0,18477.0,21390.0,20837.0,20361.0,17194.0,10000.0,10084.0,10091.0,11409.0,11622.0,11268.0,9236.0,8422.0,9626.0,11532.0,12504.0,13334.0,15763.0,15140.0,16539.0,15371.0,15337.0,12967.0,14655.0,15183.0,
MEX.6.8_2,21230158.0,MEX,Batopilas,0.0,11332.0,11689.0,12595.0,10999.0,14365.0,12807.0,14302.0,16610.0,18707.0,22422.0,21925.0,20925.0,18085.0,10762.0,10909.0,10840.0,12268.0,12578.0,12038.0,9801.0,10051.0,10296.0,12383.0,12613.0,13261.0,15763.0,15826.0,16475.0,15265.0,15172.0,14696.0,16278.0,16863.0,
MEX.6.9_2,21230159.0,MEX,Bocoyna,0.0,12802.0,12260.0,11923.0,12712.0,15516.0,13112.0,14241.0,17522.0,19308.0,22032.0,21276.0,21338.0,16727.0,10593.0,10200.0,10229.0,10950.0,10795.0,10519.0,9251.0,8324.0,9753.0,11907.0,12978.0,13618.0,15422.0,14702.0,15943.0,15307.0,15301.0,14265.0,15980.0,16554.0,
MEX.6.10_2,21230160.0,MEX,Buenaventura,0.0,9414.0,9639.0,10282.0,10693.0,13080.0,11002.0,12503.0,15388.0,17716.0,20154.0,18887.0,19250.0,15313.0,8894.0,8761.0,8597.0,9115.0,9287.0,9040.0,7623.0,6619.0,8411.0,10174.0,11120.0,11721.0,13314.0,12719.0,13767.0,12351.0,11871.0,11702.0,12803.0,13267.0,
MEX.6.11_2,21230161.0,MEX,Camargo,-0.00269,10435.0,11465.0,12240.0,11997.0,14710.0,14875.0,16541.0,20348.0,21825.0,20353.0,21029.0,22648.0,19904.0,13955.0,14009.0,13260.0,14334.0,13446.0,12054.0,11097.0,11838.0,12087.0,12699.0,14150.0,15057.0,16404.0,14953.0,14571.0,11401.0,12202.0,11652.0,12465.0,12897.0,
MEX.6.12_2,21230162.0,MEX,Carichí,0.0,11632.0,11221.0,11871.0,12474.0,14497.0,13047.0,14418.0,17023.0,18639.0,21599.0,20985.0,20758.0,17392.0,10327.0,10163.0,10171.0,11543.0,11762.0,11462.0,9429.0,8420.0,9641.0,11658.0,12740.0,13508.0,15824.0,15220.0,15750.0,14596.0,14569.0,13791.0,15568.0,16128.0,
MEX.6.13_2,21230163.0,MEX,Casas Grandes,0.0,17021.0,16878.0,18132.0,18580.0,21984.0,19648.0,21486.0,26336.0,29842.0,26756.0,24802.0,29916.0,24037.0,15991.0,17086.0,17172.0,19906.0,19238.0,18161.0,16578.0,15839.0,16550.0,20437.0,18593.0,20908.0,22844.0,24677.0,25618.0,22233.0,19333.0,18374.0,20918.0,22354.0,
MEX.6.14_2,21230164.0,MEX,Chihuahua,0.0,20543.0,21291.0,20459.0,19508.0,20176.0,17800.0,19582.0,21843.0,25027.0,23582.0,24745.0,24579.0,20643.0,13808.0,14606.0,14979.0,16075.0,15170.0,14737.0,12781.0,13567.0,14270.0,16153.0,18073.0,16814.0,19442.0,18205.0,20528.0,21798.0,21824.0,21875.0,24736.0,25567.0,
MEX.6.15_2,21230165.0,MEX,Chínipas,0.00349,8646.0,9154.0,9967.0,9556.0,13070.0,11055.0,12870.0,14505.0,16212.0,19371.0,20123.0,18381.0,15433.0,9055.0,9204.0,9142.0,10232.0,10641.0,10296.0,8267.0,9018.0,8441.0,10778.0,11077.0,11582.0,14024.0,13957.0,13975.0,13468.0,13370.0,12971.0,14334.0,14851.0,
MEX.6.16_2,21230166.0,MEX,Coronado,0.0,12191.0,12002.0,12117.0,12000.0,14137.0,11221.0,12013.0,13711.0,14602.0,16757.0,17030.0,17186.0,13563.0,8609.0,8545.0,8718.0,8885.0,8752.0,8515.0,7466.0,6619.0,8023.0,9016.0,9649.0,10327.0,12227.0,12326.0,14250.0,14264.0,15650.0,17975.0,19179.0,19738.0,
MEX.6.17_2,21230167.0,MEX,Coyame del Sotol,0.0,11339.0,11221.0,11800.0,12381.0,14497.0,12491.0,13711.0,17023.0,18639.0,21730.0,21345.0,21015.0,17471.0,10408.0,10163.0,10171.0,11543.0,11762.0,11462.0,9429.0,8420.0,9641.0,11658.0,12740.0,13508.0,15824.0,14242.0,15750.0,14522.0,14514.0,13266.0,15568.0,16128.0,
MEX.6.18_2,21230168.0,MEX,Cuauhtémoc,0.00294,10243.0,10803.0,11280.0,11667.0,12382.0,11954.0,13465.0,15325.0,17084.0,19070.0,20613.0,19057.0,17665.0,11136.0,11148.0,12228.0,12022.0,12805.0,13884.0,12007.0,12821.0,10663.0,12386.0,11702.0,12044.0,14584.0,15758.0,14396.0,13986.0,14420.0,14396.0,15656.0,16240.0,
MEX.6.19_2,21230169.0,MEX,Cusihuiriachi,0.0028,10095.0,10682.0,11274.0,11721.0,13836.0,12166.0,13436.0,15797.0,16935.0,16792.0,18024.0,18865.0,18512.0,11303.0,11113.0,11353.0,11867.0,12698.0,12503.0,11295.0,12449.0,10633.0,12535.0,11829.0,12332.0,13999.0,14655.0,13885.0,14464.0,15936.0,15255.0,16565.0,17238.0,
MEX.6.20_2,21230170.0,MEX,Delicias,0.0,20490.0,20445.0,21974.0,22221.0,22796.0,10877.0,13181.0,13992.0,16531.0,16587.0,18161.0,16292.0,16642.0,11075.0,11028.0,10023.0,10974.0,10278.0,10601.0,9367.0,9991.0,10308.0,10987.0,11214.0,11228.0,13402.0,13704.0,20091.0,23162.0,24414.0,23139.0,26546.0,27444.0,
MEX.6.21_2,21230171.0,MEX,Dr. Belisario Domínguez,0.0,9844.0,9885.0,9975.0,9845.0,11487.0,10004.0,12045.0,15531.0,15706.0,17485.0,18366.0,18006.0,14612.0,8183.0,8299.0,8345.0,8973.0,9054.0,8810.0,6971.0,6325.0,7627.0,9285.0,10235.0,10714.0,12530.0,13497.0,13091.0,11536.0,11687.0,11625.0,13054.0,13400.0,
MEX.6.22_2,21230172.0,MEX,El Tule,0.0,9700.0,9750.0,10043.0,10532.0,12578.0,10614.0,12033.0,15322.0,16845.0,20223.0,19219.0,19237.0,14894.0,8486.0,8362.0,8408.0,9119.0,9122.0,8889.0,7232.0,6177.0,7863.0,9774.0,10768.0,11569.0,13476.0,12157.0,13432.0,12403.0,12166.0,11213.0,13035.0,13507.0,
MEX.6.23_2,21230173.0,MEX,Galeana,0.0,12430.0,12950.0,13463.0,13359.0,14839.0,13309.0,14629.0,17103.0,18436.0,19325.0,19596.0,21373.0,16678.0,10147.0,10193.0,9901.0,10766.0,10053.0,9784.0,7835.0,7477.0,8454.0,10807.0,11847.0,12696.0,14336.0,12651.0,14819.0,14617.0,14741.0,13633.0,15482.0,15896.0,
MEX.6.24_2,21230174.0,MEX,Gómez Farías,0.0,11241.0,11168.0,11989.0,12396.0,12970.0,11172.0,12781.0,14661.0,15970.0,19168.0,18706.0,18408.0,15954.0,9136.0,8993.0,8875.0,10214.0,10371.0,9958.0,8065.0,7187.0,8536.0,10018.0,10834.0,11737.0,14661.0,13890.0,15330.0,14779.0,14742.0,14733.0,16325.0,17051.0,
MEX.6.25_2,21230175.0,MEX,Gran Morelos,0.0,14092.0,13615.0,14138.0,13816.0,17711.0,17784.0,19684.0,21208.0,22183.0,25447.0,23311.0,27913.0,22342.0,14425.0,14437.0,14004.0,16160.0,16448.0,16037.0,13758.0,13076.0,14455.0,16913.0,16832.0,18006.0,19521.0,19205.0,20718.0,17176.0,16618.0,17535.0,18413.0,19223.0,
MEX.6.26_2,21230176.0,MEX,Guachochi,0.0,9646.0,10039.0,10906.0,12012.0,14201.0,12261.0,13253.0,15412.0,17258.0,20994.0,20521.0,19550.0,16718.0,9619.0,9432.0,9365.0,10680.0,11046.0,10401.0,8813.0,8181.0,8948.0,11597.0,11498.0,12266.0,14738.0,14667.0,16003.0,15429.0,15336.0,14753.0,16622.0,17060.0,
MEX.6.27_2,21230177.0,MEX,Guadalupe,0.0042,10666.0,13354.0,12399.0,12070.0,14578.0,15511.0,16132.0,18300.0,19964.0,19961.0,18039.0,21256.0,18795.0,12403.0,13244.0,14101.0,15275.0,15785.0,16116.0,14970.0,14989.0,14667.0,17100.0,17360.0,18432.0,18047.0,20828.0,19850.0,17234.0,16824.0,16827.0,17565.0,18232.0,
MEX.6.28_2,21230178.0,MEX,Guadalupe y Calvo,0.0,8462.0,9205.0,10083.0,10681.0,13075.0,11009.0,12533.0,14589.0,16345.0,20259.0,21926.0,20972.0,15433.0,9065.0,9204.0,9125.0,10425.0,10641.0,10296.0,8287.0,9216.0,8451.0,10884.0,11077.0,11721.0,14024.0,13626.0,14668.0,13468.0,13370.0,11722.0,12948.0,13417.0,
MEX.6.29_2,21230179.0,MEX,Guazapares,0.0,8646.0,9154.0,9967.0,10874.0,14365.0,12807.0,14302.0,16610.0,18707.0,22422.0,21925.0,20925.0,18085.0,10751.0,10909.0,10840.0,12268.0,12578.0,12185.0,10477.0,10051.0,10296.0,12383.0,12613.0,13261.0,15763.0,15826.0,16475.0,13468.0,13370.0,12971.0,14334.0,14851.0,
MEX.6.30_2,21230180.0,MEX,Guerrero,0.0,11815.0,11285.0,11867.0,11643.0,13253.0,11662.0,12969.0,13807.0,15336.0,16690.0,15600.0,18310.0,15964.0,10290.0,10118.0,9862.0,10327.0,10207.0,9932.0,8827.0,8173.0,9423.0,9628.0,10647.0,11054.0,13509.0,13039.0,14532.0,13206.0,13419.0,12770.0,14308.0,14899.0,
MEX.6.31_2,21230181.0,MEX,Hidalgo del Parral,0.00258,13081.0,13624.0,14798.0,14811.0,16309.0,13877.0,16131.0,17561.0,20136.0,21052.0,20900.0,21414.0,21934.0,13164.0,13244.0,13228.0,14933.0,15850.0,16229.0,13509.0,14692.0,13175.0,14307.0,13838.0,13628.0,16435.0,21461.0,18885.0,19497.0,20903.0,19989.0,22838.0,22529.0,
MEX.6.32_2,21230182.0,MEX,Huejotitán,0.0,10517.0,10805.0,11193.0,11233.0,13359.0,11538.0,13416.0,14570.0,16023.0,18655.0,18655.0,17314.0,14657.0,8724.0,8807.0,8857.0,9731.0,9939.0,9672.0,7600.0,6919.0,8019.0,9707.0,10636.0,11164.0,13254.0,12949.0,14543.0,13276.0,13152.0,12603.0,13943.0,14446.0,
MEX.6.33_2,21230183.0,MEX,Ignacio Zaragoza,0.0,12298.0,11758.0,12387.0,13159.0,15288.0,13101.0,13639.0,16760.0,18342.0,21194.0,20700.0,20610.0,16616.0,10173.0,9932.0,9823.0,10604.0,10453.0,10186.0,8836.0,7866.0,9351.0,11475.0,12533.0,13261.0,15006.0,14654.0,16121.0,15008.0,15039.0,14416.0,16262.0,16846.0,
MEX.6.34_2,21230184.0,MEX,Janos,0.0,10604.0,10700.0,11432.0,11967.0,13933.0,9956.0,12585.0,13635.0,15180.0,18336.0,19295.0,17509.0,13687.0,8507.0,8222.0,8268.0,8817.0,8681.0,8458.0,7267.0,7594.0,7815.0,9365.0,10134.0,9373.0,12491.0,11650.0,12966.0,13606.0,13596.0,12848.0,14483.0,15005.0,
MEX.6.35_2,21230185.0,MEX,Jiménez,-0.00316,9897.0,9409.0,10016.0,10967.0,12474.0,12835.0,14247.0,17015.0,20413.0,20008.0,20130.0,23525.0,21489.0,13458.0,13359.0,14248.0,14726.0,13148.0,11902.0,12844.0,12040.0,11558.0,10043.0,11799.0,12434.0,13979.0,13449.0,12855.0,10267.0,11336.0,12258.0,13605.0,14015.0,
MEX.6.36_2,21230186.0,MEX,Juárez,0.0,28998.0,29262.0,29814.0,30476.0,30154.0,29296.0,29887.0,29637.0,29589.0,30961.0,34034.0,32129.0,32858.0,28749.0,28688.0,28466.0,29432.0,30578.0,29759.0,27874.0,28247.0,27451.0,28133.0,27039.0,28639.0,30370.0,33407.0,32003.0,32301.0,32356.0,31666.0,31179.0,32235.0,
MEX.6.37_2,21230187.0,MEX,Julimes,0.0,17136.0,17564.0,18333.0,16800.0,19509.0,30294.0,33277.0,26784.0,30177.0,31851.0,28784.0,34178.0,28156.0,19196.0,19700.0,19291.0,20945.0,21218.0,20644.0,18998.0,17824.0,18831.0,22308.0,21564.0,22778.0,25137.0,24600.0,23714.0,19957.0,19254.0,19099.0,21054.0,21836.0,
MEX.6.38_2,21230188.0,MEX,La Cruz,0.0,15027.0,15712.0,17502.0,17068.0,18805.0,21410.0,24434.0,26034.0,29825.0,27189.0,25368.0,30292.0,25204.0,17312.0,17861.0,18896.0,20579.0,20835.0,19834.0,17225.0,15905.0,17992.0,21771.0,20689.0,21901.0,24068.0,24944.0,25290.0,19431.0,18375.0,17163.0,18906.0,19613.0,
MEX.6.39_2,21230189.0,MEX,López,0.0,10024.0,10488.0,10921.0,10733.0,12173.0,10855.0,13172.0,15458.0,16657.0,17827.0,17635.0,20011.0,15025.0,9931.0,10041.0,9529.0,10038.0,9786.0,9521.0,8387.0,8055.0,8983.0,10621.0,11609.0,12233.0,13876.0,12231.0,14683.0,13057.0,12619.0,12267.0,13868.0,14370.0,
MEX.6.40_2,21230190.0,MEX,Madera,0.0,11109.0,12012.0,11840.0,12285.0,14611.0,11696.0,14620.0,16404.0,19573.0,22687.0,23184.0,22933.0,18824.0,11474.0,10699.0,11499.0,13045.0,12563.0,12338.0,9664.0,9668.0,10089.0,11965.0,10813.0,13416.0,14138.0,16288.0,17610.0,15867.0,15778.0,13465.0,15799.0,16459.0,
MEX.6.41_2,21230191.0,MEX,Maguarichi,0.0,9735.0,10104.0,10975.0,12080.0,14026.0,11919.0,13401.0,15581.0,17449.0,21199.0,20737.0,19760.0,16918.0,9751.0,9561.0,9495.0,10819.0,11053.0,10408.0,8798.0,8166.0,8955.0,11604.0,11505.0,12273.0,14746.0,14676.0,15418.0,15261.0,15168.0,14658.0,16274.0,16951.0,
MEX.6.42_2,21230192.0,MEX,Manuel Benavides,0.0,8646.0,9154.0,9967.0,10874.0,12959.0,11236.0,12533.0,14589.0,16508.0,20259.0,19948.0,18461.0,15433.0,9055.0,9204.0,9125.0,10425.0,10641.0,10296.0,8287.0,8778.0,8451.0,10884.0,11077.0,11721.0,14024.0,13640.0,14668.0,13468.0,13370.0,12971.0,14334.0,14851.0,
MEX.6.43_2,21230193.0,MEX,Matachí,0.0,9966.0,9961.0,10266.0,11334.0,13365.0,10614.0,12650.0,15322.0,16873.0,20223.0,17794.0,19237.0,14894.0,8791.0,8463.0,8511.0,9327.0,9340.0,9101.0,7430.0,6389.0,8054.0,9943.0,10973.0,11775.0,13647.0,12764.0,13432.0,13049.0,12389.0,11590.0,13276.0,13756.0,
MEX.6.44_2,21230194.0,MEX,Matamoros,0.0,14354.0,13751.0,14242.0,15635.0,18918.0,15230.0,17447.0,19899.0,24109.0,23509.0,21652.0,24248.0,19699.0,13027.0,13360.0,13696.0,14395.0,13746.0,13450.0,12159.0,11685.0,12224.0,16487.0,14383.0,15015.0,16169.0,19076.0,18177.0,17808.0,15884.0,15378.0,15387.0,15972.0,
MEX.6.45_2,21230195.0,MEX,Meoqui,-0.00503,22191.0,20446.0,20805.0,21796.0,23744.0,21133.0,23087.0,27306.0,30125.0,30504.0,32093.0,32820.0,29915.0,20096.0,19848.0,19129.0,20140.0,20700.0,19288.0,17932.0,17940.0,16978.0,20600.0,19412.0,19160.0,20612.0,23262.0,17782.0,13650.0,12727.0,15668.0,16794.0,17261.0,
MEX.6.46_2,21230196.0,MEX,Morelos,0.0,18384.0,19037.0,20201.0,19949.0,20630.0,18413.0,20824.0,22474.0,27767.0,32417.0,34437.0,31064.0,26906.0,16395.0,16033.0,16404.0,18312.0,18880.0,18177.0,15643.0,16088.0,15804.0,18745.0,18625.0,19171.0,22600.0,22800.0,23582.0,22999.0,21780.0,22563.0,25079.0,25970.0,
MEX.6.47_2,21230197.0,MEX,Moris,0.0,9735.0,10104.0,10975.0,12080.0,14265.0,11693.0,13525.0,15374.0,17432.0,21214.0,20755.0,19859.0,16918.0,9751.0,9561.0,9505.0,10775.0,11053.0,10408.0,8412.0,9066.0,8939.0,11497.0,11505.0,12164.0,14746.0,14324.0,15418.0,15261.0,15168.0,14658.0,16274.0,16951.0,
MEX.6.48_2,21230198.0,MEX,Namiquipa,0.0,11147.0,10793.0,11334.0,11919.0,13972.0,11843.0,13386.0,16237.0,17914.0,20954.0,20529.0,20190.0,16218.0,9949.0,9713.0,9718.0,10476.0,10646.0,10374.0,8987.0,8049.0,9212.0,11210.0,12260.0,12988.0,14834.0,13915.0,15170.0,14195.0,14186.0,13478.0,15221.0,15769.0,
MEX.6.49_2,21230199.0,MEX,Nonoava,0.0,9499.0,9717.0,10463.0,11572.0,13608.0,12374.0,13934.0,16267.0,18581.0,22291.0,21961.0,21075.0,17370.0,9762.0,9888.0,9506.0,10894.0,10953.0,10510.0,8483.0,7850.0,8965.0,12003.0,11978.0,12747.0,15301.0,14864.0,15996.0,14058.0,13962.0,13501.0,14972.0,15604.0,
MEX.6.50_2,21230200.0,MEX,Nuevo Casas Grandes,0.00231,13392.0,14928.0,16029.0,15650.0,16928.0,11760.0,13191.0,15317.0,17364.0,17700.0,18710.0,18587.0,18956.0,12267.0,12197.0,12857.0,13493.0,13726.0,13945.0,13689.0,14351.0,12724.0,14198.0,13245.0,13829.0,16068.0,17276.0,16097.0,19574.0,19232.0,17908.0,19984.0,20745.0,
MEX.6.51_2,21230201.0,MEX,Ocampo,0.0,9730.0,10386.0,10824.0,11428.0,13433.0,11998.0,13265.0,16085.0,17676.0,20763.0,20023.0,19890.0,15269.0,9641.0,9361.0,9386.0,10062.0,9866.0,9613.0,8409.0,7515.0,8936.0,10893.0,11934.0,12573.0,14241.0,13626.0,14049.0,13192.0,12045.0,11390.0,12904.0,13372.0,
MEX.6.52_2,21230202.0,MEX,Ojinaga,0.0,13552.0,13299.0,14653.0,14753.0,17337.0,14952.0,15679.0,19155.0,21621.0,24780.0,24402.0,22346.0,17716.0,9769.0,9200.0,9423.0,11013.0,12206.0,12042.0,9471.0,8703.0,9439.0,10426.0,12790.0,12150.0,14305.0,16455.0,15755.0,15004.0,14495.0,11877.0,15372.0,15955.0,
MEX.6.53_2,21230203.0,MEX,Praxedis G. Guerrero,0.0,14338.0,14099.0,14161.0,14799.0,14784.0,13505.0,14399.0,17546.0,19214.0,19794.0,19030.0,21167.0,22111.0,10233.0,10010.0,9490.0,10146.0,10121.0,9735.0,7917.0,8337.0,8438.0,10713.0,11738.0,12587.0,13652.0,13290.0,14281.0,14597.0,14319.0,13952.0,15710.0,16132.0,
MEX.6.54_2,21230204.0,MEX,Riva Palacio,0.0,12191.0,12014.0,12117.0,12000.0,13067.0,11221.0,12013.0,13711.0,14602.0,16757.0,17030.0,17185.0,13695.0,8609.0,8545.0,8765.0,8717.0,8612.0,8379.0,7345.0,6699.0,8069.0,8945.0,9505.0,10075.0,11972.0,11952.0,14250.0,13140.0,15027.0,15557.0,16980.0,17463.0,
MEX.6.55_2,21230205.0,MEX,Rosales,0.0,22372.0,22764.0,23499.0,23490.0,25416.0,23713.0,26838.0,30456.0,35103.0,36949.0,32035.0,31229.0,35567.0,22782.0,22153.0,22386.0,24003.0,24053.0,23413.0,20937.0,21752.0,20615.0,24112.0,23598.0,24432.0,27802.0,27694.0,29614.0,28975.0,29917.0,29197.0,32541.0,33756.0,
MEX.6.56_2,21230206.0,MEX,Rosario,0.0,11729.0,11284.0,11871.0,13032.0,15109.0,13047.0,14418.0,16903.0,18477.0,21599.0,20836.0,20758.0,17392.0,10327.0,10084.0,10091.0,11409.0,11622.0,11268.0,9359.0,8422.0,9626.0,11532.0,12504.0,13334.0,15763.0,15220.0,16539.0,15371.0,14569.0,13844.0,15628.0,16190.0,
MEX.6.57_2,21230207.0,MEX,San Francisco de Borja,0.0,9642.0,9267.0,9643.0,11428.0,13433.0,11453.0,12460.0,16085.0,17818.0,20880.0,20023.0,19890.0,15312.0,9658.0,9378.0,9403.0,10062.0,9866.0,9613.0,8409.0,7515.0,8936.0,10893.0,11934.0,12573.0,14241.0,12751.0,14049.0,13192.0,12045.0,11286.0,12788.0,13372.0,
MEX.6.58_2,21230208.0,MEX,San Francisco de Conchos,0.0,11961.0,13275.0,14173.0,12653.0,14666.0,12166.0,12835.0,14062.0,14150.0,16302.0,16186.0,16688.0,12923.0,7959.0,7908.0,8285.0,8469.0,8317.0,8091.0,6574.0,5928.0,7595.0,8425.0,9005.0,9768.0,11568.0,12962.0,14840.0,14524.0,17082.0,17605.0,18775.0,19320.0,
MEX.6.59_2,21230209.0,MEX,San Francisco del Oro,0.0,14594.0,14369.0,15097.0,15013.0,17603.0,19629.0,23225.0,26633.0,34914.0,36510.0,35765.0,39955.0,33402.0,21627.0,22032.0,21782.0,23531.0,23972.0,23324.0,21244.0,16868.0,18129.0,21273.0,20667.0,21541.0,24740.0,23404.0,25715.0,18773.0,18748.0,18471.0,20597.0,21117.0,
MEX.6.60_2,21230210.0,MEX,Santa Bárbara,0.0,9101.0,8806.0,9389.0,8732.0,9926.0,10714.0,13079.0,15703.0,20650.0,27615.0,28597.0,30009.0,24887.0,16789.0,13578.0,13216.0,14028.0,13710.0,13577.0,12379.0,11078.0,11452.0,13047.0,12073.0,12341.0,14660.0,15853.0,15862.0,11019.0,13154.0,12186.0,13628.0,14263.0,
MEX.6.61_2,21230211.0,MEX,Santa Isabel,0.0,16312.0,16377.0,17087.0,15629.0,18563.0,18267.0,19147.0,21848.0,24266.0,26235.0,23881.0,29235.0,24591.0,15278.0,15782.0,15351.0,16745.0,17098.0,16473.0,14021.0,13220.0,14806.0,18259.0,17336.0,18541.0,20247.0,20016.0,21555.0,18018.0,19919.0,20063.0,20352.0,21079.0,
MEX.6.62_2,21230212.0,MEX,Satevó,0.0,9997.0,10061.0,10883.0,10995.0,13003.0,11305.0,13064.0,15245.0,16854.0,18841.0,18947.0,18304.0,15715.0,9105.0,9180.0,9231.0,10168.0,10125.0,9854.0,7854.0,7208.0,8361.0,9945.0,10906.0,11568.0,13713.0,13074.0,13814.0,12702.0,12696.0,11871.0,13231.0,13634.0,
MEX.6.63_2,21230213.0,MEX,Saucillo,0.0,17109.0,16583.0,18113.0,18555.0,21722.0,20455.0,22634.0,24946.0,28691.0,28087.0,27295.0,32439.0,26146.0,15689.0,16948.0,16809.0,18089.0,20586.0,18751.0,16195.0,15742.0,16891.0,22594.0,22363.0,22905.0,25732.0,22108.0,22610.0,18175.0,16725.0,17215.0,18464.0,18549.0,
MEX.6.64_2,21230214.0,MEX,Temósachic,0.0,11339.0,11221.0,11800.0,12381.0,14497.0,12491.0,13711.0,17023.0,18639.0,21730.0,21345.0,21015.0,17471.0,10408.0,10163.0,10171.0,11543.0,11762.0,11462.0,9429.0,8420.0,9641.0,11658.0,12740.0,13508.0,15824.0,14242.0,15750.0,14596.0,14514.0,13791.0,15568.0,16128.0,
MEX.6.65_2,21230215.0,MEX,Urique,0.0,8462.0,9200.0,9937.0,10681.0,13075.0,11009.0,12533.0,14589.0,16508.0,20259.0,19949.0,18508.0,15433.0,9065.0,8934.0,9125.0,10425.0,10641.0,10150.0,8287.0,9216.0,8435.0,10884.0,11077.0,10468.0,14024.0,13626.0,14668.0,13468.0,13370.0,11722.0,12948.0,13417.0,
MEX.6.66_2,21230216.0,MEX,Uruachi,0.0,9772.0,10158.0,10949.0,11851.0,14026.0,10656.0,12533.0,14589.0,16508.0,20259.0,19949.0,18508.0,15433.0,9055.0,9204.0,9125.0,10425.0,10641.0,10296.0,8287.0,8778.0,8451.0,10884.0,11077.0,10468.0,14024.0,13626.0,15418.0,14395.0,14300.0,14100.0,15337.0,15981.0,
MEX.6.67_2,21230217.0,MEX,Valle de Zaragoza,0.0,10845.0,10964.0,11367.0,11283.0,13172.0,11432.0,12838.0,14570.0,15693.0,18337.0,18295.0,17314.0,14657.0,8456.0,8544.0,8592.0,9446.0,9641.0,9382.0,7600.0,6919.0,8019.0,9707.0,10636.0,11164.0,12829.0,12491.0,14102.0,12960.0,12835.0,12265.0,13567.0,14058.0,
MEX.7.1_2,21230218.0,MEX,Abasolo,0.01062,10569.0,8860.0,8637.0,8158.0,8343.0,7043.0,10647.0,18493.0,18209.0,17001.0,17045.0,17470.0,17751.0,22350.0,21534.0,21052.0,22720.0,23278.0,23868.0,20589.0,23451.0,22516.0,23525.0,22863.0,27668.0,27945.0,25442.0,26687.0,25780.0,24439.0,21732.0,23197.0,23478.0,
MEX.7.2_2,21230219.0,MEX,Acuña,0.00708,17199.0,17163.0,17873.0,20580.0,20192.0,20021.0,17510.0,20353.0,22685.0,23059.0,24596.0,25034.0,25179.0,24011.0,23814.0,21972.0,22787.0,23416.0,23045.0,19725.0,22729.0,24649.0,30394.0,27523.0,29998.0,30654.0,33428.0,34623.0,30348.0,29133.0,22344.0,24160.0,27140.0,
MEX.7.3_2,21230220.0,MEX,Allende,0.00512,11334.0,10316.0,10251.0,10278.0,10637.0,8970.0,13070.0,14939.0,19368.0,18505.0,17757.0,18674.0,19336.0,20079.0,20393.0,16800.0,19337.0,19755.0,19880.0,17559.0,19707.0,24771.0,22866.0,21948.0,19012.0,20363.0,20352.0,21507.0,21738.0,23511.0,21188.0,21464.0,22080.0,
MEX.7.4_2,21230221.0,MEX,Arteaga,0.00833,12763.0,11733.0,14688.0,13352.0,13440.0,13101.0,17758.0,16495.0,19151.0,19924.0,18022.0,19030.0,20644.0,21949.0,25326.0,20933.0,22971.0,24243.0,23142.0,20579.0,22200.0,20479.0,25922.0,23002.0,23171.0,25127.0,24384.0,27606.0,25623.0,27276.0,25452.0,27236.0,27472.0,
MEX.7.5_2,21230222.0,MEX,Candela,0.01036,11161.0,10516.0,12323.0,12336.0,13373.0,12440.0,12834.0,14345.0,15908.0,17725.0,19122.0,18210.0,17943.0,18565.0,19752.0,19250.0,21199.0,21437.0,21057.0,18033.0,20307.0,22639.0,25710.0,23398.0,24018.0,24797.0,24372.0,26059.0,25058.0,25392.0,23377.0,23848.0,24015.0,
MEX.7.6_2,21230223.0,MEX,Castaños,0.00709,13374.0,12959.0,12477.0,12544.0,12887.0,11676.0,17702.0,18208.0,19219.0,19241.0,18629.0,17746.0,18477.0,20866.0,18881.0,20725.0,21258.0,19795.0,17796.0,17560.0,19593.0,21416.0,23493.0,20436.0,22215.0,24088.0,25506.0,26023.0,22712.0,25707.0,21434.0,22449.0,23225.0,
MEX.7.7_2,21230224.0,MEX,Cuatro Ciénegas,0.01185,10290.0,9625.0,11237.0,11258.0,11798.0,9684.0,12923.0,15723.0,17377.0,18053.0,18958.0,19242.0,19581.0,19953.0,18960.0,17937.0,19577.0,19925.0,20343.0,18311.0,18904.0,22691.0,25360.0,23293.0,25205.0,25604.0,24779.0,26900.0,27986.0,26470.0,24707.0,26448.0,27184.0,
MEX.7.8_2,21230225.0,MEX,Escobedo,0.01219,9716.0,8546.0,9726.0,9266.0,9437.0,8316.0,11732.0,14498.0,17158.0,17901.0,18395.0,18942.0,19080.0,19209.0,16216.0,16254.0,17760.0,17018.0,17123.0,14277.0,15988.0,19204.0,23715.0,20920.0,21967.0,22700.0,23184.0,23319.0,24729.0,25771.0,18437.0,19649.0,24189.0,
MEX.7.9_2,21230226.0,MEX,Francisco I. Madero,0.00766,13185.0,11959.0,11172.0,13116.0,12870.0,12583.0,19099.0,21639.0,21325.0,21704.0,21731.0,19481.0,20510.0,19978.0,17024.0,18086.0,18937.0,17745.0,19239.0,16039.0,18236.0,19953.0,23029.0,19906.0,21198.0,22309.0,23162.0,24226.0,23795.0,24691.0,21130.0,22974.0,22893.0,
MEX.7.10_2,21230227.0,MEX,Frontera,0.0032,19020.0,20439.0,21086.0,21481.0,23162.0,22586.0,22300.0,22160.0,25188.0,25653.0,25884.0,25480.0,25799.0,24356.0,23934.0,22536.0,23494.0,24156.0,23636.0,21009.0,23416.0,25775.0,30067.0,23955.0,24512.0,26630.0,29361.0,33543.0,31969.0,31515.0,25065.0,26967.0,28868.0,
MEX.7.11_2,21230228.0,MEX,General Cepeda,0.01371,8487.0,7635.0,8029.0,8151.0,8635.0,6568.0,8999.0,11833.0,14794.0,15372.0,16431.0,16766.0,17078.0,16111.0,13718.0,13989.0,15263.0,15709.0,15770.0,13086.0,14625.0,17915.0,22081.0,19009.0,20044.0,20688.0,20962.0,22102.0,21764.0,22004.0,18831.0,20249.0,20523.0,
MEX.7.12_2,21230229.0,MEX,Guerrero,0.01276,10709.0,9004.0,9003.0,8416.0,8652.0,7204.0,10742.0,13392.0,18208.0,16835.0,16650.0,17292.0,17567.0,19912.0,15980.0,15683.0,17773.0,23038.0,22785.0,19546.0,22434.0,22052.0,22868.0,22378.0,27334.0,28357.0,24901.0,25967.0,24803.0,24220.0,21920.0,23062.0,23610.0,
MEX.7.13_2,21230230.0,MEX,Hidalgo,0.01231,11031.0,9265.0,8883.0,8440.0,8430.0,7270.0,10838.0,13319.0,17719.0,16138.0,16163.0,16761.0,16949.0,19092.0,16131.0,15558.0,17081.0,17228.0,17254.0,14319.0,15818.0,21408.0,21922.0,21593.0,23016.0,24207.0,24230.0,25008.0,23477.0,24419.0,20891.0,22372.0,22692.0,
MEX.7.14_2,21230231.0,MEX,Jiménez,0.00954,12307.0,12024.0,11716.0,10479.0,10481.0,8870.0,12718.0,14476.0,16081.0,16817.0,16468.0,16593.0,17099.0,18710.0,18563.0,17618.0,18777.0,19925.0,18685.0,16336.0,18214.0,19622.0,22592.0,20395.0,21031.0,21854.0,23053.0,23866.0,23500.0,24315.0,20744.0,22672.0,22839.0,
MEX.7.15_2,21230232.0,MEX,Juárez,0.01088,12185.0,11816.0,13358.0,13430.0,14340.0,12655.0,14302.0,16971.0,20177.0,20925.0,22090.0,22135.0,23000.0,22333.0,20839.0,20307.0,21413.0,22542.0,22899.0,19029.0,21420.0,25697.0,29762.0,26872.0,27671.0,26220.0,27959.0,30097.0,28564.0,28816.0,25888.0,26897.0,27293.0,
MEX.7.16_2,21230233.0,MEX,Lamadrid,0.01062,10897.0,10324.0,11549.0,9955.0,10729.0,9460.0,10521.0,13206.0,15200.0,15831.0,16712.0,17222.0,17547.0,17376.0,15336.0,15363.0,17029.0,16861.0,16969.0,14075.0,15514.0,18208.0,22191.0,18891.0,20630.0,21293.0,21278.0,22436.0,22530.0,22476.0,19444.0,20857.0,21182.0,
MEX.7.17_2,21230234.0,MEX,Matamoros,0.00723,16694.0,17071.0,17266.0,17401.0,17548.0,18544.0,20470.0,22736.0,23811.0,22451.0,21730.0,20466.0,21165.0,23301.0,24528.0,22801.0,25111.0,25671.0,25641.0,21158.0,24779.0,24947.0,26938.0,25402.0,26348.0,27041.0,28957.0,31317.0,29478.0,29896.0,27933.0,29125.0,28492.0,
MEX.7.18_2,21230235.0,MEX,Monclova,0.00141,21078.0,23023.0,23581.0,22150.0,24069.0,24708.0,23095.0,23919.0,22732.0,22318.0,23316.0,22678.0,23213.0,20857.0,21526.0,19614.0,20907.0,21636.0,23180.0,20015.0,22519.0,22971.0,27534.0,24408.0,25305.0,26507.0,22747.0,24961.0,24271.0,24428.0,23260.0,24381.0,24634.0,
MEX.7.19_2,21230236.0,MEX,Morelos,0.00981,12781.0,10807.0,11325.0,11509.0,11363.0,9587.0,12851.0,14029.0,17018.0,18633.0,18103.0,18416.0,19185.0,18620.0,18013.0,16867.0,22280.0,22481.0,22313.0,18065.0,20418.0,21181.0,25066.0,22201.0,23633.0,24299.0,22721.0,24309.0,24462.0,24296.0,20265.0,23834.0,24448.0,
MEX.7.20_2,21230237.0,MEX,Múzquiz,0.00521,18200.0,17542.0,20766.0,20161.0,20784.0,19303.0,19694.0,23207.0,20112.0,19016.0,20121.0,17150.0,17700.0,17160.0,22333.0,20415.0,22135.0,22354.0,21517.0,17542.0,21630.0,23243.0,27840.0,24463.0,28197.0,28647.0,29040.0,23976.0,26104.0,28900.0,24455.0,25543.0,25790.0,
MEX.7.21_2,21230238.0,MEX,Nadadores,0.01036,12334.0,10376.0,11555.0,11651.0,11754.0,10947.0,14022.0,15441.0,18146.0,19230.0,17866.0,18146.0,18780.0,20122.0,20329.0,18737.0,20045.0,20661.0,20892.0,18179.0,20039.0,21500.0,26633.0,22048.0,23109.0,24532.0,26052.0,28319.0,26676.0,26818.0,22686.0,24248.0,24729.0,
MEX.7.22_2,21230239.0,MEX,Nava,0.0085,17155.0,18222.0,17467.0,15727.0,16241.0,18111.0,18658.0,20363.0,21993.0,22174.0,21584.0,21463.0,22292.0,24403.0,24767.0,23124.0,24796.0,24591.0,24708.0,20654.0,23810.0,26448.0,29767.0,27782.0,28479.0,29742.0,30373.0,31629.0,30315.0,30459.0,27157.0,28103.0,27838.0,
MEX.7.23_2,21230240.0,MEX,Ocampo,0.0089,17379.0,18128.0,15767.0,15720.0,16522.0,15326.0,20630.0,22424.0,26906.0,24193.0,23710.0,24032.0,24457.0,24353.0,24279.0,22385.0,23633.0,24002.0,24542.0,20335.0,22824.0,27082.0,31186.0,30631.0,29482.0,30284.0,30384.0,32309.0,31131.0,32448.0,34641.0,32660.0,30633.0,
MEX.7.24_2,21230241.0,MEX,Parras,0.0104,14702.0,13126.0,15267.0,14558.0,15458.0,12976.0,15241.0,17961.0,19937.0,20511.0,21713.0,22379.0,23059.0,20002.0,20592.0,19953.0,21225.0,20657.0,21565.0,19202.0,20499.0,24770.0,28383.0,25722.0,26265.0,28139.0,27407.0,30435.0,29917.0,30749.0,26747.0,28446.0,29211.0,
MEX.7.25_2,21230242.0,MEX,Piedras Negras,0.0056,18461.0,19187.0,19221.0,19382.0,19422.0,17957.0,19217.0,22048.0,22234.0,20855.0,21412.0,21388.0,20436.0,23219.0,22733.0,21579.0,22868.0,22755.0,22868.0,19118.0,22052.0,26295.0,25410.0,25281.0,23937.0,25497.0,31049.0,32842.0,31562.0,30481.0,23533.0,25070.0,28293.0,
MEX.7.26_2,21230243.0,MEX,Progreso,0.01285,10713.0,9282.0,9877.0,10342.0,12459.0,10499.0,10866.0,13854.0,17073.0,19007.0,19679.0,19870.0,20159.0,20341.0,17955.0,16954.0,19112.0,19484.0,19640.0,16433.0,18641.0,22341.0,25131.0,22770.0,23515.0,24159.0,25568.0,29621.0,28650.0,26151.0,23320.0,24798.0,25198.0,
MEX.7.27_2,21230244.0,MEX,Ramos Arizpe,0.00813,17267.0,18151.0,17639.0,17840.0,18168.0,19168.0,19015.0,22377.0,25085.0,23532.0,23360.0,22195.0,21550.0,24489.0,24871.0,22859.0,25150.0,25544.0,24951.0,20206.0,23036.0,24766.0,28442.0,26558.0,27526.0,29302.0,29786.0,32296.0,31262.0,34210.0,25739.0,27255.0,30257.0,
MEX.7.28_2,21230245.0,MEX,Sabinas,0.0131,11627.0,9060.0,10798.0,12551.0,12418.0,12831.0,15643.0,17165.0,15974.0,17911.0,19073.0,18685.0,22114.0,22308.0,21834.0,23254.0,25228.0,28228.0,24752.0,20941.0,26585.0,24884.0,29412.0,25500.0,26061.0,27422.0,28565.0,31018.0,27480.0,29702.0,26242.0,27544.0,28596.0,
MEX.7.29_2,21230246.0,MEX,Sacramento,0.013,8873.0,7413.0,8007.0,8392.0,9050.0,8347.0,9026.0,12390.0,15587.0,15997.0,17276.0,17489.0,17707.0,17172.0,14485.0,14352.0,15931.0,16228.0,16442.0,13730.0,15550.0,19000.0,21901.0,19485.0,20117.0,20048.0,22104.0,22929.0,22150.0,21792.0,18781.0,20048.0,20318.0,
MEX.7.30_2,21230247.0,MEX,Saltillo,0.0,27814.0,28777.0,29036.0,29578.0,29933.0,29718.0,31946.0,33360.0,31928.0,32238.0,32361.0,31397.0,31460.0,32934.0,35449.0,36582.0,33464.0,34328.0,32920.0,28549.0,31390.0,30385.0,27236.0,27425.0,27115.0,27910.0,28217.0,30147.0,34674.0,33122.0,29340.0,30617.0,32181.0,
MEX.7.31_2,21230248.0,MEX,San Buenaventura,0.0096,13518.0,11859.0,13073.0,12857.0,12954.0,11719.0,13715.0,15919.0,16697.0,16975.0,15804.0,17911.0,18628.0,18752.0,18111.0,19189.0,20342.0,19256.0,19898.0,16748.0,19051.0,19439.0,24617.0,20983.0,22232.0,24563.0,25804.0,23823.0,24761.0,28013.0,22926.0,25025.0,25643.0,
MEX.7.32_2,21230249.0,MEX,San Juan de Sabinas,0.01286,13307.0,11066.0,11481.0,10934.0,11154.0,11369.0,12607.0,15463.0,17097.0,16941.0,17203.0,18449.0,18239.0,18194.0,16307.0,17756.0,18037.0,18463.0,17236.0,14028.0,17335.0,18590.0,25972.0,21548.0,23694.0,24229.0,30220.0,31616.0,30946.0,31023.0,27206.0,27950.0,29163.0,
MEX.7.33_2,21230250.0,MEX,San Pedro,0.00625,14971.0,14015.0,13977.0,14209.0,14832.0,14677.0,16522.0,17798.0,21806.0,22938.0,23090.0,23206.0,23680.0,24839.0,24944.0,23842.0,26772.0,24514.0,24288.0,20685.0,23350.0,23952.0,25400.0,23776.0,24329.0,25249.0,24206.0,27046.0,27247.0,28029.0,27738.0,27999.0,27478.0,
MEX.7.34_2,21230251.0,MEX,Sierra Mojada,0.00952,17379.0,18128.0,15767.0,15720.0,16621.0,14953.0,20630.0,22424.0,26906.0,24193.0,23710.0,24032.0,24457.0,24353.0,24279.0,22385.0,23633.0,24002.0,24477.0,20247.0,22762.0,26974.0,31030.0,30519.0,29424.0,30217.0,31657.0,33664.0,32448.0,33773.0,34564.0,32640.0,31883.0,
MEX.7.35_2,21230252.0,MEX,Torreón,0.01209,17558.0,18279.0,18047.0,18445.0,18915.0,18004.0,19091.0,20402.0,25701.0,26337.0,26689.0,25329.0,26446.0,30958.0,28686.0,27961.0,31301.0,32106.0,33278.0,28437.0,32301.0,36044.0,36298.0,37278.0,38809.0,39634.0,40146.0,38980.0,37688.0,35919.0,32130.0,34111.0,34644.0,
MEX.7.36_2,21230253.0,MEX,Viesca,0.01143,11091.0,10493.0,11721.0,10761.0,11088.0,10206.0,11221.0,13955.0,15508.0,16042.0,16713.0,17223.0,17548.0,17493.0,15501.0,15512.0,17187.0,17611.0,17705.0,14951.0,16510.0,19597.0,23148.0,20342.0,21689.0,22516.0,22935.0,24231.0,23468.0,22637.0,20224.0,21708.0,22046.0,
MEX.7.37_2,21230254.0,MEX,Villa Unión,0.01004,15932.0,12977.0,14187.0,13932.0,14118.0,13292.0,13247.0,16619.0,18364.0,16980.0,17169.0,15360.0,15915.0,16550.0,17624.0,17798.0,21072.0,19619.0,19053.0,15823.0,18709.0,20771.0,25526.0,22409.0,21047.0,21413.0,24633.0,26737.0,28329.0,29394.0,24329.0,25955.0,26965.0,
MEX.7.38_2,21230255.0,MEX,Zaragoza,0.01165,10274.0,8238.0,9386.0,8771.0,8991.0,7654.0,9304.0,11906.0,14238.0,14872.0,15108.0,14808.0,15714.0,14887.0,12494.0,12732.0,14044.0,14393.0,14256.0,11895.0,13496.0,16754.0,19527.0,16997.0,18020.0,18475.0,19157.0,20352.0,19754.0,19796.0,17773.0,18276.0,18537.0,
MEX.8.1_2,21230256.0,MEX,Armería,0.0,14153.0,17086.0,16241.0,16578.0,17881.0,15692.0,20248.0,20623.0,16809.0,19287.0,20551.0,17944.0,22183.0,20820.0,21062.0,16433.0,16147.0,17170.0,16055.0,18066.0,20478.0,15942.0,13975.0,13685.0,12798.0,14607.0,18619.0,19759.0,17941.0,21245.0,19761.0,21415.0,21139.0,
MEX.8.2_2,21230257.0,MEX,Colima,-0.00168,18464.0,18627.0,19031.0,19029.0,20081.0,19708.0,16960.0,17203.0,17175.0,17806.0,18202.0,17559.0,17095.0,19100.0,17051.0,17433.0,16514.0,17224.0,17378.0,15464.0,15078.0,17970.0,16802.0,17189.0,17190.0,16765.0,15312.0,16002.0,15019.0,19552.0,19139.0,20355.0,21089.0,
MEX.8.3_2,21230258.0,MEX,Comala,0.00312,13794.0,15247.0,14713.0,14879.0,16728.0,17411.0,18807.0,17894.0,17661.0,17793.0,18452.0,15750.0,17781.0,18025.0,16937.0,16161.0,16679.0,17659.0,16496.0,16035.0,18743.0,16756.0,17538.0,16615.0,16343.0,18387.0,22636.0,23699.0,22940.0,27309.0,27388.0,28608.0,30135.0,
MEX.8.4_2,21230259.0,MEX,Coquimatlán,0.00253,16634.0,21141.0,19997.0,20692.0,17433.0,16386.0,19198.0,24217.0,25601.0,26222.0,26607.0,23729.0,22133.0,25716.0,24268.0,23747.0,24725.0,25363.0,24534.0,21846.0,22023.0,23667.0,25040.0,25104.0,25550.0,23200.0,21611.0,22678.0,24165.0,26493.0,25130.0,26948.0,27826.0,
MEX.8.5_2,21230260.0,MEX,Cuauhtémoc,0.00186,12395.0,13078.0,14905.0,15694.0,16122.0,16012.0,18184.0,14160.0,15757.0,18063.0,18166.0,16023.0,15290.0,14417.0,16762.0,14277.0,14095.0,15092.0,14644.0,13440.0,14648.0,13860.0,15555.0,15241.0,15542.0,16184.0,21158.0,21883.0,21081.0,24668.0,24376.0,25644.0,26462.0,
MEX.8.6_2,21230261.0,MEX,Ixtlahuacán,0.00096,14800.0,16411.0,16409.0,13691.0,17791.0,16298.0,16868.0,16368.0,17208.0,16066.0,16655.0,16070.0,16974.0,16833.0,15600.0,13660.0,14043.0,14699.0,14462.0,16207.0,15485.0,15560.0,16061.0,15075.0,14776.0,17762.0,21018.0,24886.0,23617.0,27801.0,26486.0,28495.0,29218.0,
MEX.8.7_2,21230262.0,MEX,Manzanillo,0.0059,17362.0,16531.0,16906.0,17357.0,17484.0,15619.0,18845.0,17045.0,17929.0,18792.0,17432.0,18092.0,18541.0,19586.0,19895.0,19656.0,21749.0,21594.0,21553.0,21390.0,22520.0,20498.0,22015.0,22562.0,22493.0,22548.0,23937.0,24484.0,25729.0,21720.0,21094.0,22081.0,22701.0,
MEX.8.8_2,21230263.0,MEX,Minatitlán,0.00552,12441.0,13671.0,13961.0,13404.0,15419.0,13666.0,16282.0,16644.0,14584.0,15123.0,15616.0,15225.0,17100.0,18072.0,16733.0,14073.0,13921.0,15158.0,14519.0,15010.0,16682.0,15244.0,15522.0,14953.0,15116.0,17863.0,23324.0,25203.0,25025.0,29443.0,28816.0,30974.0,31766.0,
MEX.8.9_2,21230264.0,MEX,Tecomán,0.00397,14870.0,14977.0,16221.0,15795.0,16665.0,15660.0,18952.0,20735.0,23992.0,22095.0,21293.0,18498.0,18478.0,18791.0,18451.0,18568.0,19521.0,21079.0,21056.0,19636.0,20955.0,22353.0,21526.0,21638.0,21863.0,22377.0,21323.0,20403.0,22281.0,20379.0,20015.0,20701.0,21638.0,
MEX.8.10_2,21230265.0,MEX,Villa de Álvarez,0.00311,19270.0,18230.0,16047.0,17368.0,16479.0,14430.0,18848.0,20628.0,20276.0,20683.0,20678.0,19548.0,21202.0,23579.0,20343.0,20962.0,21501.0,23369.0,21052.0,21639.0,21554.0,20795.0,22486.0,22370.0,22243.0,22981.0,21464.0,21639.0,22976.0,25487.0,22280.0,23135.0,23933.0,
MEX.9.1_2,21230266.0,MEX,Álvaro Obregón,0.00333,25929.0,26618.0,24979.0,25975.0,26995.0,23540.0,25321.0,28766.0,29351.0,29639.0,34383.0,32662.0,33663.0,25902.0,27018.0,27495.0,29548.0,28178.0,28158.0,27155.0,28191.0,29986.0,31071.0,31917.0,33608.0,33526.0,34008.0,33489.0,32799.0,32722.0,22678.0,26157.0,27572.0,
MEX.9.2_2,21230267.0,MEX,Azcapotzalco,0.0,22044.0,22665.0,23311.0,23889.0,23943.0,21405.0,22854.0,24708.0,25493.0,25395.0,26168.0,23361.0,22151.0,20617.0,20022.0,20029.0,20559.0,20778.0,20409.0,19460.0,20610.0,20837.0,21627.0,21906.0,23379.0,24328.0,24565.0,23713.0,24187.0,22734.0,22680.0,23860.0,24727.0,
MEX.9.3_2,21230268.0,MEX,Benito Juárez,0.00217,72345.0,73118.0,74627.0,76619.0,82176.0,72957.0,76623.0,82890.0,83166.0,84390.0,87791.0,87086.0,90902.0,73864.0,74742.0,75908.0,80085.0,80386.0,79968.0,77966.0,81024.0,80132.0,82191.0,83457.0,85125.0,88394.0,88959.0,89107.0,90410.0,90000.0,78895.0,83486.0,83237.0,
MEX.9.4_2,21230269.0,MEX,Coyoacán,0.00132,30631.0,31190.0,31805.0,31187.0,31964.0,29712.0,30033.0,32144.0,33446.0,36145.0,38000.0,36764.0,38041.0,30430.0,30632.0,31890.0,32761.0,32837.0,32727.0,31996.0,33100.0,32721.0,33294.0,34600.0,33148.0,35026.0,35359.0,37087.0,35119.0,35701.0,30785.0,31699.0,33335.0,
MEX.9.5_2,21230270.0,MEX,Cuajimalpa de Morelos,0.00227,56735.0,58553.0,60561.0,43640.0,45225.0,39856.0,43013.0,46171.0,47373.0,48770.0,49177.0,51244.0,53375.0,41660.0,42738.0,43419.0,46354.0,47038.0,46875.0,45423.0,47056.0,46560.0,47603.0,50576.0,52221.0,54411.0,54311.0,52540.0,55198.0,54873.0,45702.0,50361.0,52540.0,
MEX.9.6_2,21230271.0,MEX,Cuauhtémoc,0.00182,72350.0,73965.0,75534.0,75514.0,82599.0,73298.0,77007.0,82279.0,81963.0,84225.0,89520.0,87008.0,89848.0,73004.0,73958.0,75736.0,79079.0,79378.0,78997.0,76992.0,80047.0,79209.0,82191.0,82448.0,82602.0,85599.0,87775.0,87851.0,89105.0,88785.0,77799.0,82320.0,82018.0,
MEX.9.7_2,21230272.0,MEX,Gustavo A. Madero,0.0,22093.0,22605.0,23037.0,23943.0,24109.0,21541.0,23013.0,24677.0,25550.0,25288.0,26109.0,23374.0,22078.0,20613.0,20396.0,20064.0,20943.0,21175.0,20791.0,19822.0,20546.0,20784.0,21627.0,21846.0,23779.0,24783.0,24767.0,23863.0,24353.0,23269.0,23109.0,23974.0,24812.0,
MEX.9.8_2,21230273.0,MEX,Iztacalco,0.00167,72509.0,73892.0,75571.0,76996.0,82053.0,72793.0,76464.0,81933.0,83651.0,85882.0,89520.0,87008.0,89767.0,72941.0,73902.0,74948.0,77850.0,78144.0,77769.0,75802.0,78804.0,79209.0,82191.0,82374.0,83651.0,86254.0,87275.0,86248.0,89073.0,88158.0,77372.0,81866.0,81543.0,
MEX.9.9_2,21230274.0,MEX,Iztapalapa,0.0,35747.0,36349.0,37154.0,35846.0,34987.0,35333.0,36329.0,35246.0,37831.0,38875.0,41314.0,40073.0,41428.0,35488.0,35925.0,36465.0,34330.0,34579.0,34294.0,35874.0,34810.0,36149.0,36274.0,37295.0,36964.0,38889.0,38028.0,38907.0,38881.0,38465.0,35805.0,35570.0,38158.0,
MEX.9.10_2,21230275.0,MEX,La Magdalena Contreras,-0.00333,58376.0,59720.0,60736.0,65178.0,68957.0,61618.0,66204.0,69015.0,71286.0,71029.0,73277.0,71572.0,73479.0,58641.0,60107.0,60576.0,64174.0,64301.0,64107.0,61749.0,64499.0,64218.0,65665.0,68127.0,70827.0,50457.0,50333.0,49422.0,52473.0,51658.0,43261.0,46247.0,48331.0,
MEX.9.11_2,21230276.0,MEX,Miguel Hidalgo,0.0,22177.0,22901.0,23399.0,23555.0,23994.0,21447.0,22903.0,24449.0,25248.0,25545.0,26168.0,23385.0,22163.0,20231.0,20007.0,19767.0,20349.0,20571.0,20310.0,19261.0,20192.0,20849.0,21627.0,21532.0,23288.0,24199.0,25193.0,23915.0,24486.0,22683.0,23247.0,25276.0,26191.0,
MEX.9.12_2,21230277.0,MEX,Milpa Alta,0.00234,38439.0,38906.0,39714.0,42579.0,43613.0,38820.0,41638.0,45044.0,47157.0,48459.0,49733.0,48287.0,49870.0,38230.0,38642.0,40012.0,41987.0,41895.0,41674.0,40540.0,42108.0,42226.0,43441.0,45045.0,46187.0,48075.0,49972.0,48097.0,50556.0,50547.0,42543.0,45204.0,47436.0,
MEX.9.13_2,21230278.0,MEX,Tláhuac,0.00073,24951.0,25651.0,26254.0,27575.0,27013.0,24659.0,24504.0,26026.0,27708.0,28074.0,29651.0,28332.0,29732.0,23148.0,23261.0,23525.0,24863.0,24472.0,24837.0,23560.0,25133.0,25501.0,26495.0,26977.0,26650.0,27494.0,28140.0,27722.0,29080.0,28464.0,24469.0,25490.0,26830.0,
MEX.9.14_2,21230279.0,MEX,Tlalpan,0.00304,26392.0,27289.0,27673.0,30131.0,31433.0,27629.0,29775.0,32585.0,33443.0,34366.0,35605.0,35317.0,36256.0,27862.0,28259.0,29361.0,30247.0,31694.0,30997.0,29939.0,29617.0,30116.0,30919.0,33400.0,33768.0,36307.0,37572.0,36716.0,38376.0,38004.0,31184.0,34125.0,35729.0,
MEX.9.15_2,21230280.0,MEX,Venustiano Carranza,0.00204,72422.0,73887.0,74691.0,76090.0,82176.0,72941.0,76623.0,83185.0,82590.0,84502.0,87791.0,87086.0,89918.0,73828.0,74772.0,75742.0,79208.0,80347.0,79962.0,77928.0,80177.0,80046.0,82191.0,83415.0,84139.0,88387.0,88750.0,88888.0,90179.0,89771.0,78808.0,83393.0,83140.0,
MEX.9.16_2,21230281.0,MEX,Xochimilco,0.00334,24103.0,24532.0,25590.0,28182.0,27033.0,25128.0,26724.0,31930.0,35360.0,32990.0,34535.0,33562.0,34630.0,27154.0,26492.0,26778.0,29050.0,30544.0,29401.0,28008.0,29161.0,28837.0,28220.0,30544.0,32857.0,34671.0,35348.0,34912.0,36624.0,35755.0,29429.0,31280.0,32979.0,
MEX.10.1_2,21230282.0,MEX,Canatlán,-0.00238,10344.0,10485.0,11706.0,9967.0,9438.0,9888.0,9991.0,10116.0,11107.0,9056.0,9499.0,8483.0,9503.0,9420.0,9110.0,8843.0,9815.0,9631.0,9466.0,8469.0,8411.0,7680.0,8298.0,9736.0,10122.0,10823.0,9230.0,8973.0,8991.0,8872.0,8572.0,8311.0,8865.0,
MEX.10.2_2,21230283.0,MEX,Canelas,0.00169,11909.0,12574.0,12939.0,11972.0,11460.0,12097.0,13977.0,12528.0,12827.0,12863.0,14211.0,13117.0,13022.0,12525.0,12880.0,10719.0,12495.0,11900.0,11790.0,11110.0,12106.0,12316.0,12766.0,12456.0,13345.0,13061.0,13780.0,13513.0,13536.0,14102.0,13381.0,13779.0,14021.0,
MEX.10.3_2,21230284.0,MEX,Coneto de Comonfort,0.00114,10840.0,11401.0,11738.0,10799.0,10475.0,10543.0,11234.0,10011.0,9951.0,10098.0,12110.0,10352.0,10227.0,9797.0,9995.0,9135.0,9793.0,9901.0,9813.0,9344.0,10971.0,11059.0,11472.0,11147.0,11920.0,11731.0,12277.0,12025.0,11409.0,11845.0,11262.0,11573.0,11745.0,
MEX.10.4_2,21230285.0,MEX,Cuencamé,-0.00159,10525.0,10678.0,12057.0,11189.0,9982.0,10986.0,9889.0,8741.0,8936.0,10231.0,10814.0,10180.0,10225.0,9963.0,10406.0,9235.0,10126.0,9853.0,9872.0,9207.0,9018.0,9082.0,9983.0,9420.0,10956.0,10248.0,9569.0,9335.0,9208.0,9613.0,10110.0,9950.0,10704.0,
MEX.10.5_2,21230286.0,MEX,Durango,0.00308,15151.0,15336.0,15173.0,16218.0,17529.0,16288.0,17508.0,17075.0,18642.0,18326.0,18824.0,19952.0,18693.0,18586.0,20028.0,18536.0,18099.0,18980.0,18607.0,19275.0,19472.0,21075.0,20787.0,21392.0,20487.0,19863.0,20586.0,20475.0,20287.0,19728.0,18156.0,19992.0,20625.0,
MEX.10.6_2,21230287.0,MEX,El Oro,0.00274,11365.0,12092.0,12512.0,11485.0,11147.0,11633.0,13327.0,11867.0,12277.0,12194.0,13910.0,12850.0,12345.0,11852.0,12519.0,10065.0,11749.0,11299.0,11196.0,10892.0,11981.0,12235.0,12706.0,12817.0,13438.0,13185.0,14197.0,13924.0,13942.0,14432.0,13467.0,13842.0,14354.0,
MEX.10.7_2,21230288.0,MEX,General Simón Bolívar,0.0,11147.0,12916.0,13141.0,12782.0,11613.0,11733.0,10220.0,10203.0,11157.0,12229.0,11948.0,12097.0,12633.0,10937.0,10697.0,10710.0,10354.0,10251.0,9890.0,9371.0,9470.0,10387.0,10922.0,10913.0,11707.0,11542.0,12105.0,11469.0,11572.0,11970.0,11430.0,11664.0,11903.0,
MEX.10.8_2,21230289.0,MEX,Gómez Palacio,0.00644,12925.0,12786.0,13273.0,13095.0,13712.0,13393.0,13868.0,16128.0,19458.0,18548.0,17457.0,17758.0,18411.0,20101.0,15361.0,17390.0,17949.0,16787.0,16560.0,16385.0,15636.0,16816.0,17342.0,17658.0,18256.0,20612.0,21390.0,21292.0,20928.0,21728.0,20706.0,21385.0,22105.0,
MEX.10.9_2,21230290.0,MEX,Guadalupe Victoria,-0.00411,10669.0,10336.0,9992.0,9893.0,9413.0,11598.0,11754.0,11014.0,9264.0,10612.0,12327.0,11109.0,11043.0,10890.0,11459.0,10913.0,11348.0,9562.0,10112.0,8562.0,8728.0,7484.0,7309.0,8744.0,10157.0,9793.0,8610.0,8535.0,8871.0,9226.0,8578.0,8346.0,8883.0,
MEX.10.10_2,21230291.0,MEX,Guanaceví,0.00209,12100.0,12781.0,13151.0,12177.0,11430.0,12426.0,14289.0,12855.0,13051.0,13196.0,14565.0,13445.0,13358.0,12859.0,13225.0,11060.0,12853.0,12250.0,12136.0,11412.0,12431.0,12653.0,13311.0,12945.0,13800.0,13506.0,14103.0,14095.0,14116.0,14652.0,13925.0,14317.0,14576.0,
MEX.10.11_2,21230292.0,MEX,Hidalgo,-0.00171,14053.0,14730.0,14945.0,13779.0,12456.0,12332.0,11624.0,10451.0,11674.0,10484.0,11922.0,10732.0,10617.0,10347.0,11863.0,11348.0,10371.0,9807.0,9696.0,9285.0,10345.0,10018.0,10525.0,10595.0,11449.0,11169.0,11652.0,11439.0,11753.0,12225.0,11599.0,11944.0,12128.0,
MEX.10.12_2,21230293.0,MEX,Indé,-0.00139,12991.0,13629.0,14024.0,13026.0,13079.0,13625.0,14824.0,13591.0,13103.0,13875.0,15317.0,14236.0,14044.0,13590.0,14081.0,12153.0,13517.0,12901.0,10886.0,10544.0,11425.0,11589.0,12304.0,11885.0,12713.0,12506.0,13046.0,12775.0,12783.0,13272.0,12610.0,12968.0,13184.0,
MEX.10.13_2,21230294.0,MEX,Lerdo,0.00348,12735.0,12947.0,13363.0,13628.0,14816.0,13275.0,13698.0,16597.0,18457.0,17688.0,16080.0,17097.0,17540.0,16293.0,16235.0,16598.0,15685.0,15834.0,16642.0,16061.0,15012.0,15326.0,16652.0,16876.0,17332.0,17658.0,18757.0,17915.0,17888.0,18572.0,17274.0,17711.0,18271.0,
MEX.10.14_2,21230295.0,MEX,Mapimí,-0.00178,11491.0,11836.0,11976.0,11425.0,10567.0,12415.0,13053.0,12157.0,10616.0,10670.0,12382.0,10717.0,11661.0,11187.0,11717.0,11252.0,11695.0,11579.0,11430.0,10253.0,11030.0,9908.0,10437.0,11280.0,12675.0,12656.0,11291.0,11052.0,9335.0,9741.0,9772.0,10070.0,10538.0,
MEX.10.15_2,21230296.0,MEX,Mezquital,0.00295,11539.0,12139.0,12612.0,11539.0,10870.0,11901.0,12116.0,11871.0,11984.0,12237.0,14120.0,12337.0,12389.0,11896.0,12494.0,10192.0,11815.0,11718.0,11610.0,11216.0,12319.0,12642.0,13139.0,13238.0,14231.0,13960.0,14307.0,14018.0,14051.0,14587.0,13869.0,14254.0,14510.0,
MEX.10.16_2,21230297.0,MEX,Nazas,0.0,11819.0,12920.0,12955.0,12574.0,11825.0,11837.0,12190.0,11085.0,11848.0,11797.0,13244.0,11564.0,11408.0,11115.0,11703.0,10475.0,11390.0,11320.0,11298.0,10628.0,11141.0,11020.0,11572.0,12092.0,12262.0,12626.0,13645.0,12873.0,12943.0,13363.0,12920.0,12836.0,13493.0,
MEX.10.17_2,21230298.0,MEX,Nombre de Dios,-0.00079,10995.0,11411.0,11640.0,11016.0,10476.0,10741.0,11810.0,11088.0,10788.0,10524.0,11667.0,10649.0,10620.0,10335.0,10637.0,9833.0,11168.0,10844.0,10744.0,10081.0,10143.0,8871.0,9026.0,9324.0,10265.0,10271.0,10849.0,10924.0,11234.0,11042.0,10903.0,10788.0,11396.0,
MEX.10.18_2,21230299.0,MEX,Nuevo Ideal,-0.00569,11334.0,12401.0,12693.0,11484.0,10639.0,10994.0,11101.0,10078.0,11233.0,10488.0,11805.0,10815.0,12045.0,11650.0,12268.0,10962.0,9968.0,10915.0,9565.0,9078.0,9161.0,8882.0,8117.0,8911.0,9578.0,9399.0,7403.0,7456.0,7432.0,9108.0,8931.0,9066.0,9289.0,
MEX.10.19_2,21230300.0,MEX,Ocampo,0.0,12590.0,13777.0,13821.0,13433.0,11652.0,12562.0,13396.0,11680.0,12358.0,12006.0,13743.0,12261.0,12111.0,11920.0,12419.0,11053.0,12109.0,11767.0,11676.0,11046.0,12282.0,12288.0,12592.0,12065.0,11521.0,11172.0,13243.0,12796.0,13081.0,13640.0,13462.0,13328.0,14001.0,
MEX.10.20_2,21230301.0,MEX,Otáez,0.0,12317.0,13006.0,13280.0,12401.0,12076.0,13000.0,15210.0,13583.0,13217.0,13808.0,14982.0,14054.0,13889.0,13474.0,13861.0,11351.0,10971.0,10580.0,10581.0,10053.0,11302.0,11407.0,11935.0,11718.0,13064.0,12321.0,12809.0,12555.0,12563.0,13059.0,13912.0,14271.0,12969.0,
MEX.10.21_2,21230302.0,MEX,Pánuco de Coronado,0.00337,9744.0,10225.0,10212.0,9965.0,9139.0,10383.0,11816.0,10411.0,8656.0,9701.0,9813.0,9943.0,9788.0,9365.0,9860.0,9487.0,10485.0,10400.0,10300.0,9860.0,11308.0,10545.0,10487.0,11029.0,12247.0,13042.0,12907.0,11292.0,11237.0,11494.0,11425.0,11543.0,11953.0,
MEX.10.22_2,21230303.0,MEX,Peñón Blanco,0.0,10219.0,10480.0,10400.0,10990.0,9964.0,10158.0,10218.0,9903.0,9877.0,9911.0,10625.0,9682.0,9980.0,9720.0,9329.0,9054.0,10171.0,9971.0,10276.0,9521.0,8613.0,8597.0,8877.0,9321.0,10713.0,10081.0,10502.0,10269.0,10219.0,11263.0,10689.0,11004.0,11619.0,
MEX.10.23_2,21230304.0,MEX,Poanas,0.0021,11143.0,12048.0,12024.0,11473.0,9584.0,10092.0,10298.0,9188.0,10708.0,9217.0,10125.0,9023.0,9279.0,10008.0,10101.0,9575.0,10268.0,10400.0,11175.0,10182.0,11357.0,10219.0,11709.0,10754.0,9784.0,10611.0,12563.0,11768.0,11716.0,11132.0,10117.0,9809.0,10370.0,
MEX.10.24_2,21230305.0,MEX,Pueblo Nuevo,0.0,11816.0,12339.0,12323.0,12445.0,13381.0,11503.0,12380.0,9898.0,9866.0,10982.0,10842.0,10985.0,10797.0,10624.0,10744.0,10275.0,11770.0,10795.0,11115.0,9526.0,10290.0,9409.0,10274.0,11082.0,10324.0,11262.0,13759.0,12778.0,13493.0,13898.0,12878.0,13503.0,14181.0,
MEX.10.25_2,21230306.0,MEX,Rodeo,-0.00422,12814.0,13620.0,13854.0,12669.0,11331.0,11186.0,11456.0,10426.0,12309.0,10665.0,11659.0,10988.0,10801.0,10566.0,10791.0,10250.0,10470.0,8601.0,8498.0,8193.0,9264.0,9148.0,9219.0,9406.0,9800.0,9612.0,10629.0,10644.0,10713.0,11145.0,11309.0,11685.0,11765.0,
MEX.10.26_2,21230307.0,MEX,San Bernardo,0.00199,11957.0,12558.0,12922.0,11955.0,11974.0,12543.0,13798.0,12517.0,11888.0,12755.0,14225.0,13130.0,12912.0,12465.0,12918.0,11006.0,12408.0,11815.0,11706.0,11215.0,13235.0,13674.0,14226.0,13961.0,14943.0,14686.0,15281.0,14978.0,13789.0,14315.0,13626.0,13988.0,14236.0,
MEX.10.27_2,21230308.0,MEX,San Dimas,0.00206,11453.0,12050.0,12403.0,11451.0,11089.0,11691.0,13136.0,11663.0,11834.0,12020.0,13665.0,12535.0,12170.0,11678.0,12268.0,9970.0,11600.0,11024.0,10923.0,10504.0,11489.0,11853.0,12712.0,12633.0,13600.0,13391.0,13824.0,12993.0,13030.0,13527.0,12855.0,13218.0,13442.0,
MEX.10.28_2,21230309.0,MEX,San Juan de Guadalupe,0.00235,12025.0,12646.0,13560.0,12113.0,11503.0,12403.0,12696.0,11903.0,12979.0,13136.0,14652.0,12972.0,13297.0,12798.0,13162.0,10998.0,11851.0,12154.0,12033.0,11357.0,12432.0,12529.0,13426.0,13257.0,13885.0,13660.0,14374.0,14095.0,14113.0,14648.0,13745.0,14150.0,14403.0,
MEX.10.29_2,21230310.0,MEX,San Juan del Río,0.0,11679.0,12772.0,12804.0,12427.0,11650.0,12030.0,12416.0,11221.0,11734.0,11473.0,12950.0,11696.0,11501.0,11183.0,11753.0,10603.0,11306.0,10854.0,10918.0,10624.0,11062.0,10842.0,11106.0,11718.0,12069.0,12382.0,13158.0,12889.0,13106.0,13594.0,12940.0,12806.0,13462.0,
MEX.10.30_2,21230311.0,MEX,San Luis del Cordero,-0.00233,11182.0,11905.0,12319.0,11171.0,9767.0,9832.0,10514.0,9391.0,10318.0,9177.0,10579.0,9519.0,9472.0,9208.0,9386.0,8663.0,8952.0,8391.0,8295.0,7957.0,9016.0,8870.0,8978.0,8606.0,9227.0,8997.0,9510.0,10021.0,10008.0,10413.0,9885.0,10174.0,10301.0,
MEX.10.31_2,21230312.0,MEX,San Pedro del Gallo,-0.00171,12407.0,13024.0,13398.0,12282.0,10961.0,10997.0,11624.0,10451.0,11674.0,10484.0,11922.0,10732.0,10617.0,10347.0,10564.0,9796.0,10371.0,9807.0,9389.0,8994.0,10119.0,10018.0,10525.0,9956.0,10744.0,10480.0,10963.0,11439.0,11420.0,11880.0,11599.0,11944.0,12128.0,
MEX.10.32_2,21230313.0,MEX,Santa Clara,0.0,10166.0,11269.0,11632.0,9674.0,10007.0,9889.0,9156.0,8039.0,9941.0,9430.0,9439.0,9546.0,9506.0,9254.0,9350.0,9416.0,8805.0,8074.0,9541.0,10203.0,10082.0,10137.0,10136.0,10410.0,10852.0,11116.0,11330.0,11039.0,9618.0,9959.0,9508.0,9255.0,9419.0,
MEX.10.33_2,21230314.0,MEX,Santiago Papasquiaro,0.00352,13104.0,13522.0,13990.0,13547.0,13044.0,11717.0,14085.0,14095.0,13327.0,14681.0,14301.0,14741.0,15253.0,15296.0,15242.0,13349.0,15217.0,15841.0,16065.0,12533.0,13481.0,13502.0,14446.0,14554.0,16009.0,16102.0,16416.0,15920.0,15353.0,17860.0,17421.0,19310.0,19535.0,
MEX.10.34_2,21230315.0,MEX,Súchil,0.0,12010.0,12651.0,12986.0,12250.0,10944.0,11847.0,11179.0,11616.0,11570.0,11663.0,12064.0,11729.0,11794.0,11341.0,11990.0,11034.0,11471.0,11251.0,11120.0,11021.0,10713.0,11487.0,11778.0,11713.0,12264.0,12430.0,12984.0,12529.0,12525.0,13043.0,12805.0,12627.0,13319.0,
MEX.10.35_2,21230316.0,MEX,Tamazula,0.00251,11539.0,12139.0,12494.0,11539.0,11303.0,11901.0,13335.0,11871.0,11984.0,12237.0,13928.0,12750.0,12389.0,11896.0,12494.0,10192.0,11815.0,11234.0,11131.0,11216.0,12214.0,12597.0,13148.0,13082.0,14083.0,13862.0,14307.0,14018.0,14051.0,14020.0,13327.0,13699.0,13939.0,
MEX.10.36_2,21230317.0,MEX,Tepehuanes,0.00118,11918.0,12592.0,12958.0,11990.0,11479.0,12115.0,13995.0,12546.0,12839.0,12874.0,14201.0,13127.0,13033.0,12536.0,12891.0,10730.0,12534.0,11938.0,11753.0,11049.0,12016.0,12198.0,12642.0,12331.0,13210.0,12930.0,13512.0,13249.0,13273.0,14050.0,13348.0,13728.0,13968.0,
MEX.10.37_2,21230318.0,MEX,Tlahualilo,-0.00371,11016.0,10745.0,10991.0,10752.0,9928.0,11159.0,9706.0,10934.0,9112.0,9900.0,10707.0,11252.0,11082.0,9242.0,9334.0,10874.0,11393.0,7786.0,7707.0,7490.0,8377.0,7434.0,7220.0,7557.0,8879.0,7617.0,10251.0,9699.0,8898.0,8893.0,9292.0,9389.0,9930.0,
MEX.10.38_2,21230319.0,MEX,Topia,0.0017,12061.0,12574.0,12939.0,11972.0,11460.0,12097.0,13977.0,12528.0,12827.0,12863.0,14211.0,13117.0,13022.0,12525.0,13050.0,10885.0,12495.0,11900.0,11790.0,11110.0,12116.0,12326.0,12710.0,12519.0,13461.0,13061.0,13831.0,13563.0,13583.0,14102.0,13381.0,13779.0,14021.0,
MEX.10.39_2,21230320.0,MEX,Vicente Guerrero,0.0,9395.0,10044.0,12576.0,11443.0,9920.0,9722.0,6917.0,8341.0,8281.0,8497.0,7252.0,7651.0,8270.0,7867.0,7759.0,8118.0,8041.0,7341.0,8403.0,7527.0,6458.0,6595.0,7717.0,7968.0,9091.0,9079.0,9760.0,10067.0,9143.0,9703.0,7643.0,7564.0,8028.0,
MEX.11.1_2,21230321.0,MEX,Abasolo,0.00441,9345.0,10003.0,9785.0,10396.0,10035.0,9329.0,10415.0,10531.0,10728.0,10260.0,9400.0,12133.0,11617.0,11022.0,11523.0,10234.0,9990.0,9632.0,9341.0,8160.0,8605.0,9163.0,8791.0,10793.0,12055.0,12830.0,13009.0,13901.0,21104.0,20839.0,13458.0,13398.0,14892.0,
MEX.11.2_2,21230322.0,MEX,Acámbaro,0.0059,10951.0,11118.0,11249.0,11434.0,12256.0,10698.0,12323.0,13270.0,16303.0,14128.0,11703.0,13032.0,14638.0,15106.0,15186.0,13923.0,16245.0,15726.0,14944.0,13717.0,14340.0,15105.0,16925.0,17663.0,17293.0,18230.0,17310.0,16819.0,16125.0,15851.0,15134.0,15699.0,16490.0,
MEX.11.3_2,21230323.0,MEX,Apaseo el Alto,0.00668,10199.0,9942.0,10105.0,10083.0,9839.0,9502.0,10763.0,11472.0,13409.0,15502.0,16439.0,14069.0,12479.0,11495.0,11908.0,10892.0,11899.0,12378.0,13788.0,12462.0,13201.0,13378.0,16800.0,15126.0,14403.0,14677.0,14362.0,16905.0,16806.0,16325.0,13757.0,14454.0,15049.0,
MEX.11.4_2,21230324.0,MEX,Apaseo el Grande,0.00312,13776.0,13750.0,13880.0,14626.0,13747.0,14705.0,14504.0,14511.0,15356.0,15578.0,15289.0,16215.0,17310.0,15491.0,15444.0,14847.0,16825.0,15682.0,16081.0,15510.0,16417.0,16604.0,19617.0,17794.0,15692.0,16018.0,19496.0,19015.0,16915.0,16330.0,14838.0,15467.0,16666.0,
MEX.11.5_2,21230325.0,MEX,Atarjea,0.00188,11553.0,11991.0,12155.0,11836.0,11786.0,11899.0,11429.0,12350.0,11379.0,11562.0,12597.0,13516.0,12538.0,12661.0,12521.0,11919.0,12833.0,12542.0,12557.0,11704.0,12568.0,13022.0,14261.0,14506.0,15251.0,16367.0,12674.0,13831.0,13140.0,13130.0,12851.0,13052.0,14016.0,
MEX.11.6_2,21230326.0,MEX,Celaya,0.00786,14927.0,15257.0,15608.0,16057.0,14902.0,15161.0,13497.0,15197.0,14961.0,15521.0,17638.0,17921.0,16595.0,16973.0,18187.0,16935.0,17823.0,17639.0,18080.0,17442.0,18474.0,18955.0,20175.0,20835.0,21217.0,21900.0,23018.0,23957.0,28400.0,26011.0,23098.0,24139.0,25235.0,
MEX.11.7_2,21230327.0,MEX,Comonfort,0.0,11645.0,12063.0,12270.0,13106.0,11947.0,12330.0,11094.0,12018.0,11373.0,10477.0,9941.0,10957.0,12461.0,12738.0,11913.0,11324.0,12809.0,11516.0,11623.0,11105.0,11952.0,11491.0,12288.0,14478.0,12556.0,13584.0,14089.0,13311.0,11960.0,11603.0,10584.0,11202.0,11615.0,
MEX.11.8_2,21230328.0,MEX,Coroneo,0.00467,8552.0,8720.0,8878.0,9390.0,9293.0,8673.0,9890.0,10163.0,9892.0,10771.0,12293.0,11862.0,10784.0,11292.0,10817.0,10271.0,11697.0,10850.0,11029.0,9721.0,10826.0,10642.0,11142.0,11954.0,12638.0,13474.0,13452.0,12817.0,13234.0,11449.0,11853.0,12111.0,12587.0,
MEX.11.9_2,21230329.0,MEX,Cortazar,0.00564,10889.0,11066.0,10944.0,11474.0,11453.0,11470.0,11552.0,12672.0,13216.0,12088.0,12871.0,14634.0,13567.0,13247.0,12609.0,11995.0,14337.0,13571.0,13729.0,12796.0,13504.0,13772.0,15296.0,15744.0,15569.0,16598.0,16331.0,18618.0,16953.0,15530.0,13793.0,14498.0,15700.0,
MEX.11.10_2,21230330.0,MEX,Cuerámaro,0.00614,8727.0,8676.0,9161.0,9367.0,9318.0,8909.0,10076.0,10356.0,9871.0,10525.0,11785.0,11626.0,10419.0,10341.0,10967.0,9621.0,13082.0,12527.0,11822.0,9509.0,10029.0,10485.0,10715.0,12286.0,13212.0,13303.0,14441.0,14127.0,13383.0,12893.0,12574.0,13617.0,14438.0,
MEX.11.11_2,21230331.0,MEX,Doctor Mora,0.00474,8552.0,8720.0,8878.0,9080.0,9293.0,8673.0,9890.0,9918.0,9578.0,10494.0,11927.0,11532.0,10811.0,10850.0,10794.0,9878.0,11673.0,10714.0,10920.0,10209.0,10826.0,11065.0,11313.0,12267.0,13024.0,14371.0,14323.0,13080.0,11613.0,11964.0,10950.0,11200.0,11511.0,
MEX.11.12_2,21230332.0,MEX,Dolores Hidalgo Cuna de la Indep,0.00944,9311.0,9381.0,9483.0,9443.0,10518.0,8979.0,10157.0,10703.0,12517.0,13594.0,13506.0,14668.0,12020.0,11548.0,12403.0,11423.0,13117.0,12495.0,13503.0,12320.0,13056.0,13741.0,14104.0,14439.0,15939.0,16820.0,23482.0,25635.0,23334.0,22142.0,18843.0,20162.0,17216.0,
MEX.11.13_2,21230333.0,MEX,Guanajuato,0.00612,9595.0,9822.0,9365.0,9618.0,9835.0,9637.0,10532.0,10953.0,11273.0,11534.0,12035.0,13773.0,13949.0,15395.0,15123.0,14304.0,15382.0,14197.0,14260.0,13810.0,14580.0,14682.0,15423.0,14407.0,14421.0,15654.0,15431.0,16491.0,16259.0,16166.0,13499.0,14354.0,16182.0,
MEX.11.14_2,21230334.0,MEX,Huanímaro,0.00426,8643.0,8795.0,8937.0,9261.0,9074.0,8895.0,8394.0,8663.0,9454.0,9305.0,11195.0,10796.0,9459.0,9959.0,10019.0,9419.0,10049.0,9248.0,9207.0,8936.0,9385.0,9449.0,9248.0,10375.0,10584.0,11409.0,12017.0,14252.0,12949.0,12891.0,12256.0,12034.0,13280.0,
MEX.11.15_2,21230335.0,MEX,Irapuato,0.00971,11968.0,12832.0,13172.0,13329.0,12670.0,12412.0,13257.0,13414.0,14569.0,14114.0,15005.0,14839.0,14881.0,15769.0,15818.0,17076.0,18247.0,18730.0,19081.0,18061.0,18384.0,19940.0,20214.0,21558.0,21855.0,23296.0,20731.0,20890.0,20763.0,19446.0,19967.0,20954.0,21869.0,
MEX.11.16_2,21230336.0,MEX,Jaral del Progreso,0.00574,10755.0,9915.0,9847.0,9209.0,8519.0,9144.0,10676.0,10843.0,11031.0,9964.0,10757.0,12892.0,11022.0,10016.0,10109.0,9590.0,10932.0,10359.0,10982.0,9964.0,10546.0,11630.0,12239.0,13061.0,12619.0,14018.0,13353.0,14468.0,15060.0,14627.0,13998.0,13805.0,14057.0,
MEX.11.17_2,21230337.0,MEX,Jerécuaro,0.00228,11460.0,11432.0,11719.0,11910.0,12115.0,11296.0,12127.0,12508.0,12430.0,12587.0,13934.0,14589.0,13561.0,13586.0,13245.0,11933.0,13636.0,12449.0,13087.0,12333.0,13053.0,13299.0,12857.0,14233.0,14975.0,14728.0,14193.0,14950.0,13936.0,12383.0,11290.0,11110.0,12284.0,
MEX.11.18_2,21230338.0,MEX,León,0.00781,11368.0,11508.0,12027.0,11681.0,12187.0,10999.0,11242.0,10960.0,12059.0,12573.0,12990.0,12407.0,13940.0,12760.0,12961.0,13371.0,13534.0,14271.0,14272.0,13278.0,14010.0,14594.0,14556.0,15026.0,16946.0,18338.0,19700.0,20757.0,20021.0,19670.0,18241.0,19116.0,19813.0,
MEX.11.19_2,21230339.0,MEX,Manuel Doblado,0.00091,9298.0,9502.0,9500.0,9583.0,10070.0,9087.0,10538.0,10638.0,10535.0,11234.0,12591.0,12272.0,11039.0,10552.0,11128.0,9625.0,10548.0,9721.0,9378.0,8785.0,9321.0,9547.0,11107.0,11053.0,12438.0,13388.0,11465.0,10939.0,10589.0,9932.0,10783.0,11056.0,11006.0,
MEX.11.20_2,21230340.0,MEX,Moroleón,0.00803,10865.0,11833.0,9524.0,9712.0,8248.0,9776.0,9731.0,9708.0,10908.0,10673.0,9448.0,10596.0,10996.0,11050.0,10801.0,10503.0,12024.0,13897.0,12540.0,11435.0,11927.0,10802.0,10970.0,12330.0,13037.0,14013.0,16164.0,15412.0,18845.0,18243.0,17731.0,18559.0,19234.0,
MEX.11.21_2,21230341.0,MEX,Ocampo,0.00573,9778.0,9950.0,10118.0,10646.0,11223.0,9826.0,10498.0,10805.0,11333.0,11851.0,13087.0,13244.0,12833.0,12477.0,12467.0,11863.0,12630.0,11240.0,11738.0,10929.0,11601.0,11727.0,12300.0,13369.0,14674.0,15589.0,15636.0,15595.0,14297.0,13920.0,14799.0,15202.0,16178.0,
MEX.11.22_2,21230342.0,MEX,Pénjamo,0.00281,12299.0,12443.0,12635.0,13024.0,13449.0,12340.0,12433.0,13358.0,13802.0,12242.0,12476.0,13896.0,14338.0,15057.0,14513.0,14012.0,14302.0,12812.0,11373.0,10544.0,12228.0,13035.0,10688.0,13305.0,14715.0,16001.0,13353.0,15584.0,13994.0,15815.0,16875.0,18153.0,19587.0,
MEX.11.23_2,21230343.0,MEX,Pueblo Nuevo,0.008,10374.0,10641.0,10682.0,10907.0,11930.0,9949.0,10617.0,11883.0,14866.0,12681.0,11187.0,11890.0,13015.0,13228.0,14342.0,12487.0,15545.0,14428.0,16484.0,15603.0,15549.0,18102.0,18874.0,16716.0,15055.0,16053.0,15579.0,16614.0,15049.0,16232.0,15160.0,15882.0,16389.0,
MEX.11.24_2,21230344.0,MEX,Purísima del Rincón,0.00549,10438.0,10820.0,10969.0,11415.0,10571.0,10981.0,11020.0,11327.0,12538.0,9848.0,9544.0,11343.0,12657.0,13218.0,13178.0,12233.0,13903.0,13280.0,13131.0,13037.0,13779.0,14331.0,15666.0,15347.0,14101.0,14967.0,14223.0,15364.0,14494.0,14854.0,12644.0,13195.0,14035.0,
MEX.11.25_2,21230345.0,MEX,Romita,0.00265,10712.0,10550.0,10500.0,11000.0,11688.0,10403.0,9425.0,9752.0,10107.0,9610.0,10773.0,11131.0,11641.0,11676.0,11677.0,10883.0,11661.0,11057.0,11392.0,10886.0,11070.0,10854.0,11140.0,11646.0,11661.0,12572.0,11000.0,14370.0,13258.0,12644.0,17292.0,18907.0,19893.0,
MEX.11.26_2,21230346.0,MEX,Salamanca,0.00592,10018.0,10667.0,11250.0,10960.0,14538.0,13528.0,13145.0,13511.0,13735.0,12736.0,12740.0,14653.0,14866.0,14837.0,14651.0,13972.0,14759.0,13944.0,13985.0,13000.0,13604.0,14210.0,14554.0,15546.0,17042.0,17898.0,19362.0,18038.0,19571.0,18699.0,17866.0,18510.0,18132.0,
MEX.11.27_2,21230347.0,MEX,Salvatierra,0.01223,8661.0,8761.0,9148.0,9155.0,8232.0,8573.0,10312.0,10982.0,10734.0,10386.0,10612.0,10755.0,13295.0,13225.0,12760.0,11050.0,13762.0,13530.0,13387.0,12082.0,12825.0,13396.0,13911.0,14576.0,15405.0,16494.0,18203.0,22522.0,22619.0,21740.0,21425.0,22742.0,21355.0,
MEX.11.28_2,21230348.0,MEX,San Diego de la Unión,0.00663,8574.0,8678.0,8825.0,8985.0,9286.0,8607.0,9191.0,9459.0,9509.0,10149.0,11658.0,11624.0,10557.0,10601.0,10709.0,9638.0,11304.0,10399.0,10490.0,9844.0,10494.0,10778.0,11136.0,12159.0,12976.0,13783.0,12977.0,14150.0,15189.0,14830.0,13065.0,13390.0,13967.0,
MEX.11.29_2,21230349.0,MEX,San Felipe,0.0071,8040.0,7773.0,7733.0,8191.0,8482.0,8352.0,8995.0,9343.0,9812.0,10050.0,11205.0,10246.0,10227.0,11312.0,11377.0,10116.0,11821.0,10841.0,10512.0,9644.0,10213.0,10566.0,10559.0,11240.0,11466.0,12296.0,12672.0,12707.0,12808.0,13008.0,13698.0,13513.0,14219.0,
MEX.11.30_2,21230350.0,MEX,San Francisco del Rincón,0.00603,10579.0,10734.0,10857.0,11156.0,11040.0,10995.0,11914.0,13138.0,13153.0,13042.0,14080.0,12752.0,12970.0,12772.0,12650.0,11316.0,12338.0,13412.0,14441.0,13698.0,14364.0,14606.0,15640.0,15199.0,15584.0,15266.0,15317.0,16058.0,15353.0,16107.0,15274.0,15763.0,16801.0,
MEX.11.31_2,21230351.0,MEX,San José Iturbide,0.0065,9575.0,9846.0,9994.0,10168.0,9923.0,10165.0,13477.0,13611.0,10844.0,13002.0,14567.0,13143.0,10392.0,11608.0,11945.0,10303.0,13184.0,12025.0,12909.0,11307.0,11929.0,11859.0,11727.0,14078.0,13159.0,13789.0,13994.0,15207.0,21406.0,20938.0,17054.0,17293.0,16396.0,
MEX.11.32_2,21230352.0,MEX,San Luis de la Paz,0.00658,10678.0,10969.0,11100.0,11651.0,11655.0,10949.0,11785.0,12600.0,14749.0,15006.0,11432.0,11816.0,13029.0,13220.0,13076.0,11606.0,12893.0,12803.0,14534.0,13356.0,14036.0,14829.0,15220.0,15425.0,16410.0,17341.0,17588.0,17559.0,16781.0,15732.0,14375.0,15102.0,15582.0,
MEX.11.33_2,21230353.0,MEX,San Miguel de Allende,0.00973,8367.0,8812.0,9182.0,9235.0,9253.0,8375.0,11082.0,11738.0,11449.0,12213.0,12193.0,12357.0,10590.0,10553.0,11091.0,9806.0,12051.0,11891.0,12736.0,11692.0,12188.0,13504.0,15583.0,12496.0,14300.0,15394.0,16035.0,20449.0,22001.0,21153.0,15358.0,19857.0,20857.0,
MEX.11.34_2,21230354.0,MEX,Santa Catarina,0.00592,8331.0,8542.0,8684.0,8928.0,8490.0,8548.0,8063.0,8603.0,9433.0,10273.0,10895.0,10813.0,10110.0,10585.0,9632.0,9882.0,10363.0,9204.0,9737.0,9182.0,10004.0,10260.0,10520.0,11504.0,11968.0,12286.0,12373.0,13471.0,12978.0,12540.0,11999.0,12276.0,13107.0,
MEX.11.35_2,21230355.0,MEX,Santa Cruz de Juventino Rosas,0.00392,10828.0,9438.0,9582.0,10952.0,10413.0,10716.0,13072.0,15209.0,16864.0,14425.0,13518.0,13699.0,12565.0,13055.0,13260.0,12433.0,13567.0,13339.0,12455.0,11458.0,12188.0,13384.0,15867.0,13867.0,12886.0,14396.0,13492.0,16239.0,15939.0,15668.0,13691.0,14481.0,15075.0,
MEX.11.36_2,21230356.0,MEX,Santiago Maravatío,0.00169,10229.0,9992.0,10096.0,10311.0,10030.0,10076.0,13078.0,13521.0,10844.0,12432.0,14651.0,13015.0,11165.0,11004.0,11178.0,9464.0,12032.0,11269.0,11663.0,10317.0,10884.0,11022.0,11888.0,13400.0,15418.0,16397.0,12758.0,12737.0,10637.0,10009.0,10489.0,11712.0,11463.0,
MEX.11.37_2,21230357.0,MEX,Silao de la Victoria,0.00307,13526.0,13533.0,13811.0,14413.0,14049.0,13857.0,13566.0,13878.0,14050.0,14477.0,14625.0,17199.0,16882.0,17451.0,16188.0,16212.0,17652.0,14927.0,15240.0,14730.0,15842.0,15811.0,16314.0,16401.0,14889.0,17267.0,16130.0,17614.0,18082.0,16814.0,15294.0,15576.0,16728.0,
MEX.11.38_2,21230358.0,MEX,Tarandacuao,0.00724,9365.0,9413.0,9548.0,9985.0,10896.0,9540.0,9604.0,9961.0,10960.0,11183.0,12670.0,12277.0,11970.0,12594.0,12059.0,11138.0,13385.0,12597.0,12768.0,11699.0,12372.0,12460.0,11276.0,12640.0,14488.0,16360.0,13634.0,16466.0,14239.0,15093.0,15908.0,16177.0,16897.0,
MEX.11.39_2,21230359.0,MEX,Tarimoro,0.00313,12014.0,11650.0,10248.0,10720.0,11826.0,10279.0,10041.0,10041.0,10577.0,9861.0,11787.0,11572.0,13130.0,13309.0,12873.0,12377.0,12589.0,11102.0,11049.0,10541.0,11103.0,10178.0,7909.0,10162.0,11448.0,12140.0,11690.0,14101.0,14279.0,21433.0,17497.0,18985.0,19980.0,
MEX.11.40_2,21230360.0,MEX,Tierra Blanca,0.00454,9153.0,9045.0,9629.0,10056.0,9789.0,9120.0,9972.0,10652.0,10613.0,11155.0,12204.0,11937.0,11158.0,11351.0,11452.0,10582.0,11968.0,10804.0,11186.0,10446.0,11035.0,11397.0,11865.0,12377.0,12604.0,13626.0,13701.0,14044.0,13855.0,12651.0,11976.0,12277.0,13108.0,
MEX.11.41_2,21230361.0,MEX,Uriangato,0.00706,10239.0,10745.0,11260.0,11591.0,12101.0,10934.0,10727.0,11145.0,12411.0,12247.0,12577.0,13667.0,13990.0,14247.0,13661.0,13318.0,14409.0,13509.0,15351.0,14533.0,15391.0,15622.0,15591.0,16359.0,16019.0,17114.0,16465.0,17838.0,16798.0,15479.0,14351.0,14911.0,15901.0,
MEX.11.42_2,21230362.0,MEX,Valle de Santiago,0.00634,10710.0,11038.0,11168.0,11381.0,11340.0,10937.0,12391.0,14197.0,15037.0,12159.0,12500.0,12409.0,13545.0,13594.0,13590.0,12573.0,13299.0,12845.0,14269.0,14026.0,14811.0,15256.0,18739.0,16258.0,16033.0,16924.0,17020.0,15560.0,16729.0,16395.0,14630.0,15317.0,15897.0,
MEX.11.43_2,21230363.0,MEX,Victoria,0.00496,9834.0,9950.0,10118.0,10642.0,11208.0,9817.0,10498.0,10519.0,11108.0,11851.0,13087.0,13837.0,12722.0,12358.0,12735.0,12008.0,12844.0,11463.0,11888.0,11129.0,11803.0,11937.0,12701.0,13545.0,14861.0,15787.0,14964.0,15670.0,14813.0,12050.0,11788.0,12055.0,12870.0,
MEX.11.44_2,21230364.0,MEX,Villagrán,0.00587,17330.0,18000.0,12204.0,11578.0,13412.0,11192.0,12474.0,12425.0,12667.0,14156.0,15336.0,15543.0,15863.0,14277.0,13957.0,13349.0,14123.0,14497.0,15944.0,15103.0,15807.0,16692.0,16024.0,16491.0,15977.0,17041.0,15645.0,18766.0,18621.0,17892.0,16062.0,16705.0,17796.0,
MEX.11.45_2,21230365.0,MEX,Xichú,0.00473,8356.0,8622.0,8681.0,9160.0,9599.0,8554.0,9288.0,9608.0,8361.0,8974.0,9344.0,10036.0,9241.0,8970.0,9276.0,8565.0,9937.0,9333.0,9386.0,8797.0,9290.0,9678.0,10526.0,10817.0,11240.0,12034.0,11451.0,13022.0,12923.0,12545.0,12082.0,12248.0,13426.0,
MEX.11.46_2,21230366.0,MEX,Yuriria,0.0056,10205.0,9666.0,9601.0,9893.0,10564.0,10026.0,10188.0,10763.0,10503.0,9545.0,8655.0,10991.0,11792.0,11739.0,11998.0,10876.0,12176.0,11751.0,11801.0,10040.0,10624.0,8824.0,8338.0,10572.0,12534.0,13352.0,11458.0,13884.0,20313.0,20391.0,17094.0,18543.0,16098.0,
MEX.12.1_2,21230367.0,MEX,Acapulco de Juárez,-0.00513,19622.0,20091.0,20094.0,22987.0,23909.0,22032.0,18726.0,19289.0,19413.0,15258.0,15313.0,16920.0,16855.0,14447.0,14787.0,14902.0,13647.0,13890.0,13606.0,12851.0,13496.0,13384.0,14310.0,14428.0,14772.0,15001.0,14490.0,14496.0,14786.0,14380.0,13780.0,14447.0,14964.0,
MEX.12.2_2,21230368.0,MEX,Acatepec,0.01294,5114.0,4386.0,4294.0,4177.0,4751.0,4549.0,6116.0,4803.0,5046.0,5579.0,5648.0,6085.0,6631.0,5749.0,6131.0,6549.0,6949.0,7611.0,7438.0,7727.0,8205.0,8229.0,8514.0,8692.0,8449.0,9164.0,8741.0,9707.0,9243.0,8631.0,7928.0,7959.0,8244.0,
MEX.12.3_2,21230369.0,MEX,Ahuacuotzingo,-0.00196,6123.0,7053.0,7174.0,5716.0,5282.0,5674.0,6361.0,6260.0,6265.0,6827.0,6058.0,6693.0,6673.0,5390.0,4841.0,4947.0,5355.0,6155.0,6013.0,5610.0,6296.0,5604.0,4368.0,4491.0,4899.0,4706.0,5503.0,5621.0,5982.0,6651.0,5779.0,6741.0,6969.0,
MEX.12.4_2,21230370.0,MEX,Ajuchitlán del Progreso,0.00903,2903.0,3408.0,3993.0,3298.0,3174.0,3030.0,3834.0,3950.0,3535.0,4735.0,4771.0,5705.0,5850.0,4094.0,4088.0,4651.0,5558.0,5636.0,4765.0,4967.0,4740.0,4662.0,5028.0,4609.0,5350.0,5420.0,5581.0,6072.0,6160.0,6380.0,6906.0,5975.0,6178.0,
MEX.12.5_2,21230371.0,MEX,Alcozauca de Guerrero,0.00318,5985.0,6051.0,5882.0,5906.0,6532.0,5872.0,6126.0,6310.0,6761.0,7145.0,7241.0,7433.0,7493.0,6835.0,7220.0,7322.0,7021.0,6943.0,6698.0,6403.0,6577.0,6535.0,6361.0,6777.0,6533.0,6846.0,7596.0,7566.0,7552.0,9059.0,9140.0,9446.0,9784.0,
MEX.12.6_2,21230372.0,MEX,Alpoyeca,0.00327,9292.0,8769.0,8864.0,8476.0,8793.0,8150.0,8675.0,9329.0,9462.0,10698.0,10599.0,11284.0,11003.0,9999.0,9472.0,9740.0,9576.0,10374.0,10500.0,9813.0,9811.0,9940.0,10379.0,10130.0,10349.0,10397.0,11130.0,11000.0,10768.0,10779.0,10713.0,11152.0,11551.0,
MEX.12.7_2,21230373.0,MEX,Apaxtla,0.00178,5488.0,5174.0,5227.0,5857.0,5412.0,5620.0,6388.0,5848.0,6716.0,7530.0,7612.0,7334.0,7168.0,7507.0,6425.0,6437.0,7787.0,7497.0,7132.0,6977.0,7238.0,6874.0,6472.0,6532.0,6675.0,6586.0,6817.0,7156.0,6895.0,6815.0,7066.0,6908.0,6909.0,
MEX.12.8_2,21230374.0,MEX,Arcelia,0.00587,5132.0,5582.0,5487.0,5406.0,4475.0,6443.0,6608.0,4189.0,5085.0,8566.0,8209.0,6357.0,6320.0,6664.0,6017.0,5693.0,7822.0,7437.0,6502.0,7435.0,7838.0,7788.0,6451.0,6086.0,6479.0,6748.0,6899.0,7382.0,7590.0,8341.0,8765.0,10517.0,8532.0,
MEX.12.9_2,21230375.0,MEX,Atenango del Río,-0.00161,7314.0,7022.0,7112.0,6781.0,6860.0,7227.0,8891.0,8658.0,7917.0,8632.0,8680.0,9492.0,9568.0,8627.0,8098.0,8332.0,7979.0,8475.0,9058.0,8187.0,8350.0,7753.0,6919.0,7094.0,7143.0,7186.0,8044.0,7785.0,7592.0,7669.0,7369.0,7738.0,8015.0,
MEX.12.10_2,21230376.0,MEX,Atlamajalcingo del Monte,0.00626,5746.0,5006.0,4668.0,4278.0,4391.0,4470.0,5094.0,5351.0,5432.0,5229.0,6143.0,6131.0,5462.0,6018.0,5516.0,6726.0,6458.0,6564.0,6539.0,6282.0,6267.0,6755.0,6470.0,6619.0,6289.0,6451.0,7350.0,7069.0,7040.0,7175.0,7306.0,7664.0,7939.0,
MEX.12.11_2,21230377.0,MEX,Atlixtac,0.00285,5380.0,5727.0,5944.0,5678.0,6622.0,5691.0,6379.0,6412.0,6321.0,6639.0,6721.0,7316.0,7404.0,6423.0,6622.0,6722.0,6553.0,6730.0,6653.0,6125.0,6746.0,6703.0,6501.0,7442.0,7410.0,7595.0,8012.0,7328.0,7284.0,7055.0,7170.0,7390.0,7655.0,
MEX.12.12_2,21230378.0,MEX,Atoyac de Álvarez,0.01208,3616.0,4130.0,4713.0,4148.0,4351.0,4153.0,4181.0,3896.0,5013.0,6872.0,6916.0,6630.0,6482.0,5658.0,4253.0,4235.0,7874.0,7270.0,7262.0,7429.0,6638.0,7682.0,6377.0,5626.0,5859.0,6030.0,9376.0,9545.0,9310.0,8983.0,9267.0,9693.0,9502.0,
MEX.12.13_2,21230379.0,MEX,Ayutla de los Libres,0.00723,3884.0,4096.0,3856.0,4121.0,4277.0,4577.0,3938.0,4057.0,4427.0,5285.0,4221.0,4623.0,4471.0,4100.0,5802.0,5812.0,6001.0,5271.0,4857.0,5102.0,5646.0,5301.0,5019.0,5012.0,5116.0,5257.0,6091.0,6095.0,6853.0,6997.0,6749.0,7066.0,7308.0,
MEX.12.14_2,21230380.0,MEX,Azoyú,0.0,6240.0,6127.0,8644.0,7606.0,11859.0,8586.0,9625.0,11176.0,13518.0,13646.0,15186.0,14961.0,14452.0,12948.0,12877.0,13252.0,15292.0,14712.0,11828.0,14360.0,14387.0,16897.0,10738.0,10235.0,9966.0,10032.0,10045.0,8475.0,8549.0,8424.0,8941.0,8810.0,9276.0,
MEX.12.15_2,21230381.0,MEX,Benito Juárez,0.00517,9692.0,7007.0,5834.0,5134.0,4775.0,5110.0,5076.0,7126.0,7249.0,10061.0,10036.0,11126.0,10849.0,11516.0,11822.0,12044.0,11455.0,11114.0,11760.0,10733.0,11784.0,12265.0,10036.0,10358.0,10957.0,11066.0,11186.0,11826.0,11270.0,12100.0,11115.0,12473.0,12919.0,
MEX.12.16_2,21230382.0,MEX,Buenavista de Cuéllar,0.0098,6122.0,6559.0,6707.0,5783.0,5303.0,5220.0,5852.0,5577.0,5931.0,6444.0,6310.0,8074.0,8242.0,7772.0,8931.0,8382.0,9842.0,11021.0,11149.0,10416.0,9663.0,10105.0,9993.0,9779.0,10338.0,10393.0,10829.0,11282.0,11627.0,11623.0,11189.0,11642.0,11639.0,
MEX.12.17_2,21230383.0,MEX,Chilapa de Álvarez,-0.00146,8756.0,8853.0,8395.0,7692.0,6358.0,7916.0,7912.0,8587.0,8749.0,9291.0,9336.0,10869.0,10788.0,9381.0,8886.0,8724.0,8811.0,8806.0,9390.0,8646.0,8931.0,7926.0,7708.0,7470.0,7748.0,7775.0,7976.0,8063.0,7633.0,7799.0,8268.0,8763.0,9016.0,
MEX.12.18_2,21230384.0,MEX,Chilpancingo de los Bravo,0.00286,7241.0,8769.0,9558.0,8193.0,8679.0,7699.0,9570.0,8783.0,9134.0,11237.0,11205.0,12238.0,10884.0,11186.0,11147.0,11070.0,10292.0,10602.0,9525.0,9784.0,10669.0,10680.0,12364.0,12385.0,13017.0,13243.0,11394.0,10773.0,11086.0,10885.0,10053.0,10928.0,11320.0,
MEX.12.19_2,21230385.0,MEX,Coahuayutla de José María Izazag,0.00279,7013.0,7001.0,6983.0,5931.0,6344.0,6210.0,6962.0,7079.0,7147.0,7701.0,7911.0,8673.0,9069.0,7615.0,7961.0,8094.0,7909.0,7831.0,8006.0,7796.0,7658.0,7785.0,7891.0,8238.0,8058.0,7963.0,8476.0,8300.0,8502.0,8420.0,8357.0,8406.0,8672.0,
MEX.12.20_2,21230386.0,MEX,Cochoapa el Grande,0.00084,4651.0,4810.0,4971.0,4375.0,4924.0,4701.0,5250.0,5249.0,5976.0,6490.0,6587.0,6470.0,6610.0,5929.0,4039.0,4158.0,5447.0,6547.0,6007.0,6030.0,6794.0,6335.0,4703.0,4776.0,5025.0,4950.0,5863.0,5268.0,5284.0,5369.0,5321.0,5788.0,5921.0,
MEX.12.21_2,21230387.0,MEX,Cocula,0.00238,5262.0,4629.0,4829.0,4783.0,5413.0,4667.0,4501.0,5408.0,5307.0,5771.0,5794.0,6111.0,6267.0,5310.0,5278.0,5485.0,5896.0,6126.0,6639.0,5875.0,5998.0,5945.0,5203.0,5174.0,5354.0,5806.0,5694.0,6128.0,6157.0,6134.0,5807.0,6074.0,6886.0,
MEX.12.22_2,21230388.0,MEX,Copala,0.01286,4892.0,4321.0,4432.0,4491.0,5170.0,4538.0,5088.0,4686.0,5204.0,5607.0,5925.0,5927.0,7142.0,6034.0,6614.0,6806.0,7479.0,7360.0,8051.0,8482.0,8292.0,8240.0,8355.0,9273.0,8245.0,8931.0,9013.0,9690.0,9415.0,8897.0,9447.0,9319.0,9636.0,
MEX.12.23_2,21230389.0,MEX,Copalillo,0.0,5012.0,4952.0,5012.0,4411.0,5333.0,5091.0,5190.0,6087.0,7057.0,7764.0,7847.0,7226.0,7338.0,7180.0,5635.0,5855.0,7302.0,7423.0,7007.0,6903.0,7487.0,6850.0,4884.0,4867.0,4983.0,4851.0,6129.0,6088.0,5400.0,5483.0,5023.0,5417.0,5921.0,
MEX.12.24_2,21230390.0,MEX,Copanatoyac,0.00644,4253.0,3377.0,3549.0,3937.0,3540.0,3653.0,4096.0,4263.0,4527.0,5402.0,5259.0,6027.0,5532.0,5241.0,4843.0,4844.0,5314.0,6414.0,6562.0,6023.0,6562.0,6184.0,5131.0,5067.0,5171.0,5310.0,6616.0,6142.0,6416.0,6364.0,5315.0,5634.0,5792.0,
MEX.12.25_2,21230391.0,MEX,Coyuca de Benítez,0.00184,6590.0,6965.0,7085.0,6719.0,5593.0,5886.0,7558.0,6200.0,7130.0,7940.0,7844.0,8504.0,7281.0,6574.0,7063.0,7011.0,6750.0,7004.0,7670.0,7148.0,7537.0,6722.0,7137.0,7048.0,7267.0,7827.0,7858.0,7266.0,7417.0,7734.0,7651.0,7693.0,7945.0,
MEX.12.26_2,21230392.0,MEX,Coyuca de Catalán,0.00944,3187.0,3513.0,2975.0,3790.0,3301.0,3197.0,3073.0,2834.0,3697.0,4192.0,4227.0,4593.0,4626.0,5061.0,4493.0,4676.0,5392.0,5083.0,5694.0,5149.0,4826.0,5751.0,5153.0,5795.0,6037.0,6043.0,5249.0,5095.0,5628.0,5739.0,6003.0,6186.0,6586.0,
MEX.12.27_2,21230393.0,MEX,Cuajinicuilapa,0.0025,5603.0,6115.0,6308.0,5932.0,5517.0,5267.0,5519.0,5601.0,4973.0,5163.0,5473.0,5925.0,6264.0,5664.0,5692.0,5839.0,6503.0,6179.0,6192.0,6237.0,6011.0,6621.0,4489.0,4904.0,4419.0,4688.0,5263.0,5779.0,6247.0,6910.0,8289.0,7626.0,7889.0,
MEX.12.28_2,21230394.0,MEX,Cualác,0.0,6468.0,5630.0,5724.0,5479.0,6053.0,5577.0,5510.0,6263.0,6422.0,6692.0,6723.0,7274.0,7380.0,6544.0,6710.0,6876.0,6842.0,6841.0,6547.0,6138.0,6218.0,5967.0,4837.0,5425.0,5505.0,5621.0,5943.0,6855.0,7004.0,7007.0,6720.0,7042.0,7302.0,
MEX.12.29_2,21230395.0,MEX,Cuautepec,0.00829,4827.0,4978.0,5503.0,5937.0,5276.0,6147.0,6269.0,5408.0,5756.0,6221.0,5697.0,6289.0,7178.0,6179.0,6643.0,6738.0,8169.0,8366.0,7988.0,8672.0,8315.0,8262.0,8429.0,8576.0,8403.0,8378.0,8258.0,9336.0,8749.0,8509.0,8722.0,8605.0,8896.0,
MEX.12.30_2,21230396.0,MEX,Cuetzala del Progreso,0.00284,6021.0,5904.0,5790.0,4465.0,4146.0,4616.0,5175.0,5257.0,5180.0,5620.0,6281.0,6220.0,6176.0,5769.0,5355.0,5511.0,6853.0,7479.0,7198.0,6650.0,6825.0,6679.0,5825.0,5927.0,6010.0,5935.0,7282.0,6294.0,6501.0,6411.0,6082.0,6388.0,6652.0,
MEX.12.31_2,21230397.0,MEX,Cutzamala de Pinzón,0.00373,4853.0,4835.0,5973.0,5349.0,5091.0,5629.0,6023.0,6102.0,6489.0,7241.0,7238.0,8052.0,8394.0,6812.0,6589.0,6694.0,6616.0,7251.0,7584.0,7189.0,7648.0,7619.0,7035.0,7254.0,7361.0,7337.0,7745.0,7188.0,7468.0,7436.0,7474.0,7625.0,8796.0,
MEX.12.32_2,21230398.0,MEX,Eduardo Neri,-0.00553,9542.0,9486.0,10103.0,9479.0,9376.0,8517.0,9900.0,9357.0,9716.0,11009.0,10930.0,11270.0,8746.0,6179.0,6897.0,6572.0,6696.0,7292.0,8001.0,7712.0,7359.0,7313.0,7131.0,7083.0,7366.0,7456.0,7402.0,7317.0,6999.0,6881.0,6358.0,6631.0,6869.0,
MEX.12.33_2,21230399.0,MEX,Florencio Villarreal,0.00974,3736.0,3896.0,4206.0,3701.0,4615.0,1450.0,3408.0,3511.0,4782.0,5838.0,5872.0,5169.0,4947.0,4231.0,3612.0,4304.0,7842.0,7039.0,6531.0,7067.0,6529.0,5308.0,5709.0,5144.0,5707.0,5634.0,8930.0,9434.0,8740.0,6958.0,6944.0,7054.0,6755.0,
MEX.12.34_2,21230400.0,MEX,General Canuto A. Neri,0.0,6354.0,6195.0,6402.0,5422.0,5273.0,5789.0,7174.0,6853.0,6788.0,7961.0,8027.0,8281.0,8566.0,7668.0,7496.0,7150.0,8237.0,8046.0,8754.0,8187.0,7701.0,7297.0,6893.0,7004.0,6640.0,6597.0,6919.0,6706.0,6356.0,6284.0,6703.0,6549.0,6463.0,
MEX.12.35_2,21230401.0,MEX,General Heliodoro Castillo,0.00646,4806.0,4922.0,4970.0,4462.0,4095.0,4577.0,5726.0,4881.0,4872.0,5426.0,5490.0,6002.0,6235.0,5407.0,5141.0,5476.0,6344.0,6529.0,6796.0,6593.0,6608.0,6886.0,6901.0,6970.0,7079.0,6981.0,7437.0,7232.0,7134.0,6930.0,6443.0,6958.0,6760.0,
MEX.12.36_2,21230402.0,MEX,Huamuxtitlán,0.00874,4249.0,3516.0,4181.0,4233.0,4430.0,4338.0,4147.0,4862.0,4747.0,6238.0,5862.0,5314.0,5750.0,5279.0,5438.0,5292.0,5961.0,6702.0,7485.0,6662.0,6962.0,6918.0,6410.0,6624.0,6507.0,6617.0,7501.0,6922.0,6801.0,6953.0,7144.0,7318.0,7580.0,
MEX.12.37_2,21230403.0,MEX,Huitzuco de los Figueroa,0.0014,5200.0,5314.0,5079.0,5181.0,4856.0,5105.0,4477.0,5550.0,5878.0,6399.0,6244.0,6219.0,6786.0,5966.0,6505.0,6784.0,6294.0,6823.0,6797.0,6220.0,6372.0,5887.0,5546.0,6176.0,6372.0,6535.0,6342.0,6087.0,6623.0,6329.0,6065.0,6076.0,6613.0,
MEX.12.38_2,21230404.0,MEX,Iguala de la Independencia,0.00163,10908.0,11271.0,11413.0,10846.0,10932.0,9243.0,10586.0,10120.0,11425.0,12454.0,12451.0,13880.0,12034.0,11993.0,11997.0,12141.0,11314.0,11496.0,10801.0,10881.0,11566.0,11541.0,12811.0,13716.0,13468.0,13687.0,13094.0,12339.0,12785.0,12635.0,11435.0,11990.0,12420.0,
MEX.12.39_2,21230405.0,MEX,Igualapa,0.00542,4472.0,4359.0,4582.0,4203.0,5381.0,4085.0,4177.0,5030.0,5815.0,6864.0,6986.0,8057.0,7789.0,6736.0,8241.0,8103.0,7297.0,6472.0,5555.0,5888.0,6004.0,6174.0,5148.0,5662.0,5809.0,5877.0,7121.0,6474.0,7418.0,7641.0,6971.0,7977.0,8252.0,
MEX.12.40_2,21230406.0,MEX,Iliatenco,0.0087,6328.0,6048.0,5455.0,5812.0,5624.0,5033.0,5772.0,5190.0,5411.0,5862.0,6047.0,5983.0,6885.0,5585.0,6824.0,6420.0,7018.0,7570.0,6837.0,7190.0,7496.0,7814.0,8084.0,8265.0,7978.0,7899.0,8220.0,9935.0,9748.0,9250.0,9005.0,9237.0,9130.0,
MEX.12.41_2,21230407.0,MEX,Ixcateopan de Cuauhtémoc,0.00268,5111.0,4624.0,4695.0,4506.0,4920.0,4603.0,4245.0,5120.0,4950.0,5159.0,5177.0,5496.0,5637.0,5128.0,5057.0,5247.0,5457.0,5506.0,6082.0,5424.0,5635.0,5333.0,4416.0,4567.0,4532.0,4716.0,5447.0,5071.0,5627.0,5554.0,5898.0,6096.0,6322.0,
MEX.12.42_2,21230408.0,MEX,José Joaquín de Herrera,0.01145,3427.0,2922.0,3109.0,2736.0,4116.0,1939.0,3362.0,3463.0,4632.0,5948.0,6054.0,5546.0,5366.0,4589.0,3126.0,3544.0,6082.0,7513.0,7856.0,7751.0,8738.0,7505.0,6942.0,6984.0,7298.0,7620.0,7387.0,6932.0,5530.0,4817.0,4825.0,4602.0,4767.0,
MEX.12.43_2,21230409.0,MEX,Juan R. Escudero,0.01265,4918.0,4384.0,4748.0,5240.0,4568.0,4562.0,4320.0,3814.0,4233.0,4328.0,4237.0,4512.0,4325.0,4957.0,5087.0,4409.0,6593.0,6611.0,7833.0,7353.0,7774.0,7035.0,8372.0,8596.0,9405.0,9349.0,7457.0,7480.0,7346.0,8041.0,7673.0,7987.0,8181.0,
MEX.12.44_2,21230410.0,MEX,Juchitán,0.00616,3935.0,4388.0,4510.0,4130.0,4205.0,4341.0,4867.0,4640.0,4675.0,5332.0,5219.0,5618.0,6106.0,4856.0,4407.0,4468.0,5681.0,5877.0,5495.0,5555.0,5580.0,5364.0,5147.0,5253.0,5441.0,5437.0,6403.0,6643.0,6937.0,6867.0,6704.0,6767.0,6918.0,
MEX.12.45_2,21230411.0,MEX,La Unión de Isidoro Montes de Oc,0.00205,10092.0,10175.0,10761.0,8779.0,9020.0,8957.0,9679.0,10578.0,10457.0,11633.0,11399.0,12739.0,13125.0,10570.0,11494.0,10997.0,10847.0,11361.0,11348.0,10793.0,11077.0,11594.0,11687.0,11357.0,11522.0,11712.0,11724.0,11881.0,11547.0,11264.0,11003.0,11294.0,11699.0,
MEX.12.46_2,21230412.0,MEX,Leonardo Bravo,0.00245,5811.0,6539.0,6287.0,4844.0,5084.0,5158.0,6295.0,6484.0,6387.0,6749.0,6801.0,7660.0,7653.0,7203.0,7177.0,7605.0,7610.0,7508.0,7232.0,7434.0,7097.0,8248.0,7223.0,6849.0,7249.0,7394.0,7675.0,8082.0,7672.0,5743.0,5481.0,5882.0,6084.0,
MEX.12.47_2,21230413.0,MEX,Malinaltepec,0.00287,6841.0,6264.0,6115.0,5786.0,5120.0,6370.0,8605.0,7743.0,7588.0,8640.0,8354.0,9059.0,9113.0,8135.0,7032.0,7057.0,7658.0,9126.0,9824.0,8843.0,8829.0,8494.0,7896.0,7801.0,8113.0,8316.0,8659.0,8429.0,9051.0,8604.0,7731.0,7826.0,9407.0,
MEX.12.48_2,21230414.0,MEX,Marquelia,0.00715,4251.0,4320.0,4330.0,3785.0,3266.0,3983.0,5253.0,4112.0,4293.0,4775.0,4752.0,4915.0,5399.0,4344.0,4132.0,4054.0,5156.0,5289.0,4901.0,4998.0,5255.0,5313.0,5163.0,5052.0,5265.0,5230.0,5905.0,6000.0,6401.0,6326.0,6490.0,6786.0,6938.0,
MEX.12.49_2,21230415.0,MEX,Mártir de Cuilapan,0.0,6320.0,5833.0,5983.0,5921.0,6773.0,6023.0,6752.0,7195.0,7668.0,7851.0,7560.0,8189.0,8377.0,7714.0,8766.0,9018.0,7944.0,6927.0,6979.0,6615.0,6156.0,6383.0,5176.0,5941.0,6002.0,6126.0,6063.0,8324.0,8536.0,8531.0,8059.0,8451.0,8761.0,
MEX.12.50_2,21230416.0,MEX,Metlatónoc,0.00288,4547.0,4318.0,4550.0,4004.0,5224.0,4149.0,4652.0,5213.0,6188.0,6685.0,6971.0,6254.0,6334.0,5418.0,5031.0,5508.0,6609.0,7255.0,6542.0,6480.0,7440.0,6365.0,4252.0,5026.0,4279.0,4527.0,5401.0,5355.0,5765.0,6331.0,5811.0,6320.0,6536.0,
MEX.12.51_2,21230417.0,MEX,Mochitlán,0.00327,4902.0,4445.0,4277.0,4430.0,4915.0,4546.0,4511.0,4805.0,5167.0,5477.0,5331.0,5703.0,5503.0,5240.0,5240.0,5388.0,5710.0,5220.0,5189.0,4696.0,4802.0,4949.0,5082.0,5113.0,5117.0,5259.0,5837.0,6090.0,6047.0,6045.0,6055.0,6169.0,6447.0,
MEX.12.52_2,21230418.0,MEX,Olinalá,0.0041,5053.0,5819.0,5667.0,4512.0,4646.0,4597.0,5595.0,5763.0,6338.0,6838.0,6577.0,7506.0,7478.0,6851.0,6516.0,6613.0,6861.0,7671.0,7466.0,7103.0,7643.0,7674.0,5877.0,5979.0,6063.0,6301.0,6626.0,7351.0,7328.0,7512.0,6884.0,7833.0,8114.0,
MEX.12.53_2,21230419.0,MEX,Ometepec,0.01926,3339.0,4281.0,4668.0,3709.0,3037.0,3848.0,4576.0,2640.0,3216.0,3505.0,3633.0,4051.0,3982.0,5135.0,5322.0,5345.0,6403.0,6128.0,5676.0,6042.0,5950.0,6796.0,5433.0,5188.0,5518.0,5520.0,9503.0,9710.0,10065.0,17267.0,16856.0,17508.0,18125.0,
MEX.12.54_2,21230420.0,MEX,Pedro Ascencio Alquisiras,0.0,6249.0,5860.0,6456.0,5976.0,6377.0,5825.0,6530.0,6772.0,7030.0,7530.0,8095.0,8941.0,8739.0,7802.0,7694.0,7519.0,6285.0,6577.0,6049.0,6392.0,6280.0,6705.0,6155.0,6336.0,6422.0,6581.0,7296.0,7045.0,6265.0,6202.0,6349.0,6658.0,6896.0,
MEX.12.55_2,21230421.0,MEX,Petatlán,0.0,5957.0,5673.0,7707.0,6782.0,5665.0,6188.0,7287.0,6454.0,7603.0,8835.0,8851.0,9504.0,10260.0,8776.0,8810.0,7596.0,8615.0,8440.0,7737.0,11442.0,13811.0,10989.0,6519.0,7208.0,7274.0,7439.0,7613.0,7550.0,7746.0,7661.0,7209.0,7579.0,7663.0,
MEX.12.56_2,21230422.0,MEX,Pilcaya,0.00764,4489.0,4526.0,4743.0,3607.0,3922.0,3567.0,4737.0,4146.0,3875.0,4845.0,4763.0,5188.0,6256.0,5648.0,5344.0,5501.0,5564.0,5640.0,5626.0,5753.0,5760.0,5918.0,6063.0,5873.0,5960.0,6368.0,7078.0,6931.0,7438.0,6943.0,7360.0,7214.0,7650.0,
MEX.12.57_2,21230423.0,MEX,Pungarabato,0.00717,7305.0,7876.0,10527.0,9439.0,8648.0,10189.0,11422.0,9849.0,10506.0,12885.0,13113.0,14283.0,21359.0,20067.0,18078.0,20664.0,17668.0,17970.0,16791.0,17060.0,19301.0,17773.0,17960.0,18031.0,19101.0,19187.0,18581.0,18174.0,19080.0,18221.0,17217.0,17867.0,18496.0,
MEX.12.58_2,21230424.0,MEX,Quechultenango,0.00116,5911.0,6634.0,6560.0,5460.0,4645.0,5480.0,6144.0,6139.0,5714.0,6265.0,6303.0,6811.0,6631.0,5652.0,4490.0,4600.0,5995.0,7301.0,6626.0,6381.0,6840.0,6715.0,6130.0,6630.0,6181.0,6517.0,5826.0,6166.0,5460.0,6343.0,6094.0,6528.0,6804.0,
MEX.12.59_2,21230425.0,MEX,San Luis Acatlán,0.00917,5004.0,5135.0,4855.0,4006.0,4545.0,4167.0,4284.0,4075.0,4296.0,5150.0,5051.0,5708.0,5947.0,4940.0,5004.0,4760.0,5220.0,6589.0,6030.0,6817.0,6738.0,5433.0,6685.0,6509.0,6327.0,6309.0,8063.0,7418.0,8271.0,8004.0,7735.0,7889.0,7445.0,
MEX.12.60_2,21230426.0,MEX,San Marcos,0.00227,6283.0,5773.0,6250.0,6466.0,7453.0,6456.0,5669.0,6929.0,7210.0,8230.0,8284.0,7602.0,8562.0,7749.0,8141.0,8536.0,7915.0,7880.0,7694.0,7291.0,7363.0,8150.0,8078.0,8180.0,8050.0,8107.0,8628.0,8689.0,8347.0,8195.0,7850.0,8084.0,8374.0,
MEX.12.61_2,21230427.0,MEX,San Miguel Totolapan,0.00388,5032.0,5209.0,5242.0,5113.0,5206.0,5669.0,5917.0,6198.0,6376.0,8056.0,8161.0,9307.0,9662.0,7898.0,7393.0,7674.0,8531.0,9114.0,8763.0,8550.0,8907.0,8520.0,8691.0,8732.0,7848.0,7653.0,8480.0,9624.0,8954.0,9196.0,8380.0,8586.0,9013.0,
MEX.12.62_2,21230428.0,MEX,Taxco de Alarcón,-0.00771,16480.0,17143.0,17337.0,14593.0,15228.0,13302.0,16787.0,15353.0,15389.0,16800.0,16533.0,18049.0,18175.0,12753.0,15532.0,13843.0,13514.0,13501.0,13147.0,12105.0,8822.0,9045.0,11205.0,11228.0,11340.0,11870.0,11024.0,10612.0,12417.0,12524.0,9494.0,10674.0,11056.0,
MEX.12.63_2,21230429.0,MEX,Tecoanapa,0.00818,3791.0,3189.0,2803.0,2467.0,4120.0,2178.0,3400.0,3502.0,4669.0,5151.0,5179.0,4117.0,3896.0,6300.0,5578.0,4625.0,6757.0,6747.0,5956.0,7030.0,6653.0,6038.0,5094.0,4983.0,5960.0,6064.0,6197.0,6555.0,6139.0,6243.0,7001.0,6312.0,6181.0,
MEX.12.64_2,21230430.0,MEX,Técpan de Galeana,0.00906,3502.0,4058.0,3847.0,3813.0,4082.0,3787.0,3565.0,3672.0,4177.0,4925.0,4850.0,5237.0,4688.0,4381.0,4285.0,4254.0,5248.0,6910.0,6390.0,6703.0,5977.0,5569.0,5719.0,5506.0,5978.0,6015.0,6731.0,7164.0,7110.0,6661.0,6489.0,6790.0,7033.0,
MEX.12.65_2,21230431.0,MEX,Teloloapan,-0.00778,9609.0,10153.0,9367.0,10314.0,9371.0,9994.0,11204.0,15176.0,14562.0,18813.0,18978.0,18121.0,18581.0,14887.0,14864.0,15364.0,16639.0,16073.0,13510.0,13403.0,14223.0,13871.0,8199.0,8202.0,8345.0,8535.0,10303.0,11214.0,10483.0,9741.0,9720.0,10148.0,10511.0,
MEX.12.66_2,21230432.0,MEX,Tepecoacuilco de Trujano,-0.00589,11069.0,10487.0,10559.0,10084.0,10724.0,10192.0,9679.0,11337.0,11568.0,12964.0,12884.0,13816.0,7272.0,6626.0,6293.0,6471.0,6743.0,7017.0,7211.0,6657.0,7176.0,6646.0,6042.0,6523.0,6633.0,6750.0,6347.0,6490.0,7101.0,7023.0,7230.0,7406.0,7334.0,
MEX.12.67_2,21230433.0,MEX,Tetipac,0.00391,9405.0,9435.0,9236.0,8213.0,8283.0,7427.0,8232.0,8479.0,8649.0,9880.0,9706.0,10444.0,10794.0,9490.0,10334.0,10372.0,10929.0,10207.0,10635.0,9701.0,10709.0,10815.0,11337.0,10966.0,11174.0,11336.0,11903.0,11718.0,10784.0,10865.0,10671.0,10621.0,11002.0,
MEX.12.68_2,21230434.0,MEX,Tixtla de Guerrero,0.00341,7736.0,6814.0,7348.0,7576.0,6913.0,7229.0,8639.0,8899.0,9038.0,9840.0,9440.0,10136.0,10030.0,8059.0,8440.0,9193.0,9410.0,9260.0,7239.0,6748.0,7847.0,7986.0,9322.0,8828.0,9621.0,9249.0,9710.0,9445.0,10674.0,10666.0,8228.0,8985.0,10145.0,
MEX.12.69_2,21230435.0,MEX,Tlacoachistlahuaca,0.00748,3792.0,3798.0,4315.0,3227.0,3002.0,3693.0,4139.0,4083.0,4191.0,4709.0,4689.0,5059.0,5374.0,4233.0,3707.0,3749.0,5225.0,5400.0,5087.0,5128.0,5160.0,4875.0,4971.0,5079.0,5296.0,5250.0,5882.0,5899.0,6276.0,6173.0,6172.0,6529.0,6672.0,
MEX.12.70_2,21230436.0,MEX,Tlacoapa,0.00232,6639.0,6219.0,6196.0,5598.0,5364.0,5677.0,8535.0,7633.0,7017.0,7643.0,7726.0,8693.0,9048.0,7893.0,7179.0,7458.0,7950.0,8839.0,9409.0,8333.0,8503.0,8135.0,7088.0,7097.0,7274.0,7530.0,8012.0,8025.0,8353.0,8294.0,7822.0,8374.0,8556.0,
MEX.12.71_2,21230437.0,MEX,Tlalchapa,0.00622,3863.0,4762.0,4722.0,4437.0,4518.0,5359.0,6331.0,5529.0,5818.0,6788.0,6491.0,6461.0,7181.0,6488.0,5551.0,5698.0,8432.0,8441.0,8144.0,7168.0,6978.0,6934.0,6464.0,6626.0,6320.0,6448.0,6964.0,7225.0,7729.0,7618.0,7677.0,7829.0,8032.0,
MEX.12.72_2,21230438.0,MEX,Tlalixtaquilla de Maldonado,0.00487,6377.0,6148.0,6709.0,8475.0,8188.0,8163.0,7157.0,7780.0,8862.0,8812.0,8613.0,8296.0,7923.0,8248.0,8194.0,7824.0,8660.0,8664.0,8759.0,8516.0,8473.0,8735.0,10033.0,8818.0,9511.0,9627.0,9117.0,9200.0,10241.0,10165.0,10705.0,10167.0,10474.0,
MEX.12.73_2,21230439.0,MEX,Tlapa de Comonfort,0.00895,8407.0,5096.0,5377.0,5470.0,5328.0,5111.0,6417.0,6610.0,7149.0,8772.0,8620.0,8764.0,8811.0,8066.0,8417.0,7647.0,6435.0,6701.0,8440.0,7743.0,8534.0,8477.0,10551.0,10509.0,11196.0,11795.0,11200.0,10382.0,10082.0,9864.0,9041.0,9901.0,10256.0,
MEX.12.74_2,21230440.0,MEX,Tlapehuala,0.00591,4975.0,5893.0,5527.0,5669.0,4869.0,5680.0,6751.0,5777.0,5814.0,7898.0,7901.0,7831.0,6968.0,6745.0,8023.0,8586.0,7949.0,7983.0,6883.0,7077.0,7136.0,7895.0,6666.0,6532.0,7358.0,7494.0,9161.0,8486.0,8622.0,8441.0,8815.0,9434.0,9651.0,
MEX.12.75_2,21230441.0,MEX,Xalpatláhuac,0.00463,9042.0,8301.0,8717.0,8347.0,8616.0,8150.0,8388.0,9329.0,9219.0,10691.0,10592.0,11511.0,11315.0,10199.0,9857.0,10136.0,9893.0,10641.0,11042.0,10235.0,10440.0,10731.0,10892.0,11357.0,11489.0,11693.0,12047.0,11421.0,11268.0,11224.0,10692.0,11218.0,11620.0,
MEX.12.76_2,21230442.0,MEX,Xochihuehuetlán,0.00063,5804.0,5727.0,5944.0,5466.0,6317.0,5492.0,6156.0,6331.0,6370.0,6674.0,6748.0,7418.0,7489.0,6240.0,6069.0,6298.0,6184.0,6309.0,6829.0,6237.0,6314.0,6708.0,5793.0,6246.0,6402.0,6111.0,5847.0,6118.0,6307.0,6526.0,6536.0,6845.0,6961.0,
MEX.12.77_2,21230443.0,MEX,Xochistlahuaca,0.01203,2807.0,2805.0,3440.0,3348.0,3490.0,3515.0,2814.0,3281.0,3934.0,4297.0,4249.0,4626.0,4388.0,3887.0,3048.0,2895.0,4743.0,5604.0,5010.0,5046.0,5543.0,4511.0,4454.0,4690.0,5435.0,5522.0,6134.0,6261.0,6314.0,7269.0,7479.0,8737.0,9040.0,
MEX.12.78_2,21230444.0,MEX,Zapotitlán Tablas,0.00276,5064.0,4991.0,6037.0,5047.0,4638.0,4721.0,4837.0,6305.0,6316.0,7272.0,7318.0,8577.0,8189.0,7530.0,6648.0,7240.0,7384.0,8589.0,7506.0,7484.0,7541.0,6533.0,6834.0,6984.0,7198.0,7318.0,7414.0,7419.0,7707.0,7535.0,5715.0,6699.0,6965.0,
MEX.12.79_2,21230445.0,MEX,Zihuatanejo de Azueta,-0.00672,14780.0,15218.0,15318.0,13233.0,13726.0,11111.0,13211.0,12658.0,12859.0,14872.0,14653.0,15836.0,15843.0,11404.0,13652.0,12199.0,8216.0,7869.0,8193.0,7085.0,7152.0,7589.0,9571.0,9551.0,9936.0,10313.0,11642.0,10710.0,10112.0,11318.0,9992.0,11094.0,11491.0,
MEX.12.80_2,21230446.0,MEX,Zirándaro,0.0046,5059.0,4958.0,5429.0,4253.0,4330.0,4352.0,5308.0,5307.0,5008.0,5398.0,5218.0,6270.0,6802.0,4991.0,5509.0,5140.0,5556.0,6368.0,6964.0,6471.0,6063.0,6332.0,6145.0,6416.0,6227.0,5940.0,6648.0,6095.0,6794.0,6815.0,6516.0,6554.0,6923.0,
MEX.12.81_2,21230447.0,MEX,Zitlala,0.01143,6154.0,6041.0,6065.0,6027.0,5638.0,5804.0,5746.0,5919.0,6693.0,5288.0,5317.0,7207.0,6972.0,6174.0,6106.0,6283.0,6845.0,7945.0,10256.0,10662.0,11188.0,11117.0,8387.0,7546.0,7108.0,7318.0,9813.0,10390.0,10431.0,10651.0,11179.0,12611.0,13109.0,
MEX.13.1_2,21230448.0,MEX,Acatlán,0.00955,5682.0,5877.0,6554.0,6174.0,7423.0,7065.0,7236.0,7510.0,8482.0,7883.0,8402.0,8106.0,6833.0,7426.0,8795.0,7711.0,10278.0,8931.0,8919.0,8313.0,8611.0,8423.0,10979.0,10234.0,10760.0,11213.0,13149.0,11503.0,13178.0,13311.0,10769.0,11397.0,11771.0,
MEX.13.2_2,21230449.0,MEX,Acaxochitlán,0.00474,7095.0,7811.0,8260.0,7667.0,8986.0,8420.0,7981.0,8507.0,9246.0,8915.0,9562.0,8584.0,8772.0,8695.0,9917.0,9074.0,10339.0,9904.0,8724.0,8135.0,8773.0,8470.0,8668.0,8541.0,10366.0,11568.0,12868.0,12512.0,11357.0,10655.0,10223.0,11335.0,11734.0,
MEX.13.3_2,21230450.0,MEX,Actopan,0.00069,11274.0,12731.0,14058.0,12093.0,10880.0,10803.0,14235.0,14056.0,15619.0,17959.0,13343.0,12134.0,12714.0,14030.0,15364.0,14046.0,18250.0,16241.0,16969.0,13672.0,14343.0,13940.0,14200.0,13577.0,13435.0,14279.0,14006.0,16897.0,17668.0,15241.0,12707.0,12693.0,13094.0,
MEX.13.4_2,21230451.0,MEX,Agua Blanca de Iturbide,0.00617,4314.0,6353.0,7863.0,6695.0,7471.0,6980.0,7616.0,8032.0,9002.0,7960.0,8227.0,7764.0,7587.0,7995.0,9093.0,8240.0,9782.0,9679.0,9633.0,7285.0,7703.0,7304.0,7721.0,9546.0,10334.0,10977.0,9217.0,10138.0,10863.0,13583.0,9445.0,10202.0,10643.0,
MEX.13.5_2,21230452.0,MEX,Ajacuba,0.01162,7544.0,7849.0,8096.0,8454.0,9500.0,8080.0,8853.0,9611.0,10139.0,12526.0,11178.0,10266.0,10134.0,12428.0,13622.0,11712.0,15995.0,18343.0,20425.0,17125.0,12737.0,12758.0,15500.0,12744.0,13707.0,13843.0,15824.0,17003.0,17807.0,14764.0,11131.0,11627.0,11758.0,
MEX.13.6_2,21230453.0,MEX,Alfajayucan,0.00728,4510.0,6910.0,7521.0,6357.0,7753.0,6894.0,6713.0,6375.0,6882.0,7005.0,7802.0,7568.0,7589.0,6270.0,7275.0,6869.0,7792.0,8269.0,8935.0,7665.0,7715.0,7475.0,8602.0,6899.0,9213.0,9904.0,9082.0,9613.0,10112.0,10577.0,10646.0,10656.0,10801.0,
MEX.13.7_2,21230454.0,MEX,Almoloya,0.00412,5432.0,6490.0,6252.0,7454.0,7355.0,7950.0,10459.0,10010.0,10350.0,10779.0,9783.0,8990.0,9195.0,9824.0,10798.0,8407.0,9961.0,9851.0,10963.0,9553.0,9007.0,8523.0,7963.0,8841.0,10179.0,9993.0,9457.0,9848.0,12195.0,10725.0,11257.0,13034.0,13587.0,
MEX.13.8_2,21230455.0,MEX,Apan,0.00175,8372.0,11386.0,12130.0,7823.0,8439.0,8876.0,12679.0,11833.0,13081.0,15109.0,11798.0,11370.0,13425.0,13232.0,15310.0,12797.0,18005.0,16419.0,16048.0,13095.0,13058.0,11742.0,11411.0,11563.0,13224.0,12968.0,12324.0,13393.0,16577.0,13867.0,10493.0,11310.0,11699.0,
MEX.13.9_2,21230456.0,MEX,Atitalaquia,0.00849,9882.0,10560.0,10268.0,12069.0,12346.0,8999.0,9053.0,10026.0,10252.0,10463.0,10998.0,9949.0,9095.0,8984.0,9914.0,10593.0,11071.0,10658.0,12149.0,10864.0,11986.0,13022.0,12995.0,14079.0,14306.0,15608.0,15719.0,17236.0,17851.0,15468.0,13944.0,14360.0,14854.0,
MEX.13.10_2,21230457.0,MEX,Atlapexco,0.00384,5888.0,7224.0,6733.0,6840.0,7733.0,6471.0,8206.0,8076.0,8494.0,8931.0,10215.0,10611.0,9369.0,9825.0,10671.0,9946.0,9540.0,9324.0,9823.0,8676.0,8483.0,9371.0,10007.0,9600.0,9252.0,10467.0,10666.0,9881.0,11637.0,12740.0,8388.0,8145.0,8399.0,
MEX.13.11_2,21230458.0,MEX,Atotonilco de Tula,0.00627,12751.0,12577.0,12654.0,14875.0,14830.0,11443.0,11857.0,11374.0,12891.0,12559.0,14430.0,12372.0,11230.0,11969.0,13058.0,14787.0,15250.0,13294.0,13776.0,12550.0,13372.0,14383.0,15476.0,15489.0,15038.0,16282.0,17209.0,18737.0,18825.0,18105.0,16389.0,17163.0,17678.0,
MEX.13.12_2,21230459.0,MEX,Atotonilco el Grande,0.00644,6903.0,8694.0,8541.0,7914.0,11131.0,9127.0,8642.0,8660.0,10519.0,9642.0,10224.0,7417.0,6532.0,7473.0,8776.0,9077.0,10343.0,9248.0,8604.0,7899.0,8201.0,8038.0,8496.0,10534.0,11404.0,11904.0,12920.0,15317.0,19137.0,17928.0,15381.0,15128.0,14593.0,
MEX.13.13_2,21230460.0,MEX,Calnali,0.00758,5304.0,5552.0,5349.0,5511.0,6579.0,5800.0,4336.0,5298.0,5994.0,5869.0,5898.0,5302.0,5182.0,6890.0,7944.0,7316.0,8354.0,8478.0,7243.0,7237.0,7705.0,7605.0,7549.0,7138.0,8285.0,9116.0,8644.0,8895.0,8924.0,8067.0,8090.0,8236.0,8520.0,
MEX.13.14_2,21230461.0,MEX,Cardonal,0.00608,4755.0,5467.0,6800.0,5756.0,6522.0,6695.0,8817.0,8308.0,8687.0,9731.0,7878.0,8161.0,8015.0,8875.0,9786.0,7741.0,10712.0,11558.0,10978.0,8900.0,9686.0,9069.0,9308.0,8897.0,10839.0,11337.0,10528.0,10402.0,10931.0,10284.0,9114.0,9723.0,9433.0,
MEX.13.15_2,21230462.0,MEX,Chapantongo,0.01419,3557.0,3786.0,4716.0,4747.0,5757.0,5345.0,4993.0,6300.0,7332.0,7147.0,6353.0,5812.0,5192.0,7540.0,8803.0,9192.0,9995.0,9340.0,8459.0,6886.0,7341.0,7257.0,7671.0,8893.0,9628.0,10115.0,10522.0,11287.0,13914.0,11874.0,12160.0,10956.0,11344.0,
MEX.13.16_2,21230463.0,MEX,Chapulhuacán,0.00582,5104.0,5415.0,6521.0,6161.0,5744.0,5349.0,5949.0,7854.0,7920.0,7756.0,7130.0,6636.0,7116.0,8679.0,9174.0,7678.0,9716.0,9834.0,10661.0,9078.0,9452.0,9195.0,7433.0,8886.0,9523.0,9569.0,8251.0,8644.0,7918.0,7626.0,6506.0,7330.0,7207.0,
MEX.13.17_2,21230464.0,MEX,Chilcuautla,0.00584,5352.0,4955.0,5929.0,6016.0,7820.0,6803.0,8604.0,8992.0,9694.0,9493.0,8922.0,8768.0,8150.0,9949.0,10680.0,9532.0,11297.0,10222.0,10427.0,9842.0,9749.0,9621.0,10265.0,8322.0,9048.0,10137.0,11779.0,12617.0,14665.0,12089.0,11386.0,10668.0,11053.0,
MEX.13.18_2,21230465.0,MEX,Cuautepec de Hinojosa,0.00649,7621.0,7632.0,7997.0,10800.0,9961.0,6651.0,8021.0,7807.0,9397.0,9471.0,11048.0,9930.0,9314.0,8761.0,9615.0,9537.0,11035.0,9438.0,10350.0,9420.0,10276.0,11510.0,11877.0,11710.0,10037.0,11382.0,11468.0,12165.0,12313.0,12676.0,11000.0,11069.0,11396.0,
MEX.13.19_2,21230466.0,MEX,El Arenal,0.00179,7077.0,8361.0,8593.0,7117.0,7923.0,7028.0,9239.0,9419.0,10012.0,10763.0,9176.0,8678.0,9426.0,9678.0,10404.0,10175.0,10555.0,9998.0,10488.0,8467.0,8649.0,8976.0,7998.0,8362.0,9401.0,10298.0,11933.0,10746.0,9429.0,9592.0,8799.0,9516.0,10208.0,
MEX.13.20_2,21230467.0,MEX,Eloxochitlán,0.00557,5180.0,5959.0,6599.0,5637.0,7084.0,6899.0,7411.0,8053.0,8875.0,8035.0,7319.0,8199.0,7148.0,7860.0,9289.0,8317.0,10696.0,11029.0,9397.0,8548.0,8053.0,7610.0,7728.0,7461.0,9208.0,9928.0,9665.0,10270.0,9826.0,9220.0,7748.0,8343.0,8628.0,
MEX.13.21_2,21230468.0,MEX,Emiliano Zapata,0.00741,5935.0,6401.0,6947.0,6494.0,7923.0,7585.0,8366.0,8191.0,9043.0,9575.0,8914.0,8762.0,9267.0,9575.0,9917.0,9362.0,10766.0,10168.0,10504.0,10493.0,10222.0,10601.0,10991.0,10857.0,11389.0,12145.0,9877.0,11127.0,13029.0,10528.0,8342.0,8899.0,8420.0,
MEX.13.22_2,21230469.0,MEX,Epazoyucan,0.01125,7135.0,7811.0,7246.0,7365.0,8384.0,8011.0,9183.0,9322.0,10822.0,11162.0,11233.0,9630.0,9462.0,8750.0,10255.0,11191.0,12487.0,11386.0,13023.0,10637.0,12520.0,13558.0,14989.0,14006.0,13227.0,14341.0,15221.0,16116.0,15328.0,15477.0,12461.0,12934.0,13346.0,
MEX.13.23_2,21230470.0,MEX,Francisco I. Madero,0.01141,4104.0,5167.0,6277.0,5766.0,7397.0,7458.0,7361.0,7959.0,8668.0,9269.0,8059.0,8192.0,10396.0,10849.0,11241.0,9268.0,13872.0,14968.0,14977.0,11562.0,9358.0,10251.0,10847.0,10851.0,13585.0,11792.0,11114.0,12952.0,15494.0,12389.0,10115.0,10919.0,11294.0,
MEX.13.24_2,21230471.0,MEX,Huasca de Ocampo,0.0142,4063.0,3867.0,5006.0,5055.0,7508.0,6774.0,7993.0,6822.0,7873.0,8968.0,9236.0,8745.0,7985.0,8391.0,9402.0,9328.0,11453.0,10540.0,11060.0,10619.0,11025.0,11281.0,13101.0,11440.0,13884.0,15333.0,14262.0,14710.0,14580.0,13641.0,10609.0,10830.0,12163.0,
MEX.13.25_2,21230472.0,MEX,Huautla,0.00712,4730.0,4836.0,6558.0,6411.0,7027.0,6655.0,6189.0,7139.0,8202.0,7099.0,6996.0,7360.0,6102.0,7565.0,7663.0,8997.0,10251.0,8931.0,8135.0,7311.0,7532.0,6978.0,7376.0,7081.0,9170.0,9775.0,9441.0,10868.0,12719.0,10508.0,10740.0,9357.0,9909.0,
MEX.13.26_2,21230473.0,MEX,Huazalingo,0.00906,4211.0,5078.0,6616.0,6498.0,8287.0,7534.0,6407.0,7885.0,8910.0,10125.0,8280.0,8249.0,7093.0,8347.0,9750.0,7451.0,9144.0,8946.0,9977.0,9332.0,9649.0,9456.0,9995.0,9293.0,10238.0,11214.0,10273.0,11357.0,13626.0,11722.0,11927.0,12231.0,12664.0,
MEX.13.27_2,21230474.0,MEX,Huehuetla,0.00616,5211.0,5399.0,6857.0,7215.0,8485.0,8428.0,7764.0,7916.0,7743.0,9379.0,9396.0,8599.0,6922.0,7368.0,7994.0,7513.0,8271.0,8650.0,9771.0,8868.0,9050.0,8948.0,9066.0,8681.0,10608.0,11905.0,11822.0,12140.0,13436.0,11994.0,9420.0,9933.0,10180.0,
MEX.13.28_2,21230475.0,MEX,Huejutla de Reyes,0.00292,12031.0,11098.0,10079.0,11385.0,13237.0,10138.0,11802.0,11335.0,13381.0,12979.0,12830.0,10843.0,10485.0,10475.0,12098.0,12894.0,13996.0,12324.0,13345.0,11558.0,10519.0,11548.0,12528.0,11913.0,12063.0,12975.0,13238.0,13573.0,15505.0,15637.0,12686.0,13786.0,14073.0,
MEX.13.29_2,21230476.0,MEX,Huichapan,0.00858,3937.0,4407.0,5373.0,5738.0,6237.0,6668.0,6386.0,7899.0,8438.0,7207.0,8623.0,8337.0,6945.0,9646.0,10675.0,10299.0,11004.0,11093.0,10097.0,10151.0,9420.0,9022.0,9624.0,9058.0,10192.0,11604.0,10396.0,12034.0,14666.0,10764.0,10441.0,9330.0,9704.0,
MEX.13.30_2,21230477.0,MEX,Ixmiquilpan,0.0,8520.0,10290.0,10550.0,9301.0,7212.0,8057.0,12561.0,12254.0,12477.0,12279.0,12101.0,12068.0,12862.0,12654.0,13604.0,12737.0,14213.0,14076.0,14922.0,12735.0,12571.0,11882.0,9967.0,10485.0,12364.0,11830.0,11701.0,11644.0,11352.0,11548.0,8965.0,10657.0,11021.0,
MEX.13.31_2,21230478.0,MEX,Jacala de Ledezma,0.00811,5021.0,5427.0,6720.0,6352.0,6397.0,6679.0,7452.0,8247.0,9079.0,8573.0,7863.0,8350.0,7477.0,9212.0,9577.0,9177.0,11896.0,12264.0,10970.0,9684.0,9352.0,9104.0,9680.0,8932.0,11209.0,11531.0,11040.0,11535.0,11499.0,11171.0,10387.0,11019.0,11399.0,
MEX.13.32_2,21230479.0,MEX,Jaltocán,0.00705,8544.0,8931.0,9611.0,9019.0,8524.0,7504.0,9235.0,9457.0,10284.0,11026.0,10943.0,9546.0,9580.0,9847.0,10429.0,9596.0,12318.0,12603.0,12143.0,10965.0,11042.0,11413.0,13248.0,11986.0,12609.0,13092.0,12335.0,15087.0,16173.0,14211.0,12237.0,12946.0,14420.0,
MEX.13.33_2,21230480.0,MEX,Juárez Hidalgo,-0.002,6224.0,7116.0,8087.0,6874.0,7584.0,7246.0,9405.0,9052.0,9936.0,10319.0,8161.0,9241.0,9392.0,8521.0,10679.0,7566.0,10395.0,9691.0,8075.0,7275.0,7141.0,6673.0,6555.0,6588.0,8117.0,8991.0,8751.0,8067.0,7939.0,8433.0,7255.0,7535.0,7824.0,
MEX.13.34_2,21230481.0,MEX,La Misión,0.00815,4969.0,4811.0,5101.0,4997.0,5550.0,6557.0,7102.0,7280.0,7740.0,7851.0,7591.0,8354.0,6945.0,7742.0,8883.0,8187.0,10977.0,11426.0,10073.0,9208.0,8855.0,8216.0,8510.0,8564.0,10418.0,11018.0,10437.0,10628.0,9622.0,9832.0,7961.0,8433.0,8795.0,
MEX.13.35_2,21230482.0,MEX,Lolotla,0.01068,3870.0,3641.0,5199.0,5538.0,6491.0,7671.0,8719.0,7523.0,7601.0,9675.0,8743.0,8873.0,8124.0,7850.0,8028.0,8340.0,9405.0,9448.0,10921.0,9344.0,9382.0,9235.0,9643.0,9464.0,10716.0,11597.0,13352.0,13437.0,15092.0,13819.0,12290.0,12692.0,13173.0,
MEX.13.36_2,21230483.0,MEX,Metepec,0.00942,5606.0,5752.0,6498.0,6220.0,8226.0,7863.0,8812.0,8128.0,8851.0,8275.0,9676.0,8822.0,7869.0,8762.0,9025.0,7916.0,10493.0,9793.0,10998.0,8688.0,9116.0,10121.0,12797.0,10942.0,13449.0,15255.0,14119.0,13767.0,12878.0,12577.0,10045.0,10682.0,11562.0,
MEX.13.37_2,21230484.0,MEX,Metztitlán,0.01076,3176.0,3436.0,4811.0,4619.0,5546.0,5419.0,6745.0,6463.0,7035.0,8085.0,6777.0,7404.0,6968.0,7804.0,9007.0,8892.0,10366.0,10959.0,11089.0,9108.0,9155.0,8928.0,8550.0,8899.0,9991.0,10734.0,10596.0,9935.0,9916.0,9752.0,8047.0,8564.0,8857.0,
MEX.13.38_2,21230485.0,MEX,Mineral de la Reforma,0.0,17726.0,18173.0,17155.0,22609.0,21297.0,18329.0,15401.0,16475.0,17185.0,16829.0,17815.0,16371.0,15876.0,16400.0,17427.0,12081.0,12226.0,11532.0,10855.0,9555.0,15313.0,16482.0,18893.0,17666.0,16941.0,21746.0,16556.0,17531.0,18930.0,19408.0,17550.0,18170.0,18841.0,
MEX.13.39_2,21230486.0,MEX,Mineral del Chico,0.00446,10128.0,11814.0,11603.0,13497.0,13198.0,9564.0,10127.0,10694.0,12820.0,11976.0,11676.0,9969.0,9680.0,11855.0,12405.0,14519.0,16584.0,15364.0,15841.0,11315.0,11898.0,12230.0,13231.0,11970.0,12259.0,13276.0,12319.0,12994.0,14708.0,15154.0,14940.0,15700.0,15725.0,
MEX.13.40_2,21230487.0,MEX,Mineral del Monte,0.0,16566.0,18035.0,17205.0,22506.0,21193.0,18345.0,16063.0,16931.0,18083.0,17708.0,17451.0,11983.0,11549.0,11906.0,12495.0,13433.0,14932.0,12920.0,13070.0,12054.0,13119.0,13690.0,14624.0,15229.0,13421.0,17644.0,16988.0,18215.0,18803.0,18845.0,15011.0,15942.0,16492.0,
MEX.13.41_2,21230488.0,MEX,Mixquiahuala de Juárez,0.00702,12162.0,12290.0,13792.0,13619.0,13463.0,10221.0,11984.0,13054.0,14244.0,15748.0,14786.0,12828.0,12962.0,12807.0,15132.0,13709.0,16415.0,16209.0,17464.0,15025.0,16239.0,16290.0,18982.0,17527.0,19267.0,17963.0,18638.0,20857.0,20669.0,19771.0,15497.0,16684.0,17216.0,
MEX.13.42_2,21230489.0,MEX,Molango de Escamilla,0.00592,3530.0,5690.0,6577.0,5043.0,5822.0,5511.0,5616.0,5463.0,6149.0,6334.0,6252.0,6882.0,6390.0,6619.0,7244.0,7022.0,8210.0,9246.0,8960.0,7687.0,7766.0,6377.0,6370.0,6368.0,7968.0,8417.0,6656.0,7027.0,6388.0,6886.0,6268.0,6580.0,6803.0,
MEX.13.43_2,21230490.0,MEX,Nicolás Flores,0.00884,4637.0,5065.0,6400.0,6135.0,6615.0,6334.0,6591.0,7584.0,8584.0,7296.0,6875.0,7493.0,6486.0,7333.0,9054.0,8169.0,10663.0,10893.0,9233.0,8453.0,8416.0,8168.0,8575.0,8183.0,9828.0,10993.0,10573.0,11009.0,11277.0,10709.0,9705.0,10300.0,10506.0,
MEX.13.44_2,21230491.0,MEX,Nopala de Villagrán,0.00634,5628.0,5990.0,6588.0,7692.0,8679.0,8163.0,7773.0,8117.0,8078.0,7611.0,8488.0,7441.0,8135.0,6685.0,8307.0,7202.0,9915.0,9365.0,9402.0,7097.0,7847.0,7529.0,7958.0,9559.0,10349.0,12358.0,9543.0,11801.0,14086.0,11200.0,11133.0,9423.0,10608.0,
MEX.13.45_2,21230492.0,MEX,Omitlán de Juárez,-0.00217,11338.0,12403.0,12686.0,12639.0,13453.0,13977.0,13808.0,14109.0,15690.0,14612.0,16211.0,15083.0,13705.0,14409.0,15745.0,9312.0,10610.0,9759.0,9905.0,9847.0,10345.0,10512.0,12834.0,10496.0,12534.0,13597.0,14553.0,12648.0,14042.0,14564.0,9659.0,9602.0,10269.0,
MEX.13.46_2,21230493.0,MEX,Pachuca de Soto,0.0,30387.0,28231.0,28117.0,21458.0,19911.0,17468.0,15423.0,16822.0,17211.0,16854.0,20954.0,16394.0,15898.0,16400.0,17427.0,12081.0,12226.0,15725.0,15544.0,14625.0,16384.0,17723.0,20141.0,19168.0,19651.0,18658.0,18584.0,19844.0,19938.0,20356.0,18333.0,20011.0,20424.0,
MEX.13.47_2,21230494.0,MEX,Pacula,0.00672,4687.0,5007.0,6382.0,6331.0,7225.0,6817.0,6744.0,7816.0,8613.0,6887.0,6756.0,7250.0,6140.0,7009.0,8328.0,7728.0,9807.0,10612.0,9202.0,8494.0,8222.0,8216.0,8238.0,7944.0,8879.0,9984.0,9947.0,10498.0,10735.0,9779.0,8935.0,9198.0,9687.0,
MEX.13.48_2,21230495.0,MEX,Pisaflores,0.0083,4117.0,4840.0,6830.0,6541.0,8261.0,7678.0,11128.0,10138.0,9845.0,11182.0,11020.0,11841.0,11776.0,17027.0,15954.0,15548.0,20924.0,21450.0,20212.0,14146.0,11997.0,10318.0,9295.0,10926.0,12556.0,12324.0,10699.0,13911.0,15762.0,14822.0,10766.0,12224.0,12693.0,
MEX.13.49_2,21230496.0,MEX,Progreso de Obregón,0.0,10708.0,16370.0,16104.0,10666.0,10934.0,9867.0,17810.0,17702.0,15969.0,15638.0,13758.0,11131.0,10627.0,10697.0,12617.0,10405.0,13109.0,12712.0,12775.0,11820.0,12045.0,11877.0,14081.0,11564.0,13012.0,13330.0,13567.0,14710.0,16260.0,14356.0,14500.0,12122.0,12581.0,
MEX.13.50_2,21230497.0,MEX,San Agustín Metzquititlán,0.01131,4240.0,4472.0,5777.0,5286.0,6421.0,5738.0,5946.0,5518.0,6547.0,6464.0,7050.0,6925.0,7023.0,6748.0,7799.0,8068.0,8635.0,8476.0,10013.0,8551.0,9115.0,8528.0,9098.0,8501.0,9729.0,10504.0,9805.0,10767.0,10949.0,11046.0,11096.0,11554.0,11492.0,
MEX.13.51_2,21230498.0,MEX,San Agustín Tlaxiaca,0.00533,13304.0,14043.0,12158.0,14689.0,14845.0,9510.0,10209.0,9972.0,11395.0,10169.0,8725.0,8261.0,8280.0,7707.0,8554.0,7797.0,8618.0,8386.0,9295.0,8691.0,9874.0,10604.0,11702.0,11532.0,11934.0,12351.0,12611.0,13347.0,13113.0,12894.0,10566.0,11847.0,12235.0,
MEX.13.52_2,21230499.0,MEX,San Bartolo Tutotepec,0.0054,4602.0,6625.0,7546.0,6494.0,7234.0,6696.0,6338.0,6865.0,7666.0,7240.0,7003.0,7061.0,6547.0,6461.0,7334.0,6612.0,8532.0,8916.0,8973.0,7128.0,7424.0,6921.0,6907.0,6873.0,8356.0,8751.0,8491.0,9264.0,9463.0,10619.0,10669.0,10774.0,11146.0,
MEX.13.53_2,21230500.0,MEX,San Felipe Orizatlán,0.00755,5305.0,6172.0,7233.0,7022.0,7384.0,6844.0,7612.0,7599.0,8108.0,8827.0,9580.0,8937.0,7316.0,8628.0,9083.0,8686.0,11073.0,10738.0,10611.0,9886.0,9832.0,9719.0,10951.0,9084.0,9501.0,10301.0,10872.0,11249.0,13056.0,11458.0,10097.0,9751.0,10817.0,
MEX.13.54_2,21230501.0,MEX,San Salvador,0.01192,5793.0,6997.0,7833.0,6651.0,6962.0,7178.0,8499.0,8408.0,9441.0,9245.0,8968.0,10130.0,10839.0,11382.0,11541.0,11934.0,13597.0,13680.0,15074.0,12190.0,12039.0,10751.0,11382.0,11245.0,13145.0,12982.0,12969.0,12892.0,15519.0,11656.0,9146.0,10004.0,10333.0,
MEX.13.55_2,21230502.0,MEX,Santiago de Anaya,0.00491,5239.0,5815.0,7291.0,6529.0,6750.0,8032.0,9490.0,9325.0,8486.0,9360.0,9739.0,9234.0,8872.0,7914.0,8339.0,7873.0,8568.0,8962.0,9933.0,8805.0,8902.0,8358.0,9464.0,8500.0,10344.0,11374.0,9317.0,10325.0,10512.0,9699.0,9829.0,10591.0,10689.0,
MEX.13.56_2,21230503.0,MEX,Santiago Tulantepec de Lugo Guer,0.00149,28365.0,17737.0,17035.0,22025.0,20937.0,17959.0,15900.0,17084.0,18281.0,17902.0,22008.0,16928.0,16325.0,16350.0,17761.0,11862.0,12692.0,16078.0,16107.0,15583.0,22396.0,19424.0,22236.0,20570.0,20527.0,25856.0,19507.0,20054.0,21406.0,20718.0,18216.0,19015.0,19716.0,
MEX.13.57_2,21230504.0,MEX,Singuilucan,0.00434,6870.0,6097.0,5861.0,6296.0,6797.0,6291.0,5893.0,7033.0,8524.0,7633.0,8418.0,7355.0,6492.0,7270.0,7789.0,8993.0,8949.0,8388.0,7419.0,6739.0,7225.0,7289.0,6892.0,7482.0,8103.0,7966.0,8687.0,10614.0,11114.0,9014.0,8043.0,8592.0,8986.0,
MEX.13.58_2,21230505.0,MEX,Tasquillo,0.00626,3692.0,3681.0,6797.0,7269.0,8870.0,8013.0,6517.0,6703.0,7747.0,7297.0,8352.0,8042.0,7844.0,7096.0,7760.0,8434.0,8567.0,8910.0,10296.0,7831.0,7917.0,7751.0,7881.0,7669.0,9344.0,9642.0,9844.0,11042.0,10584.0,10978.0,9221.0,10335.0,9991.0,
MEX.13.59_2,21230506.0,MEX,Tecozautla,0.00744,4692.0,5285.0,6319.0,6174.0,7931.0,7504.0,8552.0,6800.0,7267.0,8940.0,10472.0,9360.0,8275.0,7121.0,7812.0,7375.0,7514.0,8203.0,9715.0,8018.0,8243.0,8096.0,9283.0,8120.0,10087.0,11132.0,11382.0,11395.0,12984.0,10339.0,9567.0,10223.0,10628.0,
MEX.13.60_2,21230507.0,MEX,Tenango de Doria,0.00396,5222.0,5332.0,7129.0,6984.0,7368.0,7349.0,8858.0,11939.0,12352.0,12154.0,10682.0,8333.0,9497.0,9959.0,11831.0,10157.0,12469.0,10314.0,10369.0,8107.0,8567.0,8930.0,8420.0,8604.0,10845.0,11487.0,13499.0,14589.0,15466.0,11392.0,9376.0,10618.0,10949.0,
MEX.13.61_2,21230508.0,MEX,Tepeapulco,-0.00185,13904.0,16389.0,16752.0,14984.0,13461.0,13612.0,17639.0,16908.0,17154.0,16798.0,14617.0,13777.0,14784.0,15587.0,17672.0,15005.0,18750.0,15639.0,17143.0,13835.0,12833.0,12622.0,13164.0,11558.0,14165.0,14794.0,15117.0,16326.0,19068.0,17050.0,13317.0,13245.0,13707.0,
MEX.13.62_2,21230509.0,MEX,Tepehuacán de Guerrero,0.00793,3508.0,3307.0,5281.0,5263.0,6488.0,5706.0,6427.0,6778.0,6860.0,7907.0,7792.0,8068.0,7119.0,7778.0,7676.0,6761.0,9344.0,9584.0,9408.0,9444.0,9715.0,9143.0,8021.0,8944.0,9556.0,9982.0,9189.0,9594.0,9308.0,9179.0,7496.0,7946.0,8219.0,
MEX.13.63_2,21230510.0,MEX,Tepeji del Río de Ocampo,0.0043,6935.0,9825.0,9596.0,9906.0,8603.0,9408.0,10555.0,11670.0,12755.0,12142.0,11545.0,10701.0,10290.0,10633.0,12312.0,11061.0,12241.0,10448.0,11028.0,9408.0,9803.0,10451.0,11660.0,11061.0,11647.0,12334.0,13843.0,14557.0,14090.0,13865.0,12916.0,13750.0,14218.0,
MEX.13.64_2,21230511.0,MEX,Tepetitlán,0.01055,3968.0,4442.0,5817.0,5791.0,7143.0,6552.0,6840.0,7810.0,8946.0,6977.0,7447.0,7972.0,7317.0,8162.0,8914.0,7016.0,9775.0,9133.0,8184.0,7732.0,8280.0,8717.0,9250.0,8887.0,10586.0,11566.0,11692.0,12221.0,11593.0,11752.0,11439.0,12015.0,13179.0,
MEX.13.65_2,21230512.0,MEX,Tetepango,0.00796,5988.0,8401.0,9278.0,7778.0,7936.0,6804.0,8947.0,10188.0,11840.0,11966.0,10630.0,7872.0,7581.0,8987.0,13162.0,11303.0,14853.0,13298.0,13243.0,9376.0,10095.0,12622.0,13981.0,13052.0,11955.0,12865.0,12205.0,12141.0,16812.0,15112.0,13587.0,15139.0,14333.0,
MEX.13.66_2,21230513.0,MEX,Tezontepec de Aldama,0.00849,6899.0,7503.0,7723.0,7615.0,8289.0,7968.0,10416.0,9690.0,12045.0,11706.0,10891.0,9748.0,10287.0,9810.0,11363.0,8858.0,11966.0,10308.0,11224.0,9779.0,10117.0,10405.0,12109.0,11673.0,13636.0,14148.0,14688.0,14757.0,14439.0,14371.0,13576.0,13158.0,13564.0,
MEX.13.67_2,21230514.0,MEX,Tianguistengo,-0.0062,4922.0,9561.0,9211.0,6225.0,6388.0,8628.0,14697.0,15500.0,13802.0,13516.0,11690.0,10763.0,12094.0,10197.0,9920.0,8479.0,9981.0,11072.0,11701.0,9159.0,8317.0,8025.0,7692.0,7764.0,9386.0,9111.0,8288.0,8772.0,8746.0,8515.0,7204.0,7515.0,7771.0,
MEX.13.68_2,21230515.0,MEX,Tizayuca,0.01812,11202.0,10762.0,7581.0,8189.0,7236.0,7525.0,10623.0,13531.0,15309.0,11042.0,10842.0,10709.0,10773.0,11943.0,12850.0,12998.0,15497.0,15119.0,17814.0,14880.0,15238.0,14746.0,17286.0,16893.0,19832.0,21064.0,22353.0,23719.0,22763.0,23233.0,26901.0,29322.0,30267.0,
MEX.13.69_2,21230516.0,MEX,Tlahuelilpan,0.0066,10394.0,11381.0,12158.0,15594.0,15387.0,11116.0,11989.0,11285.0,13125.0,14302.0,14194.0,11683.0,11063.0,11291.0,12486.0,11788.0,13376.0,12265.0,14486.0,13056.0,14295.0,15333.0,16357.0,16395.0,15273.0,17726.0,16246.0,17384.0,16928.0,16262.0,15641.0,16142.0,16621.0,
MEX.13.70_2,21230517.0,MEX,Tlahuiltepa,0.00208,5564.0,6227.0,7534.0,7067.0,7049.0,6884.0,8077.0,8796.0,9784.0,9150.0,8229.0,8837.0,8114.0,9208.0,10538.0,8266.0,10661.0,11076.0,8111.0,7550.0,7326.0,7071.0,7298.0,7164.0,8619.0,9294.0,9773.0,9514.0,9478.0,9034.0,7372.0,7793.0,8097.0,
MEX.13.71_2,21230518.0,MEX,Tlanalapa,0.00425,4664.0,5310.0,6265.0,6340.0,8148.0,7766.0,8305.0,8494.0,9748.0,9588.0,9297.0,8855.0,8530.0,8309.0,9040.0,8538.0,10326.0,8739.0,8825.0,7814.0,7618.0,8060.0,8485.0,8474.0,9563.0,11022.0,11406.0,12684.0,10120.0,10542.0,8709.0,10034.0,10538.0,
MEX.13.72_2,21230519.0,MEX,Tlanchinol,0.0,5446.0,8115.0,7817.0,7943.0,7838.0,7045.0,13329.0,13283.0,12907.0,12640.0,8369.0,8876.0,11287.0,12083.0,14826.0,12727.0,14502.0,12221.0,10740.0,8583.0,7723.0,6569.0,4854.0,5697.0,7356.0,7348.0,9249.0,10729.0,11175.0,11868.0,9962.0,11459.0,11802.0,
MEX.13.73_2,21230520.0,MEX,Tlaxcoapan,0.01347,7272.0,9870.0,8213.0,11252.0,11252.0,6777.0,8924.0,8492.0,7634.0,9662.0,11173.0,10593.0,10044.0,10910.0,12283.0,13150.0,15399.0,14438.0,15778.0,14158.0,14382.0,16812.0,18129.0,17767.0,16733.0,19138.0,16835.0,17790.0,17934.0,16293.0,14899.0,15458.0,15912.0,
MEX.13.74_2,21230521.0,MEX,Tolcayuca,0.01762,4380.0,4734.0,5104.0,4710.0,4531.0,4295.0,4950.0,5486.0,6128.0,5702.0,8657.0,8059.0,7450.0,8287.0,8005.0,7152.0,8395.0,8497.0,9874.0,8796.0,10048.0,10731.0,11003.0,11623.0,12238.0,12878.0,13450.0,13547.0,11979.0,12163.0,10528.0,10997.0,11321.0,
MEX.13.75_2,21230522.0,MEX,Tula de Allende,0.00986,9639.0,10082.0,9124.0,11754.0,12009.0,8311.0,10422.0,10379.0,10102.0,11721.0,12709.0,10691.0,10417.0,10669.0,11973.0,12464.0,13793.0,11549.0,12880.0,11186.0,12663.0,14682.0,16164.0,16909.0,15926.0,18291.0,17002.0,18666.0,19343.0,18466.0,15277.0,16288.0,16771.0,
MEX.13.76_2,21230523.0,MEX,Tulancingo de Bravo,0.0,18332.0,16865.0,16252.0,18786.0,17282.0,13238.0,10695.0,14050.0,16334.0,11882.0,13110.0,11661.0,11507.0,11325.0,11704.0,13954.0,14050.0,11939.0,13599.0,12153.0,12254.0,13037.0,14835.0,13916.0,12606.0,15869.0,15842.0,17252.0,17460.0,16976.0,12847.0,13417.0,13847.0,
MEX.13.77_2,21230524.0,MEX,Villa de Tezontepec,0.00801,9899.0,10126.0,10580.0,10650.0,11985.0,10675.0,10538.0,11765.0,13457.0,12170.0,13244.0,11130.0,9886.0,10909.0,12170.0,11157.0,14764.0,13873.0,13234.0,12652.0,14240.0,13825.0,15573.0,15262.0,16616.0,17873.0,19198.0,19012.0,19610.0,18416.0,12829.0,14418.0,14917.0,
MEX.13.78_2,21230525.0,MEX,Xochiatipan,0.00188,3790.0,3813.0,5522.0,6708.0,7191.0,7828.0,8433.0,7899.0,9212.0,9616.0,9582.0,8669.0,8593.0,8570.0,7819.0,7969.0,8759.0,7930.0,8804.0,7450.0,7908.0,8013.0,6867.0,7326.0,7739.0,8499.0,9663.0,9178.0,8962.0,9315.0,9973.0,9128.0,11086.0,
MEX.13.79_2,21230526.0,MEX,Xochicoatlán,0.0,3688.0,5274.0,6676.0,6540.0,7551.0,7263.0,7878.0,7697.0,7285.0,8686.0,7689.0,7692.0,7654.0,7425.0,8268.0,7436.0,8440.0,9341.0,9459.0,8043.0,7755.0,6966.0,6777.0,7041.0,9071.0,8826.0,7219.0,8564.0,7268.0,7430.0,6492.0,6792.0,7023.0,
MEX.13.80_2,21230527.0,MEX,Yahualica,0.00378,6096.0,7477.0,7203.0,6769.0,7898.0,7368.0,14706.0,14786.0,14986.0,14675.0,9411.0,9610.0,12635.0,13014.0,16125.0,10960.0,12487.0,11813.0,9677.0,8970.0,7700.0,7402.0,9045.0,7533.0,10272.0,10321.0,11362.0,12117.0,13124.0,12616.0,10913.0,11108.0,11987.0,
MEX.13.81_2,21230528.0,MEX,Zacualtipán de Ángeles,0.03029,4232.0,3964.0,4731.0,4956.0,5464.0,5708.0,5044.0,5754.0,6317.0,8611.0,7969.0,11819.0,14201.0,13590.0,15030.0,14395.0,24153.0,26344.0,27111.0,23333.0,24262.0,23023.0,19612.0,19683.0,21873.0,23609.0,19011.0,20546.0,20393.0,19236.0,15175.0,16306.0,17000.0,
MEX.13.82_2,21230529.0,MEX,Zapotlán de Juárez,0.00895,8371.0,8110.0,8379.0,9949.0,10084.0,6604.0,7869.0,7662.0,8819.0,9503.0,9714.0,8619.0,8548.0,8619.0,9711.0,9058.0,10842.0,9474.0,10813.0,9601.0,10601.0,11052.0,12024.0,11932.0,11681.0,12739.0,13053.0,13433.0,14327.0,13990.0,12900.0,12733.0,13119.0,
MEX.13.83_2,21230530.0,MEX,Zempoala,0.00184,11434.0,12651.0,11059.0,13835.0,13330.0,9998.0,9265.0,8947.0,10040.0,11002.0,11541.0,9413.0,9359.0,6934.0,7204.0,7246.0,9387.0,8046.0,10212.0,9213.0,11304.0,12943.0,12103.0,11223.0,11785.0,11972.0,11369.0,11939.0,12378.0,11589.0,9929.0,10503.0,11006.0,
MEX.13.84_2,21230531.0,MEX,Zimapán,-0.00737,6206.0,7384.0,8192.0,6816.0,8335.0,8416.0,11433.0,11880.0,12167.0,10416.0,8701.0,8539.0,6889.0,10506.0,12150.0,10267.0,12021.0,10343.0,8162.0,8487.0,7937.0,7559.0,6316.0,7398.0,7775.0,7582.0,8144.0,9194.0,7079.0,6124.0,5396.0,5756.0,5965.0,
MEX.14.1_2,21230532.0,MEX,Acatic,0.00707,15364.0,13432.0,11922.0,12476.0,12342.0,10776.0,11299.0,11796.0,12714.0,13325.0,15197.0,13491.0,12663.0,13255.0,13709.0,13396.0,14030.0,13650.0,13740.0,12794.0,14747.0,13298.0,16291.0,15659.0,15564.0,16750.0,16550.0,17113.0,17859.0,19821.0,18274.0,19350.0,21395.0,
MEX.14.2_2,21230533.0,MEX,Acatlán de Juárez,0.0067,8680.0,9524.0,10057.0,9928.0,10209.0,9283.0,9643.0,10319.0,10281.0,10641.0,10819.0,10716.0,9907.0,11334.0,11520.0,12000.0,11482.0,11034.0,11468.0,11526.0,11743.0,11916.0,13501.0,13211.0,13851.0,14077.0,15712.0,15017.0,14899.0,14838.0,12946.0,13696.0,14880.0,
MEX.14.3_2,21230534.0,MEX,Ahualulco de Mercado,0.01004,8381.0,9267.0,8502.0,8350.0,8918.0,7884.0,8553.0,9364.0,9657.0,9266.0,9915.0,10257.0,9509.0,12310.0,12061.0,12929.0,12561.0,12313.0,12087.0,13011.0,12975.0,12971.0,11173.0,11182.0,14053.0,14141.0,15015.0,17982.0,17573.0,17341.0,14157.0,15197.0,16690.0,
MEX.14.4_2,21230535.0,MEX,Amacueca,0.00742,9440.0,9368.0,9618.0,8329.0,9392.0,8020.0,8318.0,8597.0,9221.0,9680.0,10628.0,10405.0,9845.0,10729.0,10992.0,11034.0,10205.0,10224.0,10568.0,10235.0,12046.0,10362.0,10458.0,12681.0,13218.0,13808.0,14536.0,14824.0,15567.0,15738.0,13306.0,14212.0,15501.0,
MEX.14.5_2,21230536.0,MEX,Amatitán,0.00418,9137.0,9992.0,9045.0,10119.0,10786.0,9000.0,9364.0,9431.0,9147.0,9980.0,8290.0,10578.0,10140.0,10191.0,11117.0,10652.0,9139.0,9702.0,10224.0,10621.0,11321.0,12323.0,12129.0,11873.0,11926.0,12631.0,14150.0,13817.0,11445.0,11532.0,9375.0,10314.0,11422.0,
MEX.14.6_2,21230537.0,MEX,Ameca,0.01168,9987.0,8717.0,8559.0,8485.0,9751.0,8444.0,9565.0,9697.0,10240.0,9701.0,9752.0,10920.0,10380.0,11711.0,11268.0,12764.0,12750.0,12929.0,12270.0,11984.0,11770.0,13329.0,12792.0,13509.0,13709.0,15268.0,18466.0,18911.0,21191.0,21787.0,18220.0,19338.0,21323.0,
MEX.14.7_2,21230538.0,MEX,Arandas,0.00401,11119.0,13840.0,13525.0,16684.0,17645.0,13382.0,13694.0,14416.0,15470.0,14004.0,14816.0,14409.0,12771.0,15278.0,14496.0,16289.0,16288.0,16271.0,15540.0,14801.0,15207.0,15008.0,15591.0,15123.0,17350.0,17047.0,18164.0,17947.0,18133.0,18912.0,16412.0,17315.0,19599.0,
MEX.14.8_2,21230539.0,MEX,Atemajac de Brizuela,0.00974,7762.0,8303.0,7961.0,7736.0,7999.0,6847.0,7399.0,7605.0,7785.0,8128.0,9710.0,8844.0,8109.0,10244.0,9752.0,9941.0,9670.0,9577.0,9829.0,9919.0,10967.0,10223.0,9694.0,11535.0,12339.0,12538.0,13203.0,13399.0,14628.0,14483.0,12721.0,13344.0,14592.0,
MEX.14.9_2,21230540.0,MEX,Atengo,0.01212,7810.0,8084.0,7947.0,7622.0,7960.0,6943.0,7766.0,7728.0,7984.0,8205.0,9228.0,8930.0,8445.0,10449.0,10069.0,10867.0,10526.0,10623.0,10652.0,10413.0,11251.0,10740.0,10312.0,13149.0,14646.0,15182.0,16686.0,16402.0,17554.0,17225.0,14874.0,15599.0,17067.0,
MEX.14.10_2,21230541.0,MEX,Atenguillo,0.01116,7810.0,8084.0,7947.0,7622.0,7960.0,6943.0,8290.0,8451.0,8852.0,9091.0,10146.0,9839.0,9234.0,11265.0,10864.0,10867.0,10526.0,10623.0,10652.0,10619.0,11462.0,10953.0,10543.0,13246.0,14726.0,15228.0,16737.0,16517.0,19626.0,17294.0,14735.0,15452.0,16906.0,
MEX.14.11_2,21230542.0,MEX,Atotonilco el Alto,0.00785,8743.0,8722.0,8075.0,8905.0,9725.0,6991.0,6180.0,7196.0,7634.0,7167.0,7245.0,7557.0,7326.0,7000.0,7385.0,6698.0,6223.0,6448.0,6992.0,7373.0,8860.0,9855.0,8866.0,8679.0,10384.0,10922.0,12150.0,12892.0,14405.0,13243.0,10590.0,11386.0,12517.0,
MEX.14.12_2,21230543.0,MEX,Atoyac,0.0109,8961.0,8788.0,8027.0,8343.0,7779.0,6660.0,7152.0,7262.0,7717.0,8726.0,10265.0,8893.0,8254.0,10313.0,10676.0,10646.0,9582.0,9648.0,9979.0,9595.0,11686.0,9592.0,9783.0,12021.0,12501.0,13050.0,13491.0,14533.0,15914.0,16216.0,13903.0,14962.0,16358.0,
MEX.14.13_2,21230544.0,MEX,Autlán de Navarro,0.00827,8653.0,8612.0,10566.0,10642.0,11975.0,12074.0,12043.0,13265.0,14224.0,13683.0,12071.0,16323.0,14831.0,16467.0,14752.0,15623.0,16409.0,13790.0,16946.0,13689.0,12453.0,13545.0,13936.0,15521.0,14836.0,16201.0,20999.0,20498.0,22105.0,19759.0,16493.0,17149.0,18818.0,
MEX.14.14_2,21230545.0,MEX,Ayotlán,0.01126,8726.0,8678.0,8351.0,8141.0,8716.0,7749.0,7928.0,8375.0,8846.0,8960.0,10015.0,9935.0,9475.0,11770.0,11111.0,12216.0,11466.0,11472.0,12077.0,11753.0,12109.0,12203.0,13393.0,14380.0,15581.0,16460.0,17236.0,18242.0,18597.0,16221.0,12619.0,14629.0,15958.0,
MEX.14.15_2,21230546.0,MEX,Ayutla,0.00941,7820.0,8094.0,7957.0,7652.0,7991.0,6821.0,7794.0,7757.0,7988.0,8387.0,9226.0,8934.0,8449.0,10350.0,9972.0,9957.0,9919.0,9997.0,9834.0,9422.0,10196.0,9717.0,9671.0,11962.0,13974.0,14481.0,15430.0,15044.0,17099.0,15335.0,13334.0,13888.0,15190.0,
MEX.14.16_2,21230547.0,MEX,Bolaños,0.00652,15549.0,15492.0,16429.0,16016.0,16271.0,14062.0,15421.0,15910.0,16774.0,17266.0,18111.0,18003.0,19412.0,21967.0,22056.0,21896.0,22133.0,22075.0,22319.0,20957.0,22173.0,21772.0,21825.0,23771.0,26163.0,27573.0,22483.0,22306.0,23013.0,23890.0,20606.0,21632.0,23685.0,
MEX.14.17_2,21230548.0,MEX,Cabo Corrientes,0.00733,8482.0,9275.0,9021.0,8591.0,8866.0,7412.0,8010.0,8245.0,8479.0,9019.0,10504.0,9709.0,8831.0,11194.0,10821.0,10941.0,10329.0,10337.0,10164.0,10462.0,11745.0,10966.0,10393.0,12569.0,13533.0,13962.0,14262.0,14487.0,14134.0,13841.0,11745.0,12438.0,13599.0,
MEX.14.18_2,21230549.0,MEX,Cañadas de Obregón,0.00908,7269.0,7870.0,7510.0,7287.0,7544.0,6572.0,7081.0,7312.0,7248.0,7437.0,8927.0,8140.0,7223.0,9291.0,8899.0,8974.0,8775.0,8817.0,8467.0,8540.0,9469.0,8778.0,8420.0,10392.0,11646.0,11863.0,12358.0,12739.0,13807.0,13496.0,11923.0,12505.0,13672.0,
MEX.14.19_2,21230550.0,MEX,Casimiro Castillo,0.01019,11045.0,11372.0,10479.0,10157.0,9275.0,8127.0,9374.0,9079.0,10157.0,10477.0,11252.0,10772.0,10086.0,13172.0,12458.0,12444.0,12851.0,12912.0,13243.0,12085.0,12959.0,13076.0,13525.0,15694.0,17092.0,18065.0,19697.0,17443.0,17474.0,16803.0,16653.0,16340.0,19174.0,
MEX.14.20_2,21230551.0,MEX,Chapala,0.0048,9932.0,9074.0,8704.0,8566.0,8990.0,8165.0,8307.0,9297.0,9604.0,9741.0,9712.0,9745.0,9003.0,11281.0,11441.0,11577.0,12222.0,11808.0,11667.0,11595.0,10221.0,9010.0,8651.0,9590.0,10292.0,10928.0,12495.0,11595.0,12998.0,12139.0,11336.0,12266.0,13517.0,
MEX.14.21_2,21230552.0,MEX,Chimaltitán,0.00757,10957.0,11245.0,11591.0,11115.0,11512.0,10189.0,10930.0,11270.0,11788.0,12521.0,12799.0,12813.0,14331.0,16376.0,16063.0,15372.0,15705.0,15613.0,15473.0,14657.0,15639.0,14615.0,14639.0,16296.0,18710.0,19864.0,22483.0,17208.0,18351.0,17779.0,15703.0,16468.0,18020.0,
MEX.14.22_2,21230553.0,MEX,Chiquilistlán,0.01142,8464.0,9289.0,9080.0,8861.0,9014.0,7758.0,8482.0,8617.0,9035.0,9309.0,10457.0,10063.0,9397.0,12610.0,12248.0,11215.0,11265.0,11279.0,11592.0,10843.0,11811.0,11810.0,11531.0,14257.0,14737.0,15468.0,16919.0,16824.0,20232.0,18714.0,16442.0,17519.0,19174.0,
MEX.14.23_2,21230554.0,MEX,Cihuatlán,0.00392,9953.0,9013.0,9131.0,9458.0,9594.0,8277.0,8973.0,9634.0,9811.0,10752.0,9177.0,11381.0,12080.0,11125.0,8865.0,9305.0,10363.0,9745.0,10965.0,9491.0,9696.0,9527.0,11059.0,12602.0,14200.0,14978.0,10186.0,11498.0,13220.0,12793.0,11122.0,11528.0,13158.0,
MEX.14.24_2,21230555.0,MEX,Cocula,0.01135,8225.0,9305.0,7313.0,7227.0,7779.0,6540.0,7864.0,7525.0,7529.0,7837.0,8616.0,9260.0,9028.0,10629.0,9272.0,10107.0,10205.0,9694.0,9656.0,9611.0,9326.0,9646.0,11082.0,11175.0,12564.0,12982.0,15253.0,15369.0,16827.0,16337.0,15364.0,15615.0,17765.0,
MEX.14.25_2,21230556.0,MEX,Colotlán,0.01163,8417.0,8067.0,10364.0,9883.0,10146.0,8760.0,9298.0,9502.0,10050.0,10886.0,11340.0,11136.0,10506.0,13757.0,13976.0,13690.0,12328.0,12488.0,13657.0,13361.0,14474.0,13877.0,14950.0,14634.0,16143.0,17095.0,17807.0,17993.0,19546.0,18727.0,17681.0,18034.0,19739.0,
MEX.14.26_2,21230557.0,MEX,Concepción de Buenos Aires,0.01071,8962.0,9687.0,9527.0,9114.0,9397.0,7988.0,8610.0,8874.0,9140.0,9428.0,10990.0,10184.0,9566.0,11916.0,11557.0,11662.0,11593.0,11552.0,11080.0,11151.0,12316.0,11493.0,11080.0,13328.0,14273.0,14745.0,16737.0,17003.0,18547.0,19279.0,15865.0,16739.0,18318.0,
MEX.14.27_2,21230558.0,MEX,Cuautitlán de García Barragán,0.00678,8433.0,9302.0,9141.0,8793.0,9030.0,8054.0,8276.0,8392.0,8614.0,9715.0,10673.0,9917.0,9041.0,11598.0,11226.0,11349.0,10908.0,10958.0,10749.0,10478.0,12064.0,11318.0,10870.0,11957.0,13717.0,14372.0,14384.0,14608.0,14195.0,13902.0,11808.0,12505.0,13672.0,
MEX.14.28_2,21230559.0,MEX,Cuautla,0.01086,7810.0,8084.0,7947.0,7622.0,7991.0,6970.0,7794.0,7757.0,8162.0,8387.0,9388.0,9116.0,8626.0,10646.0,10263.0,10251.0,10227.0,10302.0,10131.0,9699.0,10464.0,10004.0,9983.0,12267.0,14300.0,14820.0,15796.0,16402.0,17554.0,16686.0,14495.0,15111.0,16532.0,
MEX.14.29_2,21230560.0,MEX,Cuquío,0.00989,7411.0,7790.0,7430.0,7281.0,7537.0,6597.0,7197.0,7327.0,7306.0,7537.0,8966.0,9051.0,8562.0,10453.0,10096.0,10287.0,9726.0,9752.0,9740.0,9638.0,10554.0,9957.0,9803.0,11411.0,12511.0,13037.0,14188.0,14491.0,14174.0,15707.0,13415.0,12397.0,13546.0,
MEX.14.30_2,21230561.0,MEX,Degollado,0.00616,9777.0,10230.0,10701.0,10597.0,10844.0,9724.0,10036.0,10457.0,10296.0,10808.0,10405.0,10417.0,10832.0,12617.0,12925.0,13118.0,12890.0,12640.0,12871.0,12345.0,12426.0,12560.0,11512.0,11100.0,14581.0,15037.0,14524.0,13795.0,15024.0,15814.0,14085.0,14818.0,16170.0,
MEX.14.31_2,21230562.0,MEX,Ejutla,0.01128,8740.0,9062.0,8991.0,8629.0,8981.0,7850.0,8465.0,8634.0,9048.0,9292.0,10346.0,10045.0,9433.0,12827.0,12669.0,12373.0,12096.0,11925.0,11921.0,11653.0,12845.0,12022.0,11644.0,14735.0,16293.0,16943.0,18605.0,18380.0,19626.0,17758.0,15437.0,16081.0,17596.0,
MEX.14.32_2,21230563.0,MEX,El Arenal,0.00249,9616.0,10487.0,10143.0,10103.0,10078.0,9534.0,9225.0,9394.0,9059.0,9533.0,9399.0,10216.0,9574.0,12094.0,11428.0,12167.0,9067.0,9404.0,9842.0,9966.0,11043.0,9310.0,9468.0,10130.0,10959.0,11601.0,13565.0,13175.0,13151.0,13521.0,10616.0,10795.0,11945.0,
MEX.14.33_2,21230564.0,MEX,El Grullo,0.01605,9613.0,9989.0,10295.0,10279.0,11226.0,8877.0,9741.0,10205.0,10639.0,14058.0,13620.0,16454.0,15009.0,23871.0,21538.0,23043.0,21034.0,21527.0,22434.0,20232.0,18341.0,21914.0,21666.0,21957.0,22472.0,24259.0,28441.0,27061.0,28755.0,24919.0,21140.0,21452.0,24158.0,
MEX.14.34_2,21230565.0,MEX,El Limón,0.00843,9832.0,10135.0,11529.0,11230.0,11565.0,10391.0,10495.0,10907.0,11310.0,11836.0,12710.0,11341.0,10803.0,13471.0,13116.0,13453.0,13844.0,13057.0,12767.0,11816.0,12752.0,12729.0,13130.0,15533.0,17795.0,18853.0,21063.0,20714.0,20061.0,19044.0,15536.0,16143.0,17656.0,
MEX.14.35_2,21230566.0,MEX,El Salto,0.00615,13686.0,14027.0,15285.0,15179.0,15413.0,15092.0,15628.0,16542.0,17606.0,17981.0,18603.0,18748.0,17824.0,19661.0,19023.0,19274.0,20129.0,20256.0,19556.0,18727.0,19388.0,19311.0,20006.0,20664.0,19860.0,20880.0,20803.0,21896.0,23003.0,25438.0,22402.0,23789.0,25297.0,
MEX.14.36_2,21230567.0,MEX,Encarnación de Díaz,0.00779,8981.0,10041.0,9983.0,9773.0,9832.0,7994.0,8516.0,8852.0,9361.0,10233.0,11728.0,9634.0,9108.0,12554.0,12116.0,12469.0,11389.0,11693.0,11523.0,10916.0,11159.0,11053.0,12733.0,11881.0,13425.0,14346.0,15662.0,14721.0,15103.0,17210.0,14537.0,15878.0,17353.0,
MEX.14.37_2,21230568.0,MEX,Etzatlán,0.0105,8018.0,9333.0,9278.0,8736.0,9013.0,7845.0,8342.0,8593.0,8824.0,8988.0,10159.0,10352.0,9862.0,12659.0,12541.0,12273.0,12479.0,12427.0,12702.0,11822.0,13038.0,12248.0,11992.0,12834.0,14403.0,15249.0,18972.0,19962.0,19573.0,18905.0,14980.0,15902.0,17399.0,
MEX.14.38_2,21230569.0,MEX,Gómez Farías,0.00465,10458.0,11336.0,11410.0,11452.0,11520.0,10055.0,10469.0,10831.0,11243.0,12005.0,12267.0,12104.0,11266.0,12455.0,11942.0,12638.0,12614.0,11403.0,11309.0,11461.0,11461.0,10469.0,13134.0,12125.0,14205.0,15145.0,17101.0,17773.0,17870.0,19416.0,14818.0,15852.0,17305.0,
MEX.14.39_2,21230570.0,MEX,Guachinango,0.01046,8009.0,8596.0,8845.0,8928.0,8905.0,7990.0,8591.0,8705.0,9212.0,9564.0,9841.0,9565.0,9535.0,12554.0,11958.0,13057.0,12666.0,12241.0,12240.0,11397.0,11582.0,12074.0,11829.0,13313.0,16299.0,17193.0,16892.0,16839.0,18033.0,16532.0,14058.0,14629.0,16002.0,
MEX.14.40_2,21230571.0,MEX,Guadalajara,0.0029,21322.0,22679.0,23343.0,23709.0,24116.0,21795.0,22614.0,23735.0,24938.0,25052.0,24026.0,25888.0,25272.0,26733.0,26367.0,26376.0,27070.0,26860.0,25535.0,23641.0,24484.0,24790.0,26045.0,26275.0,26706.0,27657.0,28024.0,28506.0,28493.0,28505.0,27424.0,28352.0,28233.0,
MEX.14.41_2,21230572.0,MEX,Hostotipaquillo,0.00794,7044.0,7223.0,7738.0,7299.0,7556.0,6415.0,6955.0,7140.0,7292.0,7625.0,9136.0,8328.0,7638.0,9851.0,9179.0,8898.0,8917.0,8958.0,8692.0,9025.0,10122.0,9390.0,8609.0,9562.0,11219.0,11747.0,12441.0,12529.0,13243.0,13006.0,11162.0,11757.0,12979.0,
MEX.14.42_2,21230573.0,MEX,Huejúcar,0.01171,6465.0,7006.0,7324.0,8289.0,9206.0,7640.0,7253.0,7610.0,8672.0,9322.0,9241.0,9462.0,9099.0,11281.0,10796.0,11202.0,9484.0,9314.0,8934.0,10246.0,10884.0,10827.0,10811.0,11303.0,13643.0,14140.0,15808.0,16130.0,17333.0,17338.0,14384.0,15349.0,16793.0,
MEX.14.43_2,21230574.0,MEX,Huejuquilla el Alto,0.0068,8239.0,8370.0,8652.0,8675.0,8798.0,7894.0,8526.0,8502.0,9104.0,9793.0,9760.0,9132.0,8626.0,10549.0,9644.0,10251.0,10276.0,10123.0,9933.0,9442.0,9728.0,9663.0,9671.0,10963.0,13089.0,13724.0,14979.0,14931.0,16163.0,14261.0,12428.0,13017.0,13980.0,
MEX.14.44_2,21230575.0,MEX,Ixtlahuacán de los Membrillos,0.0,12423.0,13597.0,12674.0,13113.0,13334.0,11342.0,11901.0,12534.0,13282.0,14270.0,16010.0,16309.0,14873.0,14255.0,14200.0,13407.0,16041.0,16184.0,15113.0,13586.0,12453.0,13575.0,11326.0,12452.0,12443.0,13056.0,15361.0,14352.0,13082.0,12548.0,11717.0,12068.0,13414.0,
MEX.14.45_2,21230576.0,MEX,Ixtlahuacán del Río,-0.00315,13524.0,13651.0,13208.0,13500.0,13896.0,12160.0,12615.0,13126.0,14519.0,15328.0,14636.0,15195.0,14420.0,14562.0,13800.0,13396.0,12986.0,12588.0,11149.0,10808.0,9967.0,10608.0,11244.0,10947.0,10864.0,11438.0,13278.0,12669.0,13245.0,13959.0,11105.0,12371.0,13704.0,
MEX.14.46_2,21230577.0,MEX,Jalostotitlán,0.00632,10500.0,10274.0,10299.0,10708.0,11028.0,8537.0,9636.0,9195.0,9290.0,10853.0,10636.0,10323.0,9918.0,10645.0,10117.0,12095.0,11452.0,11429.0,11437.0,10930.0,12247.0,11200.0,10645.0,11246.0,12087.0,12500.0,14170.0,13923.0,16408.0,17169.0,15356.0,16308.0,18077.0,
MEX.14.47_2,21230578.0,MEX,Jamay,0.0046,9081.0,8672.0,9246.0,9298.0,9350.0,9078.0,10162.0,10580.0,10995.0,11526.0,10887.0,10868.0,10511.0,13105.0,12013.0,13278.0,11912.0,12660.0,13304.0,12637.0,10880.0,12980.0,10795.0,10328.0,11215.0,11301.0,11963.0,11785.0,13829.0,13757.0,11350.0,12192.0,13448.0,
MEX.14.48_2,21230579.0,MEX,Jesús María,0.00946,7971.0,8719.0,9600.0,9587.0,9489.0,8458.0,8913.0,9226.0,9109.0,9797.0,9732.0,10003.0,9996.0,11707.0,12046.0,12177.0,12309.0,11796.0,12176.0,11417.0,11797.0,11465.0,12444.0,11563.0,14298.0,14707.0,15528.0,15566.0,16061.0,17185.0,14125.0,14916.0,16278.0,
MEX.14.49_2,21230580.0,MEX,Jilotlán de los Dolores,0.01026,7777.0,9315.0,9815.0,10060.0,10551.0,8912.0,8991.0,8360.0,8225.0,9788.0,9964.0,10246.0,9990.0,12779.0,12234.0,10620.0,11307.0,11075.0,10700.0,11204.0,12248.0,12263.0,13093.0,14151.0,15735.0,16211.0,17223.0,15306.0,15702.0,17350.0,15465.0,16553.0,18113.0,
MEX.14.50_2,21230581.0,MEX,Jocotepec,0.00891,7414.0,7947.0,7834.0,7614.0,7955.0,6967.0,7693.0,7783.0,8283.0,9170.0,10084.0,9043.0,8068.0,10891.0,10863.0,12319.0,10221.0,11754.0,11952.0,11325.0,11570.0,11328.0,11989.0,13780.0,14375.0,13273.0,12413.0,11952.0,12071.0,13194.0,11536.0,12546.0,13794.0,
MEX.14.51_2,21230582.0,MEX,Juanacatlán,0.00226,11013.0,12005.0,11007.0,11969.0,12431.0,11105.0,11779.0,12319.0,12349.0,12282.0,12748.0,15929.0,15044.0,15324.0,15415.0,13635.0,11744.0,11311.0,12031.0,11974.0,11193.0,12144.0,10970.0,10847.0,12183.0,12994.0,13731.0,14915.0,13941.0,15767.0,13681.0,13794.0,15290.0,
MEX.14.52_2,21230583.0,MEX,Juchitlán,0.01053,8464.0,9289.0,9205.0,8861.0,9141.0,7870.0,8482.0,8740.0,9166.0,9444.0,10499.0,10200.0,9531.0,12755.0,12391.0,12319.0,12307.0,12309.0,12580.0,11805.0,12675.0,12713.0,12632.0,15181.0,16534.0,17337.0,16732.0,16764.0,18312.0,16828.0,14637.0,15239.0,16672.0,
MEX.14.53_2,21230584.0,MEX,La Barca,0.00471,8483.0,9378.0,9380.0,9308.0,9492.0,8461.0,8882.0,9908.0,9990.0,10486.0,10577.0,10485.0,10292.0,10347.0,11133.0,11199.0,11373.0,10145.0,11217.0,10803.0,12071.0,11318.0,11259.0,12257.0,12661.0,12938.0,11390.0,11744.0,12703.0,12418.0,10469.0,11002.0,12172.0,
MEX.14.54_2,21230585.0,MEX,La Huerta,0.00972,8082.0,9200.0,9122.0,8609.0,8885.0,7730.0,8308.0,8558.0,8851.0,9015.0,10674.0,10105.0,9557.0,11613.0,11223.0,11222.0,11243.0,11265.0,11000.0,10776.0,12224.0,11665.0,11453.0,13384.0,14268.0,14885.0,16373.0,16176.0,17734.0,17229.0,14352.0,15214.0,16644.0,
MEX.14.55_2,21230586.0,MEX,La Manzanilla de la Paz,0.00888,7177.0,7376.0,7370.0,7661.0,8131.0,7187.0,7413.0,7393.0,6766.0,8009.0,8008.0,8445.0,7797.0,9907.0,8967.0,8668.0,8279.0,8192.0,8383.0,8685.0,8849.0,8695.0,9343.0,10960.0,11529.0,12103.0,13447.0,14038.0,15801.0,15534.0,13281.0,13711.0,14996.0,
MEX.14.56_2,21230587.0,MEX,Lagos de Moreno,0.00319,11916.0,11727.0,10713.0,10484.0,11157.0,11102.0,11996.0,12286.0,13439.0,14208.0,15817.0,11661.0,10920.0,13411.0,11923.0,14388.0,14179.0,13319.0,13006.0,12964.0,13257.0,14345.0,13150.0,13311.0,14641.0,15243.0,14574.0,14296.0,14097.0,14379.0,12556.0,13227.0,14615.0,
MEX.14.57_2,21230588.0,MEX,Magdalena,0.00913,7370.0,7759.0,7174.0,7135.0,7768.0,6680.0,7247.0,7464.0,7814.0,7799.0,8334.0,8275.0,7796.0,11013.0,9925.0,10842.0,10590.0,10146.0,9655.0,9908.0,9389.0,10469.0,8435.0,9572.0,10091.0,10732.0,15239.0,14739.0,16738.0,16763.0,10874.0,12045.0,13277.0,
MEX.14.58_2,21230589.0,MEX,Mascota,0.0106,8748.0,9652.0,9701.0,9287.0,9572.0,8341.0,8938.0,9218.0,9568.0,9747.0,11162.0,11052.0,10492.0,12814.0,12688.0,12864.0,13015.0,12955.0,12600.0,12282.0,13386.0,12675.0,12617.0,14550.0,15573.0,15799.0,17272.0,17365.0,19000.0,19278.0,16490.0,17457.0,19105.0,
MEX.14.59_2,21230590.0,MEX,Mazamitla,0.00873,8285.0,8442.0,9255.0,8811.0,8961.0,8419.0,8490.0,8531.0,8759.0,9961.0,10133.0,10532.0,9904.0,12770.0,11780.0,11590.0,12034.0,11329.0,11091.0,10873.0,10836.0,11616.0,12717.0,13506.0,14594.0,15574.0,14181.0,12862.0,15562.0,15308.0,13396.0,13715.0,15069.0,
MEX.14.60_2,21230591.0,MEX,Mexticacán,0.01105,5183.0,4586.0,5487.0,7109.0,7910.0,6498.0,5591.0,6132.0,7375.0,7804.0,8208.0,7976.0,7605.0,9278.0,9061.0,9473.0,7823.0,7728.0,7435.0,8473.0,9305.0,8670.0,8666.0,9618.0,11158.0,11501.0,11973.0,12268.0,13097.0,13041.0,11041.0,11676.0,12763.0,
MEX.14.61_2,21230592.0,MEX,Mezquitic,0.00444,15248.0,15655.0,16098.0,16044.0,16275.0,14062.0,14981.0,15790.0,16774.0,17591.0,17445.0,18013.0,19412.0,22032.0,16088.0,15556.0,15830.0,15751.0,15607.0,14848.0,15941.0,14797.0,14695.0,16489.0,19221.0,20084.0,22366.0,22536.0,24013.0,24126.0,20728.0,21761.0,23827.0,
MEX.14.62_2,21230593.0,MEX,Mixtlán,0.01029,7994.0,8294.0,8165.0,7840.0,8181.0,7139.0,7970.0,7942.0,8214.0,8440.0,9462.0,9171.0,8678.0,10703.0,10069.0,10056.0,10022.0,10099.0,9933.0,9515.0,10298.0,9813.0,9776.0,12088.0,14086.0,14561.0,15516.0,16248.0,17392.0,16524.0,14356.0,14965.0,16371.0,
MEX.14.63_2,21230594.0,MEX,Ocotlán,0.0014,9902.0,10402.0,9730.0,10087.0,11490.0,9397.0,9005.0,9988.0,10820.0,10603.0,11140.0,11038.0,10092.0,9671.0,9706.0,10041.0,9932.0,10162.0,9657.0,9906.0,10604.0,10623.0,10000.0,10557.0,12129.0,12825.0,14500.0,13721.0,12436.0,11989.0,9379.0,9844.0,10894.0,
MEX.14.64_2,21230595.0,MEX,Ojuelos de Jalisco,0.00712,8367.0,8601.0,8288.0,8683.0,8808.0,7440.0,9569.0,9266.0,9616.0,10891.0,10253.0,10367.0,9728.0,11057.0,10662.0,11119.0,10236.0,9404.0,9150.0,9271.0,9842.0,9523.0,9499.0,10047.0,12776.0,13159.0,13700.0,13827.0,14613.0,15082.0,12961.0,13502.0,14766.0,
MEX.14.65_2,21230596.0,MEX,Pihuamo,0.01076,7248.0,7764.0,7617.0,7179.0,7438.0,6303.0,6902.0,7019.0,6828.0,7590.0,8416.0,7742.0,7072.0,9316.0,8800.0,8981.0,8835.0,8952.0,8598.0,8669.0,9650.0,8865.0,8593.0,10495.0,11479.0,12153.0,12930.0,13288.0,14577.0,14267.0,12689.0,13328.0,14575.0,
MEX.14.66_2,21230597.0,MEX,Poncitlán,0.0008,16057.0,13259.0,10398.0,11259.0,11326.0,9110.0,10932.0,10557.0,11868.0,12966.0,11432.0,11379.0,11317.0,11294.0,11580.0,11131.0,12247.0,12429.0,11511.0,10973.0,10697.0,11365.0,11194.0,11437.0,11653.0,12256.0,13459.0,12055.0,12478.0,13647.0,11252.0,11796.0,13049.0,
MEX.14.67_2,21230598.0,MEX,Puerto Vallarta,0.00553,11018.0,10926.0,11446.0,11666.0,11944.0,11832.0,12275.0,12904.0,14076.0,14764.0,14817.0,14018.0,13169.0,13036.0,12552.0,12186.0,12647.0,12886.0,14451.0,13706.0,13489.0,13621.0,12212.0,12706.0,13768.0,14560.0,18463.0,17788.0,19654.0,21923.0,18731.0,19738.0,21919.0,
MEX.14.68_2,21230599.0,MEX,Quitupan,0.00983,6630.0,6948.0,7409.0,7263.0,8143.0,6813.0,7135.0,6527.0,6358.0,7729.0,7942.0,9146.0,8548.0,10444.0,10041.0,9544.0,9104.0,8983.0,8808.0,9187.0,9430.0,9535.0,10624.0,11435.0,12584.0,13152.0,14226.0,13469.0,13472.0,14331.0,10584.0,11162.0,12192.0,
MEX.14.69_2,21230600.0,MEX,San Cristóbal de la Barranca,0.00889,6698.0,7176.0,7537.0,7114.0,7220.0,6334.0,6705.0,6830.0,7168.0,7814.0,7676.0,7985.0,8322.0,10544.0,10366.0,10658.0,9528.0,10231.0,10192.0,10066.0,11059.0,10174.0,10503.0,9712.0,11188.0,11561.0,12575.0,11422.0,12221.0,12928.0,11051.0,11654.0,12695.0,
MEX.14.70_2,21230601.0,MEX,San Diego de Alejandría,0.00322,11962.0,12529.0,12995.0,12882.0,14066.0,11526.0,12158.0,11895.0,12844.0,12431.0,14574.0,13242.0,14163.0,11651.0,11510.0,11508.0,11913.0,11463.0,13290.0,12557.0,13315.0,13193.0,13708.0,13542.0,12947.0,13732.0,15365.0,16245.0,17974.0,15720.0,15304.0,16159.0,17785.0,
MEX.14.71_2,21230602.0,MEX,San Gabriel,0.00876,7159.0,7765.0,7773.0,7549.0,7809.0,6678.0,7230.0,7428.0,7587.0,7926.0,9508.0,8636.0,7915.0,10025.0,9537.0,9724.0,9450.0,9382.0,9106.0,9261.0,10295.0,9543.0,8935.0,10811.0,12001.0,12147.0,12642.0,12766.0,13727.0,13673.0,12046.0,12632.0,13812.0,
MEX.14.72_2,21230603.0,MEX,San Ignacio Cerro Gordo,0.00685,9369.0,10147.0,10112.0,10082.0,10455.0,9452.0,9741.0,10084.0,9895.0,10619.0,10497.0,10690.0,10592.0,12118.0,11480.0,12317.0,12137.0,12683.0,13226.0,12715.0,13185.0,12916.0,13296.0,12975.0,14798.0,15821.0,14539.0,13375.0,14187.0,15750.0,13250.0,13990.0,15262.0,
MEX.14.73_2,21230604.0,MEX,San Juan de los Lagos,0.00978,11355.0,11121.0,10031.0,10504.0,10424.0,9904.0,10739.0,11202.0,11792.0,11815.0,12291.0,12144.0,13798.0,13575.0,14320.0,13735.0,15258.0,17214.0,14734.0,13651.0,15292.0,14116.0,16148.0,15128.0,16195.0,17394.0,18103.0,18107.0,19283.0,19352.0,16746.0,17288.0,19132.0,
MEX.14.74_2,21230605.0,MEX,San Juanito de Escobedo,0.00908,8142.0,8663.0,8520.0,8358.0,8926.0,7964.0,8275.0,8849.0,9097.0,9519.0,10333.0,9981.0,9119.0,10616.0,9853.0,10150.0,10096.0,11306.0,11092.0,11071.0,11226.0,11601.0,10232.0,11453.0,12454.0,12980.0,14500.0,14128.0,15713.0,17370.0,14599.0,15565.0,17102.0,
MEX.14.75_2,21230606.0,MEX,San Julián,0.00968,7583.0,7970.0,7617.0,7508.0,8098.0,7353.0,7661.0,7813.0,9794.0,10073.0,11308.0,10998.0,10488.0,13065.0,12658.0,13896.0,13258.0,9474.0,9463.0,10411.0,10749.0,9588.0,11758.0,11122.0,12247.0,13346.0,15144.0,14702.0,17043.0,15755.0,13774.0,14447.0,15875.0,
MEX.14.76_2,21230607.0,MEX,San Marcos,0.01224,7813.0,8402.0,8423.0,7931.0,8488.0,7359.0,7937.0,8169.0,8415.0,8589.0,9638.0,9324.0,8800.0,11628.0,11116.0,11680.0,11457.0,11278.0,12070.0,11314.0,12578.0,11963.0,12228.0,13542.0,15624.0,16509.0,18164.0,16291.0,17851.0,17891.0,15227.0,16202.0,17728.0,
MEX.14.77_2,21230608.0,MEX,San Martín de Bolaños,0.00743,11162.0,11072.0,11714.0,11115.0,11512.0,10189.0,10936.0,11270.0,11620.0,12521.0,12629.0,12627.0,14331.0,16376.0,16063.0,15372.0,15705.0,15652.0,15473.0,14657.0,15743.0,14615.0,14566.0,16296.0,18642.0,19870.0,22483.0,17208.0,18351.0,17779.0,15378.0,16126.0,17645.0,
MEX.14.78_2,21230609.0,MEX,San Martín Hidalgo,0.0061,9665.0,10240.0,9979.0,9799.0,10388.0,9295.0,9300.0,9743.0,10058.0,10445.0,11649.0,11220.0,10860.0,13354.0,12401.0,13030.0,12826.0,12658.0,12476.0,12504.0,13054.0,12811.0,11946.0,12913.0,14746.0,15257.0,14893.0,14148.0,15599.0,14498.0,12511.0,13086.0,14310.0,
MEX.14.79_2,21230610.0,MEX,San Miguel el Alto,0.0071,8486.0,8369.0,7420.0,7460.0,8408.0,7313.0,7926.0,7980.0,8407.0,9786.0,11665.0,9971.0,8881.0,13267.0,12468.0,12239.0,10705.0,11320.0,12300.0,11793.0,12274.0,11588.0,12369.0,12108.0,12912.0,13089.0,12876.0,11969.0,12160.0,12140.0,11358.0,12119.0,13326.0,
MEX.14.80_2,21230611.0,MEX,San Pedro Tlaquepaque,0.00518,28471.0,28337.0,29782.0,30164.0,30689.0,28314.0,28890.0,30848.0,34974.0,34959.0,35422.0,36212.0,34859.0,37900.0,37205.0,37418.0,37729.0,37581.0,36887.0,34046.0,35195.0,35656.0,37424.0,36520.0,38592.0,40021.0,42002.0,42329.0,40320.0,40314.0,42580.0,45077.0,43366.0,
MEX.14.81_2,21230612.0,MEX,San Sebastián del Oeste,0.0087,8450.0,9068.0,9052.0,9159.0,9291.0,7788.0,8428.0,8683.0,9096.0,9401.0,10539.0,10157.0,9548.0,11964.0,11389.0,11676.0,11379.0,11142.0,10936.0,10734.0,11904.0,10967.0,10712.0,12059.0,13467.0,14109.0,15489.0,15304.0,16796.0,16500.0,14038.0,14948.0,16352.0,
MEX.14.82_2,21230613.0,MEX,Santa María de los Ángeles,0.00783,9797.0,9924.0,10368.0,9515.0,10092.0,8715.0,9333.0,9663.0,10063.0,10900.0,11454.0,11140.0,10441.0,12648.0,12492.0,12119.0,12107.0,12031.0,12377.0,11616.0,12606.0,12713.0,12632.0,14572.0,16497.0,17333.0,18913.0,18622.0,20065.0,16828.0,14637.0,15239.0,16672.0,
MEX.14.83_2,21230614.0,MEX,Santa María del Oro,0.0098,8756.0,8607.0,8996.0,8629.0,8985.0,7850.0,8465.0,8502.0,8889.0,9833.0,9794.0,10055.0,9433.0,11482.0,11078.0,11093.0,10752.0,10758.0,10466.0,10619.0,11565.0,10907.0,10637.0,13246.0,16157.0,16945.0,18605.0,18380.0,19626.0,17294.0,14934.0,15662.0,17136.0,
MEX.14.84_2,21230615.0,MEX,Sayula,0.00501,8076.0,7768.0,6251.0,6617.0,7822.0,6275.0,7996.0,7786.0,8880.0,9699.0,10192.0,13979.0,12713.0,8733.0,9186.0,9085.0,8536.0,8022.0,8130.0,9044.0,10340.0,9238.0,8598.0,10811.0,11095.0,11642.0,13256.0,12462.0,12321.0,11043.0,9039.0,9545.0,10531.0,
MEX.14.85_2,21230616.0,MEX,Tala,0.00168,9980.0,10284.0,8613.0,9116.0,9738.0,7271.0,7301.0,7530.0,8398.0,8772.0,9671.0,9705.0,9175.0,10229.0,9853.0,9394.0,9914.0,10291.0,10819.0,9313.0,8724.0,9299.0,9067.0,9848.0,11074.0,11728.0,11204.0,10256.0,10264.0,8991.0,9231.0,9394.0,10617.0,
MEX.14.86_2,21230617.0,MEX,Talpa de Allende,0.0111,8684.0,8984.0,8909.0,8567.0,8918.0,7794.0,8406.0,8573.0,9078.0,9322.0,10355.0,10075.0,9463.0,11514.0,11110.0,11115.0,10807.0,10880.0,11991.0,11719.0,12891.0,11992.0,11600.0,14679.0,16256.0,16942.0,18604.0,18314.0,19557.0,17225.0,15338.0,15977.0,17482.0,
MEX.14.87_2,21230618.0,MEX,Tamazula de Gordiano,0.00839,8457.0,9001.0,8673.0,8517.0,8518.0,7396.0,7915.0,8057.0,8325.0,8683.0,10129.0,9421.0,8423.0,10941.0,10700.0,11583.0,11148.0,11298.0,11388.0,10945.0,12277.0,9984.0,9849.0,11371.0,12424.0,12858.0,14190.0,15440.0,15478.0,15023.0,11084.0,12889.0,14049.0,
MEX.14.88_2,21230619.0,MEX,Tapalpa,0.00952,8327.0,8883.0,8565.0,8393.0,8844.0,7598.0,8060.0,8298.0,8504.0,8863.0,10032.0,11114.0,10359.0,12765.0,11819.0,12444.0,12172.0,12011.0,11845.0,11949.0,12596.0,12325.0,11657.0,13153.0,14979.0,15429.0,16151.0,16267.0,15405.0,15358.0,13454.0,14160.0,15488.0,
MEX.14.89_2,21230620.0,MEX,Tecalitlán,0.0093,8183.0,7621.0,8268.0,7827.0,7771.0,6899.0,7182.0,7454.0,7703.0,8338.0,8336.0,8513.0,7710.0,8903.0,11147.0,11235.0,10592.0,9405.0,9915.0,9671.0,10145.0,9432.0,7540.0,8570.0,10298.0,10875.0,14074.0,14962.0,17056.0,17868.0,16142.0,16569.0,18643.0,
MEX.14.90_2,21230621.0,MEX,Techaluta de Montenegro,0.01067,8825.0,8728.0,8292.0,7763.0,7635.0,6440.0,6867.0,7042.0,7115.0,8108.0,8084.0,8290.0,7693.0,9676.0,10122.0,9993.0,9115.0,8915.0,9211.0,9185.0,10967.0,9817.0,10288.0,11034.0,11681.0,12090.0,13251.0,12936.0,14305.0,14530.0,12486.0,13264.0,14484.0,
MEX.14.91_2,21230622.0,MEX,Tecolotlán,0.01014,9011.0,9854.0,9803.0,9287.0,9572.0,8615.0,9288.0,9584.0,9889.0,10075.0,11489.0,10848.0,10343.0,12600.0,12476.0,12588.0,12739.0,12876.0,12939.0,12599.0,13709.0,13002.0,12973.0,14899.0,16052.0,16685.0,17625.0,17859.0,20433.0,18588.0,14475.0,16757.0,18337.0,
MEX.14.92_2,21230623.0,MEX,Tenamaxtlán,0.01072,9901.0,10513.0,9080.0,8737.0,9014.0,7758.0,8365.0,8617.0,9035.0,9309.0,10457.0,10063.0,9397.0,12610.0,12248.0,12175.0,12155.0,12159.0,12434.0,11669.0,12632.0,12572.0,12479.0,15031.0,16521.0,17324.0,18900.0,16778.0,18327.0,16805.0,14696.0,15263.0,16698.0,
MEX.14.93_2,21230624.0,MEX,Teocaltiche,0.00975,7764.0,8131.0,8116.0,7675.0,8267.0,7246.0,7726.0,7882.0,7906.0,8149.0,9182.0,9700.0,9195.0,13366.0,12550.0,13790.0,12703.0,12735.0,11986.0,11784.0,12210.0,12166.0,10223.0,12130.0,15167.0,16067.0,15059.0,14589.0,14077.0,15180.0,11578.0,12145.0,13270.0,
MEX.14.94_2,21230625.0,MEX,Teocuitatlán de Corona,0.00938,7159.0,7765.0,7401.0,7236.0,7492.0,6520.0,7065.0,7255.0,7173.0,7366.0,8836.0,8062.0,7679.0,9787.0,9301.0,9487.0,9209.0,8825.0,8575.0,8753.0,9702.0,9031.0,8541.0,10532.0,11688.0,11873.0,12356.0,12674.0,14065.0,13931.0,12008.0,12594.0,13770.0,
MEX.14.95_2,21230626.0,MEX,Tepatitlán de Morelos,0.00578,13873.0,14292.0,12998.0,14252.0,14599.0,12624.0,12983.0,13788.0,14831.0,15599.0,15921.0,13233.0,12007.0,11915.0,12202.0,14271.0,14153.0,13818.0,14663.0,15240.0,14898.0,16262.0,15520.0,15748.0,16544.0,18204.0,20414.0,20227.0,20498.0,19653.0,16254.0,17372.0,19224.0,
MEX.14.96_2,21230627.0,MEX,Tequila,0.01012,7493.0,7524.0,8362.0,7883.0,8800.0,7343.0,8053.0,8272.0,8570.0,9411.0,8704.0,9620.0,9154.0,12681.0,11121.0,12577.0,12164.0,12252.0,10327.0,10256.0,10489.0,10689.0,10430.0,10117.0,12586.0,12183.0,13324.0,13409.0,14621.0,16603.0,15392.0,17003.0,18590.0,
MEX.14.97_2,21230628.0,MEX,Teuchitlán,0.0119,7788.0,8244.0,7903.0,7751.0,8014.0,7021.0,7634.0,7786.0,7803.0,8044.0,9893.0,10026.0,9510.0,11479.0,11109.0,11308.0,10442.0,10461.0,10431.0,10399.0,10827.0,10731.0,12523.0,13978.0,15990.0,16968.0,18205.0,18348.0,17569.0,16980.0,13022.0,13767.0,15049.0,
MEX.14.98_2,21230629.0,MEX,Tizapán el Alto,0.00416,9319.0,9258.0,10002.0,9552.0,9693.0,8768.0,9296.0,9395.0,9922.0,10690.0,10123.0,9992.0,9499.0,10343.0,9606.0,10843.0,9455.0,9255.0,9427.0,9603.0,9215.0,9898.0,10552.0,11146.0,11865.0,12933.0,15730.0,15610.0,16253.0,14183.0,14219.0,14433.0,13580.0,
MEX.14.99_2,21230630.0,MEX,Tlajomulco de Zúñiga,0.00949,12179.0,12046.0,12629.0,12610.0,12657.0,11443.0,11906.0,12600.0,13325.0,14214.0,15942.0,15418.0,14938.0,17718.0,16456.0,16369.0,17183.0,19042.0,18377.0,17532.0,17926.0,18512.0,19126.0,19615.0,19520.0,20111.0,21300.0,23193.0,24226.0,23051.0,20352.0,21629.0,22927.0,
MEX.14.100_2,21230631.0,MEX,Tolimán,0.00653,7853.0,8471.0,8276.0,8050.0,8317.0,6959.0,7539.0,7751.0,7934.0,8420.0,9908.0,9143.0,8342.0,10789.0,9425.0,9534.0,8968.0,9008.0,8741.0,9175.0,9905.0,9455.0,8694.0,10899.0,11576.0,11675.0,12610.0,12840.0,14823.0,14621.0,11969.0,12970.0,14182.0,
MEX.14.101_2,21230632.0,MEX,Tomatlán,0.01094,8405.0,9228.0,9142.0,8779.0,8289.0,7201.0,7756.0,7980.0,8242.0,8394.0,9495.0,9123.0,8606.0,11417.0,11315.0,11005.0,11055.0,11316.0,11629.0,10876.0,11749.0,11754.0,11569.0,14197.0,14535.0,15258.0,16732.0,17682.0,19297.0,16246.0,13777.0,14713.0,16095.0,
MEX.14.102_2,21230633.0,MEX,Tonalá,0.00352,21064.0,22610.0,22990.0,23225.0,23607.0,21487.0,21883.0,23451.0,24360.0,24360.0,23749.0,25187.0,24536.0,25678.0,25143.0,25261.0,25908.0,26275.0,25603.0,24475.0,23442.0,24927.0,27869.0,28070.0,27019.0,28021.0,27329.0,27628.0,29417.0,29409.0,27736.0,28682.0,29164.0,
MEX.14.103_2,21230634.0,MEX,Tonaya,0.00976,8295.0,9200.0,9122.0,8609.0,8885.0,8010.0,8600.0,8863.0,9179.0,9351.0,10674.0,10105.0,9557.0,11613.0,11223.0,11222.0,11243.0,11265.0,11000.0,11280.0,12224.0,11665.0,11453.0,13384.0,14268.0,14885.0,16063.0,16865.0,18456.0,17498.0,14952.0,15846.0,17338.0,
MEX.14.104_2,21230635.0,MEX,Tonila,0.00578,10370.0,11268.0,11310.0,11352.0,11290.0,9811.0,10231.0,10660.0,10972.0,11923.0,12285.0,11053.0,10733.0,11041.0,12202.0,11955.0,11539.0,11008.0,11405.0,11044.0,11126.0,10757.0,13741.0,13131.0,15233.0,16215.0,17762.0,18341.0,19275.0,21549.0,21378.0,22293.0,24371.0,
MEX.14.105_2,21230636.0,MEX,Totatiche,0.00935,8954.0,8560.0,8974.0,8512.0,9078.0,8035.0,8691.0,8745.0,9219.0,9931.0,10246.0,10156.0,10806.0,12782.0,12416.0,12404.0,12394.0,11978.0,11872.0,11521.0,12302.0,11867.0,11602.0,13358.0,15597.0,16255.0,17601.0,15239.0,16367.0,15465.0,13366.0,14006.0,15319.0,
MEX.14.106_2,21230637.0,MEX,Tototlán,0.00896,10350.0,10041.0,9701.0,9274.0,9325.0,8307.0,8503.0,8926.0,9474.0,10349.0,11897.0,10510.0,10278.0,13429.0,12970.0,14044.0,13776.0,12500.0,12379.0,11432.0,11613.0,11053.0,13766.0,11913.0,14051.0,14971.0,16593.0,15725.0,15898.0,16474.0,15933.0,16774.0,18336.0,
MEX.14.107_2,21230638.0,MEX,Tuxcacuesco,0.01145,7620.0,8663.0,8580.0,8022.0,8289.0,7201.0,7756.0,7980.0,8242.0,8394.0,9495.0,9500.0,8970.0,11762.0,11928.0,11371.0,11416.0,11702.0,11994.0,11228.0,12335.0,12045.0,11886.0,12831.0,13679.0,14273.0,15712.0,16485.0,18043.0,17229.0,14702.0,15603.0,17071.0,
MEX.14.108_2,21230639.0,MEX,Tuxcueca,0.00955,7159.0,7765.0,7401.0,7179.0,7433.0,6354.0,6892.0,7074.0,7206.0,7537.0,9028.0,8238.0,7915.0,10025.0,9537.0,9724.0,9450.0,9382.0,9106.0,9261.0,10295.0,9543.0,8935.0,10811.0,11766.0,11922.0,12514.0,12564.0,13608.0,13673.0,12046.0,12632.0,13812.0,
MEX.14.109_2,21230640.0,MEX,Tuxpan,0.00361,10488.0,10650.0,11207.0,11947.0,12217.0,9888.0,9969.0,10945.0,10713.0,11011.0,12009.0,12479.0,12181.0,11388.0,11340.0,11620.0,12190.0,11526.0,11968.0,12094.0,12252.0,11419.0,11997.0,13304.0,13068.0,13704.0,15778.0,15193.0,14875.0,13777.0,11466.0,12031.0,13305.0,
MEX.14.110_2,21230641.0,MEX,Unión de San Antonio,0.0,12675.0,13036.0,13641.0,13478.0,13427.0,11904.0,12676.0,12992.0,13276.0,10363.0,9151.0,11720.0,11879.0,12636.0,12700.0,12726.0,13150.0,13110.0,13307.0,12773.0,11213.0,12890.0,12787.0,12240.0,12634.0,12443.0,13661.0,12816.0,14030.0,13782.0,12345.0,12906.0,14119.0,
MEX.14.111_2,21230642.0,MEX,Unión de Tula,0.01071,8519.0,8800.0,8718.0,8377.0,8725.0,7623.0,8154.0,8308.0,8716.0,8952.0,10001.0,9696.0,9174.0,11012.0,10614.0,10646.0,10457.0,10483.0,10514.0,10204.0,11031.0,10427.0,10083.0,12690.0,14257.0,17179.0,18843.0,18401.0,21268.0,18399.0,15983.0,16244.0,18294.0,
MEX.14.112_2,21230643.0,MEX,Valle de Guadalupe,0.00736,9475.0,10149.0,9976.0,10162.0,10012.0,8930.0,9373.0,9736.0,9989.0,10835.0,11838.0,10912.0,10390.0,11689.0,11679.0,12027.0,12028.0,11760.0,12046.0,12516.0,12903.0,12511.0,12766.0,12592.0,14138.0,13948.0,14528.0,15023.0,15315.0,15989.0,14844.0,15303.0,17014.0,
MEX.14.113_2,21230644.0,MEX,Valle de Juárez,0.012,7016.0,7519.0,7649.0,8049.0,8767.0,6798.0,7504.0,6022.0,6413.0,7128.0,7961.0,8187.0,8234.0,10902.0,10570.0,9120.0,9149.0,8202.0,9251.0,10190.0,10531.0,10565.0,13307.0,12814.0,12596.0,12872.0,12685.0,12748.0,14244.0,14167.0,12794.0,13645.0,14878.0,
MEX.14.114_2,21230645.0,MEX,Villa Corona,0.00992,8484.0,8614.0,8385.0,8234.0,8919.0,7698.0,8303.0,8619.0,9250.0,9504.0,9651.0,10363.0,9734.0,10362.0,10581.0,10234.0,9835.0,9874.0,10565.0,10313.0,12184.0,9911.0,10154.0,13000.0,14160.0,14798.0,15523.0,16470.0,18023.0,18366.0,15604.0,16565.0,18115.0,
MEX.14.115_2,21230646.0,MEX,Villa Guerrero,0.0079,11041.0,10872.0,11203.0,10729.0,11120.0,10007.0,10612.0,10843.0,11555.0,12254.0,12761.0,12538.0,14265.0,16315.0,16022.0,15331.0,15664.0,15573.0,15465.0,14618.0,15681.0,14575.0,14598.0,16230.0,18571.0,19796.0,17963.0,17569.0,18781.0,18157.0,14993.0,15720.0,17199.0,
MEX.14.116_2,21230647.0,MEX,Villa Hidalgo,0.01121,7366.0,7608.0,7240.0,7135.0,7719.0,6824.0,7242.0,7446.0,7438.0,7627.0,8678.0,8681.0,8218.0,9659.0,12509.0,12607.0,11801.0,11663.0,10535.0,10425.0,11250.0,9714.0,10817.0,10402.0,13378.0,14072.0,13825.0,13373.0,15043.0,15539.0,13747.0,14088.0,15479.0,
MEX.14.117_2,21230648.0,MEX,Villa Purificación,0.01108,7810.0,8084.0,7947.0,7622.0,7960.0,6943.0,7766.0,7728.0,7984.0,8205.0,9228.0,8930.0,8445.0,10449.0,10069.0,10056.0,10022.0,10099.0,9933.0,9515.0,10298.0,9813.0,9776.0,12088.0,14086.0,14561.0,15516.0,15239.0,17392.0,16524.0,14356.0,14965.0,16371.0,
MEX.14.118_2,21230649.0,MEX,Yahualica de González Gallo,0.0116,8064.0,8320.0,8664.0,8873.0,8995.0,7925.0,7606.0,8267.0,9073.0,8255.0,7884.0,8395.0,7984.0,11313.0,9970.0,10048.0,10294.0,11252.0,11039.0,12706.0,12315.0,12447.0,12421.0,13795.0,16547.0,17382.0,17001.0,17301.0,14153.0,14177.0,13329.0,14193.0,15602.0,
MEX.14.119_2,21230650.0,MEX,Zacoalco de Torres,0.00992,9445.0,9611.0,7898.0,7974.0,8007.0,5847.0,7084.0,6671.0,7138.0,8690.0,9942.0,9549.0,8694.0,12028.0,12059.0,11376.0,12148.0,10970.0,11924.0,11902.0,14555.0,11315.0,13071.0,13781.0,13101.0,13885.0,15893.0,15721.0,13356.0,12398.0,9361.0,9809.0,10876.0,
MEX.14.120_2,21230651.0,MEX,Zapopan,0.00496,15303.0,14920.0,15137.0,15079.0,14364.0,13522.0,14344.0,14757.0,15690.0,16335.0,18545.0,16921.0,16061.0,17306.0,17839.0,16966.0,17803.0,17939.0,17304.0,16447.0,18669.0,16931.0,16986.0,18413.0,18935.0,20011.0,20342.0,19435.0,20425.0,21511.0,19687.0,20929.0,21323.0,
MEX.14.121_2,21230652.0,MEX,Zapotiltic,0.0046,11051.0,11779.0,10138.0,10551.0,10735.0,9668.0,10125.0,10557.0,11482.0,11652.0,12765.0,11874.0,11803.0,10604.0,10964.0,10556.0,11193.0,11120.0,11006.0,10528.0,12274.0,11413.0,10779.0,12129.0,13223.0,14143.0,14511.0,15441.0,14579.0,18235.0,14904.0,15639.0,17343.0,
MEX.14.122_2,21230653.0,MEX,Zapotitlán de Vadillo,0.00751,7646.0,8136.0,7790.0,7639.0,7911.0,6835.0,7643.0,7629.0,7717.0,8591.0,9092.0,8772.0,8185.0,10346.0,10065.0,10256.0,9746.0,9904.0,9905.0,9737.0,10805.0,10002.0,9601.0,10188.0,12493.0,13198.0,14407.0,12607.0,12302.0,12209.0,10953.0,11512.0,12576.0,
MEX.14.123_2,21230654.0,MEX,Zapotlán del Rey,0.00914,12100.0,11960.0,12117.0,11835.0,12008.0,10257.0,10448.0,10891.0,10123.0,10864.0,11458.0,10537.0,10894.0,12138.0,14160.0,14866.0,15058.0,14436.0,15714.0,14624.0,15125.0,13994.0,15356.0,15795.0,17330.0,18607.0,19162.0,18756.0,18888.0,18608.0,16610.0,17360.0,18452.0,
MEX.14.124_2,21230655.0,MEX,Zapotlán el Grande,0.00631,10545.0,10891.0,11458.0,11409.0,12754.0,11250.0,11817.0,12303.0,13004.0,13598.0,14780.0,14074.0,13265.0,14594.0,14098.0,14042.0,14840.0,15143.0,14270.0,12883.0,14120.0,13237.0,14416.0,15025.0,16268.0,16960.0,16732.0,16622.0,17294.0,18701.0,15939.0,16796.0,18558.0,
MEX.14.125_2,21230656.0,MEX,Zapotlanejo,0.0045,11119.0,11506.0,12164.0,12157.0,12498.0,10792.0,10690.0,11596.0,12952.0,12841.0,12565.0,12864.0,12697.0,12142.0,12506.0,12793.0,13865.0,14174.0,13875.0,12067.0,12791.0,13353.0,13930.0,13141.0,13578.0,15169.0,15853.0,16056.0,16638.0,17130.0,13109.0,15347.0,16994.0,
MEX.15.1_2,21230657.0,MEX,Acambay de Ruíz Castañeda,0.00445,11184.0,11501.0,11979.0,12441.0,12445.0,10676.0,11684.0,12497.0,13112.0,13158.0,13376.0,14315.0,13819.0,13037.0,13746.0,14082.0,13332.0,13805.0,14780.0,13660.0,14436.0,14807.0,14057.0,14516.0,15233.0,15954.0,16439.0,16056.0,16070.0,15292.0,15181.0,15831.0,16438.0,
MEX.15.2_2,21230658.0,MEX,Acolman,0.0024,6783.0,6850.0,6826.0,7034.0,7025.0,6397.0,6809.0,7310.0,7668.0,7436.0,8401.0,8006.0,7619.0,7093.0,6903.0,7056.0,6751.0,6866.0,6891.0,6369.0,6650.0,6714.0,6960.0,7165.0,7862.0,7709.0,8685.0,8004.0,7998.0,8473.0,8557.0,8749.0,9025.0,
MEX.15.3_2,21230659.0,MEX,Aculco,0.00399,12234.0,12660.0,12925.0,13303.0,13473.0,11772.0,12930.0,13849.0,14594.0,14281.0,14871.0,15844.0,15008.0,14057.0,14280.0,14423.0,14595.0,14751.0,14698.0,13699.0,14365.0,14454.0,14950.0,15300.0,16705.0,17872.0,18349.0,16750.0,16940.0,16876.0,16443.0,17426.0,17977.0,
MEX.15.4_2,21230660.0,MEX,Almoloya de Alquisiras,0.00492,10896.0,11076.0,11519.0,11842.0,11840.0,10428.0,11480.0,12283.0,12892.0,12626.0,12649.0,13742.0,13250.0,12731.0,13490.0,13766.0,12819.0,12849.0,13932.0,13041.0,13551.0,13857.0,13350.0,13791.0,15125.0,16223.0,16674.0,16084.0,16142.0,15128.0,15081.0,15711.0,16300.0,
MEX.15.5_2,21230661.0,MEX,Almoloya de Juárez,0.0,9988.0,9652.0,9556.0,9909.0,10050.0,8633.0,4678.0,5055.0,5084.0,5108.0,5514.0,6887.0,6870.0,6793.0,6985.0,5745.0,6998.0,6143.0,5786.0,5214.0,5389.0,5236.0,5565.0,5592.0,5871.0,6390.0,11098.0,10899.0,11309.0,6434.0,6347.0,6316.0,7453.0,
MEX.15.6_2,21230662.0,MEX,Almoloya del Río,0.0,4527.0,4013.0,6160.0,5916.0,5777.0,5236.0,5660.0,4288.0,4771.0,6916.0,7227.0,3929.0,3157.0,2922.0,3156.0,5795.0,5370.0,6979.0,7683.0,5834.0,5964.0,5851.0,6396.0,6605.0,7469.0,4618.0,4704.0,4554.0,4713.0,4799.0,5235.0,5451.0,5612.0,
MEX.15.7_2,21230663.0,MEX,Amanalco,0.00317,12569.0,12884.0,13247.0,13757.0,13772.0,12049.0,13222.0,14162.0,14914.0,14633.0,15222.0,16238.0,15465.0,14275.0,14227.0,14639.0,14570.0,15352.0,15290.0,13893.0,14410.0,14499.0,14427.0,15248.0,15845.0,16620.0,17215.0,16977.0,16633.0,16398.0,15663.0,16572.0,17182.0,
MEX.15.8_2,21230664.0,MEX,Amatepec,0.0058,11890.0,12066.0,12530.0,12996.0,13035.0,11522.0,12535.0,13383.0,14407.0,14157.0,16601.0,16729.0,16447.0,15265.0,15981.0,16154.0,15441.0,15611.0,16388.0,15793.0,16025.0,16166.0,15564.0,16286.0,17521.0,18446.0,19443.0,18690.0,19107.0,18074.0,16961.0,17883.0,16481.0,
MEX.15.9_2,21230665.0,MEX,Amecameca,0.0,6270.0,6646.0,5417.0,3710.0,3713.0,3317.0,3022.0,3414.0,3124.0,3409.0,3578.0,3167.0,3083.0,1742.0,1593.0,1964.0,2215.0,2239.0,2524.0,2913.0,2983.0,3135.0,2839.0,3279.0,3111.0,3270.0,3117.0,3384.0,6896.0,6143.0,6530.0,7098.0,7254.0,
MEX.15.10_2,21230666.0,MEX,Apaxco,0.0,13491.0,12788.0,12803.0,15404.0,16020.0,12219.0,13341.0,14343.0,14187.0,14073.0,17531.0,15696.0,14285.0,12074.0,11759.0,12191.0,12412.0,12676.0,14090.0,13441.0,14019.0,14173.0,14564.0,14631.0,15824.0,16209.0,13313.0,13204.0,12918.0,12306.0,12598.0,13296.0,13746.0,
MEX.15.11_2,21230667.0,MEX,Atenco,0.0037,9971.0,10219.0,10310.0,10272.0,10004.0,8964.0,9533.0,10157.0,10672.0,10876.0,10795.0,9942.0,9797.0,9220.0,9036.0,10112.0,10324.0,10482.0,10276.0,9889.0,10446.0,10209.0,10454.0,11190.0,12022.0,12520.0,12730.0,11951.0,12222.0,12322.0,12225.0,13012.0,13494.0,
MEX.15.12_2,21230668.0,MEX,Atizapán,-0.00673,9631.0,9608.0,10005.0,10304.0,10345.0,8145.0,7659.0,8110.0,7839.0,7439.0,8167.0,7509.0,7706.0,7411.0,7480.0,6575.0,6099.0,6275.0,6092.0,5855.0,6164.0,6251.0,5924.0,6109.0,6622.0,7594.0,7801.0,7510.0,7329.0,7291.0,8248.0,8561.0,8831.0,
MEX.15.13_2,21230669.0,MEX,Atizapán de Zaragoza,0.0,7422.0,7804.0,7906.0,8015.0,8041.0,7797.0,8112.0,8681.0,9044.0,9081.0,9817.0,8917.0,8507.0,8126.0,7820.0,8080.0,7969.0,8098.0,8138.0,7554.0,7870.0,7423.0,7718.0,8461.0,9303.0,9199.0,8306.0,7959.0,7994.0,8469.0,8255.0,8757.0,9048.0,
MEX.15.14_2,21230670.0,MEX,Atlacomulco,0.0,11525.0,11932.0,12275.0,12760.0,12824.0,11457.0,12401.0,13414.0,13955.0,13573.0,13908.0,15563.0,15426.0,16903.0,15765.0,16509.0,13806.0,13773.0,13192.0,12333.0,13107.0,13908.0,14384.0,14866.0,15616.0,16012.0,15295.0,14695.0,15046.0,10466.0,9507.0,9679.0,10002.0,
MEX.15.15_2,21230671.0,MEX,Atlautla,-0.01419,13030.0,12535.0,12983.0,13090.0,13308.0,12359.0,13353.0,15209.0,15675.0,14212.0,14889.0,10955.0,9750.0,9932.0,4562.0,4628.0,5393.0,4390.0,6701.0,5747.0,5439.0,5140.0,5719.0,9403.0,10396.0,10656.0,6697.0,6255.0,6389.0,5219.0,4525.0,4429.0,4573.0,
MEX.15.16_2,21230672.0,MEX,Axapusco,0.00251,12960.0,13137.0,13475.0,13905.0,13977.0,12197.0,13350.0,14306.0,14347.0,14221.0,16285.0,15579.0,14841.0,14022.0,13964.0,13902.0,14312.0,14699.0,13898.0,13228.0,13784.0,13927.0,14473.0,14606.0,15654.0,16515.0,17066.0,16323.0,16333.0,15651.0,15689.0,16655.0,17276.0,
MEX.15.17_2,21230673.0,MEX,Ayapango,0.0,7235.0,7482.0,4288.0,4206.0,4230.0,3373.0,2692.0,3130.0,3283.0,3252.0,3458.0,2784.0,2716.0,2268.0,1591.0,2254.0,2529.0,2844.0,2562.0,2433.0,2472.0,3061.0,2719.0,3267.0,2812.0,3268.0,5371.0,6363.0,5769.0,6437.0,6632.0,7184.0,7429.0,
MEX.15.18_2,21230674.0,MEX,Calimaya,0.00278,6337.0,5668.0,5469.0,5431.0,5447.0,4838.0,5233.0,5762.0,5992.0,6131.0,6882.0,7826.0,8324.0,7440.0,7353.0,6324.0,6534.0,6450.0,6171.0,6427.0,6582.0,6621.0,7399.0,7588.0,7973.0,8833.0,6537.0,6351.0,6466.0,6368.0,6300.0,6444.0,6642.0,
MEX.15.19_2,21230675.0,MEX,Capulhuac,-0.00382,6809.0,9141.0,8473.0,8653.0,8873.0,7350.0,8568.0,9209.0,9249.0,9070.0,11188.0,8901.0,7964.0,8084.0,8084.0,7368.0,7916.0,8058.0,7689.0,6912.0,7357.0,7044.0,7528.0,7394.0,8158.0,8512.0,7140.0,6847.0,7012.0,7165.0,7102.0,7380.0,7609.0,
MEX.15.20_2,21230676.0,MEX,Chalco,0.00141,6672.0,6627.0,6415.0,6159.0,6512.0,5737.0,6114.0,6489.0,6623.0,7265.0,7444.0,6758.0,6664.0,6200.0,6092.0,6042.0,6218.0,6261.0,6157.0,5866.0,6098.0,6212.0,6424.0,6615.0,7165.0,7214.0,7402.0,8181.0,7966.0,7673.0,7844.0,7923.0,8139.0,
MEX.15.21_2,21230677.0,MEX,Chapa de Mota,0.00548,11373.0,11627.0,11956.0,12422.0,12430.0,10938.0,11901.0,12733.0,13360.0,13101.0,13223.0,14288.0,13932.0,13183.0,12387.0,13269.0,13247.0,13421.0,13611.0,12742.0,13316.0,13263.0,15258.0,15859.0,17178.0,18010.0,18856.0,18345.0,17980.0,16740.0,16445.0,17250.0,17844.0,
MEX.15.22_2,21230678.0,MEX,Chapultepec,-0.0011,7257.0,7310.0,7559.0,7841.0,8374.0,7470.0,8449.0,8942.0,9031.0,8874.0,10237.0,8052.0,7601.0,6827.0,6649.0,7406.0,6676.0,6356.0,6586.0,5732.0,6493.0,6643.0,7040.0,6861.0,7441.0,7834.0,8272.0,7373.0,7563.0,7229.0,7307.0,7491.0,7724.0,
MEX.15.23_2,21230679.0,MEX,Chiautla,0.0,8329.0,8506.0,8469.0,8744.0,8858.0,7580.0,8628.0,8815.0,9170.0,9161.0,9886.0,8611.0,8464.0,8253.0,8090.0,8486.0,8585.0,8445.0,8403.0,7706.0,8037.0,7936.0,8167.0,8650.0,9509.0,9743.0,9815.0,9541.0,9796.0,9324.0,8700.0,8856.0,9136.0,
MEX.15.24_2,21230680.0,MEX,Chicoloapan,0.0,7019.0,7064.0,7129.0,7213.0,7338.0,6726.0,7052.0,7569.0,7763.0,7799.0,8276.0,7168.0,6885.0,6478.0,6418.0,6817.0,6360.0,6341.0,6730.0,5822.0,6140.0,6196.0,6337.0,6614.0,7377.0,7741.0,7415.0,7159.0,7281.0,7792.0,7860.0,8054.0,8307.0,
MEX.15.25_2,21230681.0,MEX,Chiconcuac,0.00146,7331.0,7392.0,8030.0,8225.0,8252.0,7387.0,7721.0,8301.0,8747.0,8693.0,9204.0,8304.0,8133.0,7622.0,7444.0,7842.0,7600.0,7686.0,7868.0,7229.0,7538.0,7402.0,7614.0,8099.0,8675.0,9074.0,9666.0,9115.0,9251.0,9122.0,9129.0,9434.0,9793.0,
MEX.15.26_2,21230682.0,MEX,Chimalhuacán,0.0,10817.0,11177.0,11580.0,11576.0,11771.0,10460.0,11294.0,12046.0,12646.0,12875.0,12795.0,11666.0,11113.0,10591.0,10435.0,10322.0,10453.0,10560.0,10458.0,9892.0,10864.0,10601.0,10954.0,11590.0,12469.0,13131.0,13233.0,12408.0,12731.0,12748.0,10569.0,11096.0,11527.0,
MEX.15.27_2,21230683.0,MEX,Coacalco de Berriozábal,0.0,22177.0,22901.0,23399.0,23555.0,23994.0,21447.0,22903.0,24355.0,25137.0,25545.0,26168.0,23385.0,21712.0,20231.0,20007.0,19767.0,20349.0,20571.0,20108.0,19261.0,20192.0,20849.0,21627.0,21532.0,23288.0,24199.0,25193.0,23915.0,24486.0,23505.0,23252.0,25282.0,26197.0,
MEX.15.28_2,21230684.0,MEX,Coatepec Harinas,0.0038,12240.0,12591.0,12954.0,13497.0,13525.0,11822.0,12985.0,13909.0,14648.0,14325.0,14771.0,15611.0,15665.0,14624.0,14415.0,14847.0,14700.0,15062.0,14930.0,14074.0,14705.0,15052.0,15377.0,15794.0,16672.0,17492.0,18133.0,17441.0,16841.0,16018.0,16172.0,17152.0,17743.0,
MEX.15.29_2,21230685.0,MEX,Cocotitlán,-0.00287,6098.0,6299.0,6267.0,6706.0,6646.0,6004.0,6285.0,6927.0,7073.0,7939.0,8297.0,7059.0,6911.0,6129.0,5744.0,5683.0,5803.0,5866.0,5908.0,5569.0,6027.0,6315.0,6476.0,6596.0,6533.0,6326.0,5994.0,5359.0,5641.0,5173.0,3640.0,3694.0,3722.0,
MEX.15.30_2,21230686.0,MEX,Coyotepec,-0.00316,8552.0,9071.0,9446.0,9797.0,10127.0,8635.0,7183.0,9559.0,9657.0,7170.0,7867.0,7055.0,6717.0,6728.0,6591.0,7987.0,7129.0,7301.0,9052.0,8303.0,6746.0,6872.0,7107.0,7134.0,7779.0,8426.0,8430.0,6718.0,6909.0,6328.0,6489.0,6498.0,6698.0,
MEX.15.31_2,21230687.0,MEX,Cuautitlán,0.00106,7083.0,7317.0,7662.0,7811.0,7736.0,7020.0,7417.0,7949.0,8416.0,8403.0,8650.0,7760.0,7589.0,7324.0,7144.0,7555.0,7242.0,7392.0,7569.0,6932.0,7184.0,6935.0,7135.0,7679.0,8446.0,8471.0,8507.0,7801.0,8454.0,8959.0,9022.0,9265.0,9618.0,
MEX.15.32_2,21230688.0,MEX,Cuautitlán Izcalli,0.0,10829.0,11189.0,11592.0,11588.0,11784.0,10457.0,11307.0,12060.0,12659.0,12889.0,12956.0,11795.0,11200.0,10650.0,10490.0,10209.0,10540.0,10653.0,10343.0,9973.0,10523.0,10302.0,10644.0,10825.0,11596.0,11792.0,12434.0,11658.0,11965.0,12225.0,11848.0,12408.0,12884.0,
MEX.15.33_2,21230689.0,MEX,Donato Guerra,0.00663,10849.0,11145.0,11859.0,12189.0,12281.0,10837.0,11742.0,12784.0,13280.0,12988.0,12942.0,14695.0,14247.0,13212.0,12961.0,12913.0,13228.0,15076.0,14680.0,14073.0,14675.0,14824.0,15717.0,15835.0,17361.0,18202.0,18207.0,17239.0,17816.0,16943.0,16427.0,17525.0,18129.0,
MEX.15.34_2,21230690.0,MEX,Ecatepec de Morelos,-0.00213,22177.0,22901.0,23399.0,23555.0,23994.0,21447.0,22903.0,24463.0,25248.0,25545.0,26168.0,23385.0,21712.0,20231.0,20026.0,19767.0,20349.0,20571.0,20108.0,19255.0,20185.0,20849.0,21627.0,21660.0,13041.0,13365.0,14123.0,23915.0,24561.0,23505.0,23252.0,25282.0,26197.0,
MEX.15.35_2,21230691.0,MEX,Ecatzingo,0.0,13806.0,14591.0,14495.0,14296.0,13937.0,10634.0,10333.0,10292.0,10332.0,12131.0,13517.0,15890.0,16229.0,10650.0,11788.0,11935.0,12755.0,11006.0,9789.0,10138.0,11197.0,11588.0,10648.0,10068.0,11008.0,12173.0,12515.0,13542.0,14148.0,13491.0,12666.0,12725.0,13287.0,
MEX.15.36_2,21230692.0,MEX,El Oro,0.00274,11122.0,11873.0,12508.0,12963.0,13022.0,11790.0,12914.0,13715.0,14370.0,14172.0,14281.0,15842.0,15407.0,13130.0,13790.0,14126.0,13112.0,13367.0,14067.0,13405.0,14477.0,14684.0,14597.0,14934.0,15636.0,16475.0,18139.0,16805.0,13893.0,12940.0,12101.0,13411.0,13856.0,
MEX.15.37_2,21230693.0,MEX,Huehuetoca,-0.01028,8017.0,8758.0,9167.0,8422.0,8144.0,7296.0,8557.0,9151.0,9332.0,9400.0,10662.0,8052.0,7738.0,7413.0,7414.0,6911.0,6919.0,7394.0,7231.0,7391.0,7625.0,6142.0,4671.0,4698.0,4928.0,5071.0,4842.0,4408.0,5186.0,4880.0,4864.0,4865.0,5031.0,
MEX.15.38_2,21230694.0,MEX,Hueypoxtla,-0.00622,13493.0,13848.0,14099.0,14517.0,14583.0,12686.0,13771.0,14535.0,14716.0,14778.0,15467.0,15323.0,14543.0,11418.0,10695.0,10946.0,6560.0,6828.0,6817.0,7534.0,8087.0,7617.0,7295.0,12275.0,12409.0,13505.0,12472.0,11515.0,9616.0,9202.0,8255.0,9547.0,9860.0,
MEX.15.39_2,21230695.0,MEX,Huixquilucan,0.00192,6628.0,6665.0,6712.0,6324.0,6518.0,6021.0,6323.0,6577.0,6859.0,6814.0,7447.0,6907.0,6755.0,6428.0,6234.0,7039.0,6500.0,6694.0,7146.0,6134.0,6388.0,6447.0,6644.0,6878.0,7617.0,7994.0,8064.0,7165.0,7288.0,7792.0,7716.0,8054.0,8307.0,
MEX.15.40_2,21230696.0,MEX,Isidro Fabela,-0.00875,13510.0,13776.0,13923.0,14366.0,14453.0,12669.0,13950.0,14971.0,15115.0,14941.0,15962.0,16376.0,15349.0,14205.0,11069.0,10524.0,10814.0,11128.0,6644.0,6623.0,6695.0,6680.0,6839.0,7192.0,7275.0,7842.0,9544.0,8948.0,8831.0,8146.0,13370.0,14308.0,14726.0,
MEX.15.41_2,21230697.0,MEX,Ixtapaluca,0.0,7045.0,7155.0,7288.0,7124.0,7295.0,6678.0,7028.0,7489.0,7725.0,7762.0,8607.0,7739.0,7258.0,6573.0,6715.0,6544.0,6440.0,6486.0,6265.0,6063.0,6558.0,6617.0,6685.0,6855.0,7421.0,7663.0,8152.0,7822.0,8022.0,7658.0,7747.0,7908.0,8156.0,
MEX.15.42_2,21230698.0,MEX,Ixtapan de la Sal,0.00219,12514.0,12481.0,12932.0,13440.0,13556.0,11849.0,12824.0,13856.0,13990.0,13662.0,14650.0,16444.0,15596.0,14425.0,14193.0,13840.0,14091.0,13799.0,13989.0,13053.0,13893.0,14100.0,14725.0,14676.0,15217.0,16317.0,16844.0,15897.0,16468.0,15357.0,12310.0,13045.0,13497.0,
MEX.15.43_2,21230699.0,MEX,Ixtapan del Oro,0.00425,10744.0,10912.0,11344.0,11772.0,11769.0,10366.0,11319.0,12110.0,12721.0,12490.0,12791.0,13830.0,13362.0,12401.0,13092.0,13366.0,12371.0,12651.0,13626.0,12676.0,13204.0,13288.0,12446.0,13145.0,14160.0,14863.0,15734.0,15104.0,15300.0,14568.0,14596.0,15494.0,16028.0,
MEX.15.44_2,21230700.0,MEX,Ixtlahuaca,-0.00469,13203.0,13548.0,13462.0,13840.0,14102.0,12293.0,13545.0,14456.0,15040.0,15029.0,15991.0,17160.0,16576.0,11501.0,11420.0,11043.0,11432.0,12035.0,11681.0,11181.0,12012.0,12087.0,11986.0,12276.0,12479.0,12732.0,10376.0,10084.0,10254.0,9417.0,9461.0,9665.0,9882.0,
MEX.15.45_2,21230701.0,MEX,Jaltenco,0.00238,6268.0,6235.0,6181.0,6366.0,6380.0,5917.0,6165.0,6593.0,6876.0,6798.0,7633.0,7109.0,6708.0,6368.0,6280.0,6876.0,6164.0,6353.0,6810.0,5896.0,6140.0,6196.0,6337.0,6614.0,7377.0,7741.0,7517.0,6816.0,7127.0,7639.0,7716.0,7901.0,8148.0,
MEX.15.46_2,21230702.0,MEX,Jilotepec,0.00373,11615.0,12177.0,12457.0,12924.0,13027.0,11696.0,12543.0,13590.0,14120.0,13700.0,14689.0,15437.0,14649.0,13816.0,13540.0,13622.0,14126.0,13764.0,14020.0,13396.0,14178.0,14442.0,14856.0,14995.0,14953.0,15940.0,16526.0,15874.0,16582.0,15618.0,14991.0,16502.0,17071.0,
MEX.15.47_2,21230703.0,MEX,Jilotzingo,-0.01669,9028.0,9072.0,9103.0,9463.0,9458.0,9077.0,9768.0,10262.0,10533.0,10632.0,10962.0,10647.0,10151.0,9673.0,9846.0,8146.0,7917.0,7532.0,7981.0,7153.0,7235.0,7440.0,4389.0,4693.0,4960.0,3596.0,3819.0,4078.0,4074.0,4696.0,4066.0,4460.0,5214.0,
MEX.15.48_2,21230704.0,MEX,Jiquipilco,-0.00114,12492.0,12642.0,13204.0,13616.0,13720.0,12009.0,13226.0,14240.0,14699.0,14472.0,15256.0,15865.0,15190.0,14135.0,13400.0,13642.0,14607.0,11871.0,11629.0,10925.0,11788.0,11851.0,11739.0,12266.0,12347.0,13072.0,14334.0,13721.0,13796.0,12342.0,12268.0,12642.0,13066.0,
MEX.15.49_2,21230705.0,MEX,Jocotitlán,0.00277,11912.0,11932.0,12400.0,12909.0,12907.0,11353.0,12410.0,13137.0,13752.0,13502.0,13744.0,14800.0,14436.0,14424.0,13632.0,13933.0,16128.0,16912.0,14210.0,13381.0,14189.0,14095.0,13873.0,14531.0,15267.0,15435.0,16585.0,15818.0,15067.0,13609.0,13775.0,14108.0,14582.0,
MEX.15.50_2,21230706.0,MEX,Joquicingo,0.0,4456.0,4763.0,4796.0,4953.0,4795.0,4453.0,4960.0,5331.0,5635.0,5890.0,5777.0,8745.0,8183.0,6120.0,5450.0,4781.0,9325.0,9119.0,9061.0,9830.0,9997.0,10290.0,6272.0,7384.0,6367.0,6175.0,3155.0,3505.0,3534.0,3367.0,3041.0,4164.0,4306.0,
MEX.15.51_2,21230707.0,MEX,Juchitepec,-0.00238,15223.0,15680.0,16253.0,16527.0,16157.0,13255.0,14300.0,15062.0,15119.0,15118.0,15593.0,15392.0,15035.0,14297.0,13830.0,14067.0,14508.0,14684.0,14174.0,13463.0,14108.0,14049.0,15102.0,15293.0,16861.0,17003.0,17213.0,16553.0,13537.0,11890.0,6987.0,7679.0,7892.0,
MEX.15.52_2,21230708.0,MEX,La Paz,0.0,8875.0,9292.0,9501.0,9411.0,9216.0,8820.0,8925.0,9512.0,9901.0,10184.0,9985.0,9202.0,8740.0,8302.0,8090.0,8629.0,8122.0,8241.0,8758.0,7715.0,8177.0,8235.0,8608.0,8933.0,9577.0,10646.0,10716.0,9946.0,10292.0,11053.0,11075.0,11683.0,12134.0,
MEX.15.53_2,21230709.0,MEX,Lerma,0.0,6421.0,8204.0,8206.0,8290.0,8214.0,7901.0,5906.0,5961.0,6178.0,6086.0,7187.0,6944.0,6882.0,6639.0,6663.0,5811.0,7249.0,7296.0,6864.0,7117.0,7155.0,6690.0,7276.0,7399.0,7606.0,8055.0,6382.0,6403.0,6510.0,6410.0,6293.0,7128.0,7349.0,
MEX.15.54_2,21230710.0,MEX,Luvianos,0.0042,12014.0,12293.0,12529.0,12841.0,13210.0,11510.0,12540.0,13383.0,14407.0,14157.0,16772.0,16009.0,16447.0,14988.0,15986.0,15774.0,15290.0,15453.0,16059.0,15688.0,16051.0,16205.0,15713.0,16314.0,17577.0,18491.0,17183.0,16555.0,16663.0,15937.0,15724.0,16559.0,17130.0,
MEX.15.55_2,21230711.0,MEX,Malinalco,0.00162,12406.0,12579.0,13089.0,13566.0,13668.0,11894.0,13161.0,14202.0,14535.0,14194.0,15015.0,15679.0,14577.0,13853.0,13471.0,13250.0,13773.0,13628.0,13663.0,13065.0,13820.0,14276.0,14736.0,14845.0,15186.0,16511.0,16650.0,15739.0,16432.0,15100.0,11986.0,12700.0,13140.0,
MEX.15.56_2,21230712.0,MEX,Melchor Ocampo,0.00441,6816.0,7069.0,7056.0,7325.0,7309.0,6627.0,6845.0,7321.0,7702.0,7577.0,8341.0,7636.0,7577.0,7215.0,7928.0,8326.0,8044.0,8202.0,8353.0,7440.0,7739.0,7769.0,8051.0,8606.0,9447.0,9566.0,9801.0,8307.0,8500.0,9363.0,9598.0,9795.0,10107.0,
MEX.15.57_2,21230713.0,MEX,Metepec,0.00137,7768.0,7893.0,7897.0,8096.0,8235.0,7506.0,8006.0,8526.0,9009.0,9277.0,9746.0,8804.0,8645.0,8174.0,7551.0,7950.0,7658.0,7812.0,7969.0,7252.0,7811.0,7627.0,7851.0,8403.0,9217.0,9284.0,9367.0,8273.0,8466.0,9086.0,9303.0,9397.0,9695.0,
MEX.15.58_2,21230714.0,MEX,Mexicaltzingo,-0.0048,8698.0,8818.0,8888.0,9155.0,9102.0,8118.0,8680.0,9290.0,9758.0,9672.0,9752.0,8724.0,8096.0,7791.0,6974.0,6831.0,6458.0,6630.0,6947.0,5934.0,6280.0,6327.0,6565.0,6700.0,7433.0,7473.0,7069.0,6788.0,6981.0,7353.0,7424.0,7601.0,7839.0,
MEX.15.59_2,21230715.0,MEX,Morelos,0.00527,10810.0,10980.0,11413.0,11842.0,11840.0,10428.0,11387.0,12184.0,12796.0,12565.0,12753.0,13794.0,13300.0,12300.0,13032.0,13332.0,13154.0,13430.0,13453.0,12505.0,13116.0,13197.0,13500.0,14041.0,15132.0,15869.0,16859.0,16201.0,16376.0,15839.0,15825.0,16988.0,17574.0,
MEX.15.60_2,21230716.0,MEX,Naucalpan de Juárez,0.00383,8397.0,8380.0,8687.0,7413.0,7512.0,6848.0,7172.0,7675.0,8024.0,8024.0,8550.0,7813.0,7469.0,8297.0,8135.0,8504.0,8253.0,8546.0,8691.0,7964.0,8277.0,8362.0,8274.0,8850.0,9687.0,9794.0,10236.0,9481.0,8737.0,9231.0,9770.0,9995.0,10329.0,
MEX.15.61_2,21230717.0,MEX,Nextlalpan,0.00185,9656.0,6879.0,7072.0,7333.0,7559.0,6982.0,8066.0,8301.0,8303.0,8422.0,9255.0,6820.0,6587.0,6181.0,6986.0,5454.0,5879.0,6128.0,6053.0,6529.0,6931.0,6875.0,7046.0,7556.0,8137.0,8982.0,7646.0,6788.0,8141.0,8443.0,8394.0,8518.0,8786.0,
MEX.15.62_2,21230718.0,MEX,Nezahualcóyotl,0.0,22093.0,22605.0,23037.0,23943.0,24310.0,21723.0,23206.0,24598.0,25661.0,25288.0,26109.0,23374.0,22095.0,20613.0,20400.0,20059.0,20947.0,21183.0,20375.0,19826.0,20599.0,20837.0,21627.0,21902.0,23783.0,24350.0,24744.0,23639.0,24148.0,23064.0,23155.0,24048.0,24889.0,
MEX.15.63_2,21230719.0,MEX,Nicolás Romero,0.00234,7436.0,6811.0,6629.0,6750.0,6419.0,5642.0,6205.0,6617.0,6791.0,6765.0,7327.0,7241.0,7048.0,6694.0,6991.0,6223.0,7114.0,7134.0,7086.0,6631.0,7120.0,7067.0,7334.0,7418.0,7946.0,8835.0,8116.0,8051.0,8329.0,7341.0,7062.0,7500.0,7733.0,
MEX.15.64_2,21230720.0,MEX,Nopaltepec,0.0,12812.0,13155.0,13321.0,13414.0,13703.0,11924.0,13200.0,14146.0,14491.0,14181.0,16080.0,15857.0,15054.0,13964.0,13886.0,13914.0,14199.0,14147.0,13698.0,13194.0,13737.0,13830.0,14386.0,14574.0,15676.0,17058.0,17370.0,16704.0,12569.0,11566.0,7354.0,7507.0,7769.0,
MEX.15.65_2,21230721.0,MEX,Ocoyoacac,-0.00262,7430.0,8231.0,8812.0,9016.0,9207.0,8756.0,9105.0,9164.0,9346.0,9568.0,10782.0,9795.0,9011.0,7199.0,7470.0,7841.0,6851.0,6868.0,6639.0,6463.0,6759.0,6605.0,7245.0,7378.0,7425.0,8338.0,8951.0,8806.0,7489.0,7574.0,7368.0,7782.0,8222.0,
MEX.15.66_2,21230722.0,MEX,Ocuilan,0.0032,12398.0,12060.0,12564.0,13029.0,13134.0,11752.0,12637.0,13557.0,13924.0,13517.0,14357.0,14832.0,14401.0,13724.0,13202.0,13318.0,13705.0,13621.0,13720.0,13143.0,13883.0,14117.0,14373.0,14409.0,14827.0,15823.0,17282.0,16537.0,16427.0,15308.0,14772.0,15912.0,16406.0,
MEX.15.67_2,21230723.0,MEX,Otumba,0.01458,9248.0,4724.0,4731.0,4994.0,5039.0,4553.0,5232.0,5607.0,5719.0,5604.0,6173.0,7871.0,7506.0,7175.0,6981.0,7635.0,8175.0,7911.0,7859.0,7430.0,7835.0,7586.0,7721.0,7535.0,8187.0,9330.0,14201.0,13578.0,13929.0,12918.0,12816.0,13322.0,13858.0,
MEX.15.68_2,21230724.0,MEX,Otzoloapan,0.00446,11058.0,11237.0,11746.0,12194.0,12172.0,10816.0,11735.0,12556.0,13138.0,12894.0,13874.0,14676.0,14263.0,13184.0,13985.0,14213.0,13474.0,13656.0,14459.0,13934.0,14045.0,14177.0,13677.0,14200.0,15354.0,16097.0,17319.0,16444.0,16577.0,15237.0,15646.0,15786.0,16331.0,
MEX.15.69_2,21230725.0,MEX,Otzolotepec,0.01508,5273.0,3985.0,3590.0,3434.0,3533.0,3543.0,3196.0,3284.0,3288.0,3190.0,4408.0,4286.0,5313.0,4904.0,5051.0,5700.0,5638.0,7715.0,6563.0,6355.0,6707.0,6668.0,6940.0,7474.0,9597.0,8830.0,5948.0,5944.0,5997.0,5062.0,5009.0,5142.0,5313.0,
MEX.15.70_2,21230726.0,MEX,Ozumba,0.0,7882.0,6836.0,7201.0,6733.0,6755.0,5327.0,5697.0,6236.0,6284.0,6354.0,6679.0,6563.0,6312.0,5979.0,5430.0,5160.0,5068.0,4860.0,4621.0,4613.0,4827.0,5340.0,6745.0,7763.0,8395.0,8879.0,8016.0,7655.0,5853.0,5166.0,6424.0,6842.0,7076.0,
MEX.15.71_2,21230727.0,MEX,Papalotla,0.00146,7331.0,7392.0,8030.0,8225.0,8252.0,7387.0,7721.0,8301.0,8747.0,8693.0,9204.0,8304.0,8133.0,7622.0,7444.0,7842.0,7600.0,7686.0,7868.0,7229.0,7538.0,7402.0,7614.0,8099.0,8675.0,9074.0,9666.0,9115.0,9251.0,9122.0,9129.0,9434.0,9793.0,
MEX.15.72_2,21230728.0,MEX,Polotitlán,0.00234,12007.0,12283.0,12549.0,12960.0,13227.0,11430.0,12712.0,13610.0,13649.0,13531.0,14095.0,15256.0,14578.0,13554.0,13448.0,13446.0,13623.0,13768.0,13831.0,13022.0,13693.0,13836.0,14421.0,14505.0,15597.0,16828.0,17077.0,16505.0,16384.0,15581.0,11970.0,12684.0,13261.0,
MEX.15.73_2,21230729.0,MEX,Rayón,-0.00663,7783.0,8519.0,8419.0,8930.0,9030.0,7777.0,9146.0,9495.0,9746.0,9885.0,10813.0,5563.0,5332.0,4384.0,4485.0,3515.0,4088.0,4132.0,6138.0,5564.0,5735.0,6424.0,6766.0,7121.0,7501.0,7288.0,5735.0,3997.0,3984.0,4875.0,5357.0,5477.0,5663.0,
MEX.15.74_2,21230730.0,MEX,San Antonio la Isla,-0.00614,6368.0,8969.0,8929.0,9110.0,9668.0,8267.0,9513.0,10248.0,10491.0,10165.0,10993.0,9061.0,8740.0,8285.0,8156.0,7292.0,8110.0,7027.0,6557.0,7083.0,7457.0,7297.0,7251.0,7090.0,7306.0,7348.0,6810.0,6695.0,6960.0,6514.0,6676.0,6857.0,6948.0,
MEX.15.75_2,21230731.0,MEX,San Felipe del Progreso,-0.00067,12005.0,12642.0,12954.0,12737.0,12483.0,11186.0,11868.0,12811.0,13274.0,13048.0,13496.0,15175.0,15205.0,14293.0,14599.0,15198.0,12032.0,11728.0,12675.0,11368.0,12100.0,12870.0,11394.0,12971.0,12598.0,13082.0,13081.0,12481.0,12862.0,8602.0,9176.0,9273.0,9582.0,
MEX.15.76_2,21230732.0,MEX,San José del Rincón,0.00196,11658.0,11802.0,12290.0,12963.0,12795.0,11497.0,12813.0,13752.0,14416.0,14290.0,14896.0,15710.0,15347.0,13195.0,13816.0,13917.0,13112.0,13342.0,14481.0,13589.0,14582.0,14976.0,14473.0,15100.0,15710.0,16428.0,14673.0,14110.0,13802.0,12538.0,12327.0,13131.0,13567.0,
MEX.15.77_2,21230733.0,MEX,San Martín de las Pirámides,-0.01293,8758.0,9463.0,8502.0,7906.0,8914.0,7279.0,8485.0,8822.0,9168.0,8774.0,9591.0,9204.0,8762.0,8373.0,8242.0,8187.0,8436.0,5711.0,4095.0,4426.0,4931.0,5188.0,4702.0,4806.0,4440.0,5153.0,3434.0,3938.0,4218.0,4298.0,4329.0,4481.0,4634.0,
MEX.15.78_2,21230734.0,MEX,San Mateo Atenco,0.00067,7208.0,7587.0,7938.0,8130.0,8269.0,7309.0,7590.0,8161.0,8603.0,8556.0,8815.0,8098.0,8007.0,7546.0,7384.0,7705.0,7474.0,7417.0,7641.0,6954.0,7207.0,6946.0,7201.0,7745.0,8530.0,8554.0,8638.0,8480.0,8677.0,9173.0,9221.0,9487.0,9848.0,
MEX.15.79_2,21230735.0,MEX,San Simón de Guerrero,0.00383,10885.0,11043.0,11485.0,11906.0,11937.0,10567.0,11481.0,12254.0,12865.0,12644.0,12913.0,14220.0,13782.0,12782.0,13407.0,13428.0,12435.0,12716.0,13626.0,12676.0,13268.0,13353.0,12487.0,13214.0,14233.0,14940.0,15300.0,14686.0,15209.0,14568.0,14402.0,15271.0,15686.0,
MEX.15.80_2,21230736.0,MEX,Santo Tomás,0.00374,11414.0,11530.0,11472.0,11995.0,12394.0,10825.0,11745.0,12551.0,13138.0,12894.0,13874.0,14693.0,14263.0,13214.0,14015.0,13992.0,13435.0,13578.0,14235.0,13915.0,14075.0,14239.0,13787.0,14208.0,15389.0,15158.0,15431.0,14785.0,15097.0,14426.0,14369.0,15039.0,15637.0,
MEX.15.81_2,21230737.0,MEX,Soyaniquilpan de Juárez,0.00386,11731.0,11879.0,12247.0,12727.0,12822.0,11108.0,12309.0,13181.0,13461.0,13193.0,13823.0,14888.0,14320.0,13418.0,13098.0,13327.0,13332.0,13739.0,13699.0,12797.0,13447.0,13665.0,14090.0,14339.0,15250.0,16333.0,16717.0,16053.0,16683.0,15854.0,15426.0,16363.0,16895.0,
MEX.15.82_2,21230738.0,MEX,Sultepec,0.00324,11890.0,12066.0,12530.0,12996.0,13035.0,11522.0,12535.0,13383.0,14407.0,14157.0,16601.0,16741.0,14546.0,13247.0,14042.0,14232.0,13493.0,13707.0,14509.0,13981.0,14109.0,14222.0,13567.0,14262.0,15410.0,16156.0,17205.0,16344.0,16403.0,14901.0,14814.0,15590.0,16128.0,
MEX.15.83_2,21230739.0,MEX,Tecámac,0.00075,7399.0,7528.0,7782.0,8008.0,7995.0,7287.0,7680.0,8698.0,9200.0,9107.0,9598.0,8554.0,8092.0,7696.0,7446.0,7345.0,8038.0,8117.0,8056.0,7437.0,7739.0,7794.0,7678.0,7298.0,7809.0,8059.0,8407.0,8679.0,8894.0,8509.0,8974.0,9203.0,9495.0,
MEX.15.84_2,21230740.0,MEX,Tejupilco,0.0049,11466.0,11766.0,11863.0,12259.0,12215.0,10919.0,11521.0,12295.0,12889.0,12720.0,13897.0,15120.0,14807.0,13860.0,14641.0,14610.0,14034.0,14743.0,16013.0,14893.0,15549.0,15781.0,15810.0,13084.0,14122.0,17918.0,15430.0,14514.0,14855.0,13243.0,12930.0,13689.0,14163.0,
MEX.15.85_2,21230741.0,MEX,Temamatla,0.0,6800.0,6712.0,5534.0,5759.0,5505.0,5576.0,6397.0,6905.0,6983.0,7058.0,6913.0,6269.0,6229.0,6206.0,6219.0,5678.0,5830.0,5648.0,5611.0,5201.0,5467.0,5974.0,6552.0,6756.0,6982.0,7097.0,7079.0,6392.0,5950.0,5368.0,5602.0,5492.0,5630.0,
MEX.15.86_2,21230742.0,MEX,Temascalapa,-0.00332,10013.0,9037.0,8166.0,10716.0,11035.0,9950.0,8186.0,8676.0,9144.0,9723.0,12809.0,10037.0,7781.0,7312.0,7257.0,7180.0,7305.0,7413.0,7834.0,7475.0,8219.0,8507.0,9331.0,9627.0,7846.0,8958.0,7572.0,7759.0,7329.0,7647.0,7563.0,6817.0,6976.0,
MEX.15.87_2,21230743.0,MEX,Temascalcingo,0.00413,11360.0,11940.0,12293.0,12597.0,12779.0,11057.0,12287.0,12840.0,13472.0,13527.0,13711.0,15191.0,14767.0,14171.0,14609.0,14115.0,13738.0,13881.0,14796.0,13924.0,14720.0,14832.0,13878.0,14584.0,15112.0,15819.0,16251.0,15878.0,16022.0,15841.0,15722.0,16568.0,17139.0,
MEX.15.88_2,21230744.0,MEX,Temascaltepec,0.00451,10782.0,10930.0,11362.0,11790.0,11815.0,10406.0,11364.0,12129.0,12740.0,12510.0,12834.0,13898.0,13448.0,12480.0,13155.0,13428.0,12906.0,13216.0,13181.0,12228.0,12818.0,12888.0,12947.0,13746.0,14763.0,15497.0,15787.0,15439.0,15552.0,14891.0,14596.0,15494.0,16028.0,
MEX.15.89_2,21230745.0,MEX,Temoaya,-0.01162,9675.0,8332.0,7595.0,8145.0,8282.0,7814.0,8404.0,8990.0,9309.0,8867.0,9560.0,9300.0,8956.0,8380.0,8247.0,8359.0,5990.0,5196.0,4912.0,4777.0,4831.0,5147.0,4830.0,4670.0,5093.0,4693.0,3720.0,4309.0,4419.0,4654.0,4710.0,8352.0,7398.0,
MEX.15.90_2,21230746.0,MEX,Tenancingo,0.0,7836.0,8095.0,7935.0,8046.0,8278.0,5360.0,5043.0,5821.0,6178.0,5754.0,5803.0,4807.0,4755.0,3500.0,3420.0,3605.0,3343.0,4681.0,3981.0,3812.0,3994.0,4105.0,4014.0,4984.0,5700.0,5705.0,7163.0,7271.0,7783.0,7702.0,6652.0,6190.0,6397.0,
MEX.15.91_2,21230747.0,MEX,Tenango del Aire,-0.01169,8183.0,7655.0,7315.0,7569.0,6772.0,6971.0,7344.0,7944.0,8972.0,8776.0,9163.0,8312.0,7832.0,4506.0,4481.0,3742.0,3051.0,3570.0,3914.0,4075.0,3952.0,3433.0,3710.0,3622.0,3233.0,3651.0,4150.0,6979.0,7324.0,6072.0,6075.0,6220.0,6256.0,
MEX.15.92_2,21230748.0,MEX,Tenango del Valle,-0.02209,10226.0,9836.0,10184.0,10355.0,10250.0,8730.0,9016.0,10524.0,11197.0,10104.0,10372.0,9144.0,8413.0,7675.0,7344.0,7296.0,4255.0,4180.0,2994.0,3005.0,3110.0,2918.0,2814.0,3065.0,3305.0,2703.0,3392.0,3262.0,4295.0,6405.0,5374.0,6114.0,6322.0,
MEX.15.93_2,21230749.0,MEX,Teoloyucan,0.00318,6290.0,6209.0,6040.0,6223.0,6232.0,5696.0,6266.0,6447.0,7015.0,7311.0,8115.0,7398.0,6934.0,6209.0,6066.0,6589.0,6263.0,6375.0,6670.0,6136.0,6490.0,6540.0,6742.0,7019.0,7780.0,7681.0,7344.0,7213.0,7725.0,7947.0,7955.0,8215.0,8473.0,
MEX.15.94_2,21230750.0,MEX,Teotihuacán,0.0,7857.0,7960.0,7842.0,8003.0,8189.0,7225.0,4931.0,5887.0,6142.0,4862.0,5268.0,4794.0,4639.0,3759.0,3737.0,4068.0,4007.0,4118.0,4723.0,4858.0,5684.0,7815.0,7206.0,7347.0,8338.0,7973.0,5887.0,6139.0,5774.0,6433.0,6050.0,6377.0,6424.0,
MEX.15.95_2,21230751.0,MEX,Tepetlaoxtoc,-0.00377,7665.0,7843.0,7638.0,7667.0,7691.0,7756.0,8181.0,8542.0,8726.0,9115.0,9426.0,9235.0,8704.0,9070.0,8978.0,8855.0,8356.0,8761.0,8633.0,8278.0,8853.0,7668.0,7210.0,7742.0,7472.0,7856.0,7331.0,7306.0,6983.0,7102.0,7825.0,6834.0,7038.0,
MEX.15.96_2,21230752.0,MEX,Tepetlixpa,-0.00192,9251.0,8263.0,8717.0,9223.0,9051.0,7927.0,8156.0,9223.0,9437.0,9078.0,9317.0,9026.0,8483.0,7333.0,7332.0,7037.0,6837.0,6703.0,7705.0,7063.0,7574.0,7749.0,7878.0,8462.0,9084.0,9544.0,9914.0,9715.0,7689.0,6062.0,8099.0,7612.0,7864.0,
MEX.15.97_2,21230753.0,MEX,Tepotzotlán,-0.00653,9174.0,9491.0,9550.0,9824.0,10331.0,8660.0,8537.0,8753.0,8781.0,8531.0,10201.0,8950.0,8634.0,8200.0,8008.0,7215.0,7773.0,7530.0,6886.0,6290.0,7219.0,7030.0,7771.0,7712.0,8005.0,8370.0,5966.0,6393.0,6590.0,5907.0,5865.0,6451.0,6627.0,
MEX.15.98_2,21230754.0,MEX,Tequixquiac,0.01269,4858.0,4626.0,4948.0,4573.0,4888.0,4519.0,4854.0,5201.0,5509.0,5480.0,6916.0,7551.0,7287.0,5659.0,5458.0,4819.0,8700.0,9084.0,9322.0,9739.0,10244.0,9756.0,10263.0,10337.0,11402.0,9871.0,5962.0,3918.0,3951.0,3629.0,3756.0,3587.0,3771.0,
MEX.15.99_2,21230755.0,MEX,Texcaltitlán,0.00404,11032.0,11210.0,11718.0,12165.0,12172.0,10791.0,11833.0,12661.0,13245.0,13001.0,13895.0,14768.0,14323.0,14047.0,14544.0,14937.0,14228.0,14420.0,14670.0,13966.0,14336.0,14436.0,13696.0,14418.0,15427.0,16195.0,16458.0,15804.0,16062.0,14838.0,14934.0,15741.0,16284.0,
MEX.15.100_2,21230756.0,MEX,Texcalyacac,0.0,8586.0,8855.0,8705.0,9166.0,9219.0,4677.0,3503.0,3958.0,6008.0,5345.0,5584.0,4451.0,4073.0,4197.0,4028.0,4026.0,3854.0,3896.0,3576.0,3607.0,3816.0,4050.0,4191.0,5166.0,5567.0,5727.0,4718.0,4423.0,4856.0,5134.0,4884.0,5516.0,5679.0,
MEX.15.101_2,21230757.0,MEX,Texcoco,0.0,6944.0,7023.0,7074.0,7275.0,7191.0,6524.0,7956.0,7465.0,7860.0,8886.0,9717.0,8917.0,8501.0,8082.0,7410.0,7741.0,7463.0,6970.0,7270.0,6391.0,6504.0,6809.0,6963.0,7148.0,7691.0,7770.0,7779.0,6837.0,7030.0,7617.0,7785.0,7872.0,8118.0,
MEX.15.102_2,21230758.0,MEX,Tezoyuca,0.00446,6800.0,6901.0,6885.0,7127.0,7078.0,6495.0,6861.0,7338.0,7751.0,7521.0,8286.0,7597.0,7499.0,7112.0,7003.0,8208.0,7880.0,8012.0,8165.0,7438.0,7737.0,7495.0,7769.0,8320.0,9139.0,9242.0,9380.0,9080.0,9306.0,9776.0,9181.0,9309.0,9604.0,
MEX.15.103_2,21230759.0,MEX,Tianguistenco,0.00861,3711.0,3499.0,3100.0,3571.0,3588.0,3072.0,4712.0,5102.0,5412.0,3856.0,4115.0,4341.0,4433.0,2972.0,3559.0,5774.0,5283.0,4995.0,5926.0,5917.0,6532.0,5973.0,6254.0,6124.0,5863.0,6844.0,5553.0,5431.0,5204.0,4350.0,4683.0,4790.0,4928.0,
MEX.15.104_2,21230760.0,MEX,Timilpan,0.00553,11322.0,11575.0,11903.0,12368.0,12375.0,10890.0,11901.0,12733.0,13360.0,13101.0,13223.0,14340.0,13932.0,12889.0,12567.0,12855.0,12841.0,13117.0,12943.0,12489.0,14577.0,14621.0,15222.0,15602.0,16798.0,17640.0,18220.0,17474.0,17373.0,16657.0,16374.0,17288.0,17883.0,
MEX.15.105_2,21230761.0,MEX,Tlalmanalco,0.0,2689.0,1959.0,2190.0,2210.0,2214.0,2160.0,5358.0,6697.0,8571.0,7527.0,7569.0,6723.0,6648.0,7148.0,7563.0,5930.0,5778.0,6137.0,6705.0,6513.0,5321.0,3774.0,3599.0,3816.0,3829.0,3713.0,5161.0,5040.0,4335.0,4580.0,4205.0,4669.0,4764.0,
MEX.15.106_2,21230762.0,MEX,Tlalnepantla de Baz,0.0,22177.0,22901.0,23399.0,23555.0,23994.0,21447.0,22903.0,24355.0,25137.0,25545.0,26168.0,23385.0,21712.0,20231.0,20007.0,19767.0,20349.0,20571.0,20108.0,19261.0,20192.0,20849.0,21627.0,21532.0,23288.0,24199.0,25193.0,23915.0,24486.0,23505.0,23252.0,25282.0,26197.0,
MEX.15.107_2,21230763.0,MEX,Tlatlaya,0.00602,11793.0,12293.0,12529.0,12996.0,13022.0,11522.0,12535.0,13383.0,14407.0,14157.0,16772.0,16688.0,16457.0,15252.0,15986.0,15954.0,15450.0,15636.0,16253.0,15815.0,16087.0,16205.0,15872.0,16338.0,17577.0,18486.0,19419.0,18686.0,19110.0,18273.0,18014.0,19003.0,19657.0,
MEX.15.108_2,21230764.0,MEX,Toluca,0.0015,6519.0,6471.0,6401.0,6543.0,6551.0,5971.0,6760.0,7071.0,7431.0,7323.0,8274.0,7411.0,7070.0,6389.0,6323.0,6821.0,6405.0,6596.0,7049.0,6043.0,6119.0,6015.0,6237.0,6425.0,7298.0,7658.0,7656.0,7026.0,7151.0,7662.0,7732.0,7901.0,8148.0,
MEX.15.109_2,21230765.0,MEX,Tonanitla,0.00115,6636.0,6553.0,6489.0,6690.0,6824.0,6325.0,6748.0,7068.0,7418.0,7328.0,8401.0,7339.0,7009.0,6457.0,6306.0,6828.0,6263.0,6353.0,6794.0,5939.0,6835.0,7010.0,7651.0,7478.0,8204.0,8426.0,8046.0,8325.0,7465.0,6326.0,6939.0,6975.0,7191.0,
MEX.15.110_2,21230766.0,MEX,Tonatico,0.00307,11815.0,12385.0,12880.0,13376.0,13472.0,11810.0,12710.0,13640.0,14045.0,13786.0,14622.0,15557.0,15177.0,14044.0,13511.0,13776.0,13942.0,13800.0,13554.0,12967.0,13713.0,14040.0,14496.0,14467.0,14854.0,15922.0,16957.0,16372.0,16417.0,15846.0,15129.0,16353.0,16917.0,
MEX.15.111_2,21230767.0,MEX,Tultepec,0.00081,9754.0,9676.0,9863.0,9547.0,9709.0,8670.0,9357.0,9970.0,10410.0,10940.0,11068.0,10028.0,9785.0,9223.0,9055.0,8563.0,9082.0,9250.0,8719.0,8605.0,9772.0,9559.0,9931.0,10510.0,11292.0,11240.0,10924.0,9670.0,9978.0,10322.0,10056.0,10781.0,11201.0,
MEX.15.112_2,21230768.0,MEX,Tultitlán,0.00101,11696.0,12026.0,12301.0,12198.0,12436.0,11075.0,12062.0,12868.0,13351.0,13701.0,13822.0,12688.0,12114.0,11355.0,11140.0,10894.0,11241.0,11381.0,11065.0,10665.0,11247.0,11366.0,11813.0,12185.0,13073.0,13360.0,14118.0,13291.0,13633.0,13118.0,13111.0,14415.0,14960.0,
MEX.15.113_2,21230769.0,MEX,Valle de Bravo,0.00438,11252.0,11672.0,12454.0,13122.0,13163.0,11582.0,12907.0,13746.0,14514.0,14248.0,14884.0,14770.0,14318.0,13422.0,12764.0,13035.0,13188.0,13261.0,13188.0,12339.0,13263.0,13498.0,13683.0,14517.0,15407.0,16348.0,17267.0,16648.0,16716.0,17836.0,17527.0,18496.0,19078.0,
MEX.15.114_2,21230770.0,MEX,Valle de Chalco Solidaridad,-0.00082,10317.0,10524.0,10770.0,11019.0,10592.0,9463.0,10356.0,10905.0,11590.0,11555.0,11672.0,10445.0,9912.0,9297.0,9162.0,9138.0,9159.0,9260.0,8997.0,8613.0,8904.0,9294.0,9369.0,9955.0,10818.0,10941.0,10601.0,10233.0,10360.0,10015.0,10021.0,10255.0,10625.0,
MEX.15.115_2,21230771.0,MEX,Villa de Allende,0.00257,12554.0,12967.0,13243.0,13576.0,13785.0,11908.0,13521.0,14477.0,15239.0,14972.0,15583.0,16663.0,15815.0,14598.0,14194.0,13962.0,13931.0,14133.0,13910.0,13196.0,14025.0,14123.0,14615.0,15239.0,15830.0,16455.0,16931.0,16291.0,16821.0,15257.0,15231.0,15870.0,16797.0,
MEX.15.116_2,21230772.0,MEX,Villa del Carbón,0.00369,12585.0,12208.0,12717.0,13011.0,13279.0,11189.0,12222.0,13112.0,13639.0,13808.0,14221.0,15685.0,14925.0,13743.0,13894.0,13570.0,14135.0,13864.0,13822.0,12974.0,14292.0,14420.0,14844.0,15013.0,15700.0,15921.0,16478.0,15691.0,15984.0,15820.0,15229.0,16337.0,16917.0,
MEX.15.117_2,21230773.0,MEX,Villa Guerrero,-0.00762,8995.0,9610.0,10002.0,10350.0,10754.0,9418.0,10292.0,11325.0,11678.0,11470.0,12568.0,8580.0,7883.0,6646.0,6876.0,6967.0,8250.0,8070.0,8296.0,7745.0,7921.0,8056.0,8699.0,8610.0,9695.0,9492.0,6682.0,6571.0,4731.0,5240.0,5259.0,5217.0,5388.0,
MEX.15.118_2,21230774.0,MEX,Villa Victoria,0.00132,13068.0,13405.0,13438.0,13955.0,13989.0,12431.0,13716.0,14124.0,15060.0,14883.0,15771.0,16576.0,15811.0,14585.0,14348.0,14473.0,14653.0,14791.0,14875.0,13691.0,14544.0,15507.0,16722.0,16413.0,17675.0,18493.0,14726.0,14274.0,14192.0,12936.0,12371.0,13018.0,13438.0,
MEX.15.119_2,21230775.0,MEX,Xalatlaco,0.0,4818.0,4845.0,4954.0,5036.0,5001.0,4322.0,4565.0,4867.0,4874.0,4888.0,5540.0,4685.0,4587.0,4765.0,4625.0,4622.0,4767.0,4200.0,3551.0,4617.0,4991.0,4355.0,5314.0,6407.0,5629.0,5306.0,8020.0,8149.0,3514.0,3368.0,5687.0,5718.0,5234.0,
MEX.15.120_2,21230776.0,MEX,Xonacatlán,-0.00808,9106.0,8192.0,9104.0,9869.0,9775.0,8424.0,8531.0,9443.0,9990.0,9963.0,9847.0,8601.0,8357.0,7771.0,7438.0,8197.0,8083.0,7741.0,8002.0,7653.0,7826.0,8271.0,6326.0,6677.0,7044.0,6682.0,4758.0,4957.0,4690.0,5050.0,5090.0,5286.0,5610.0,
MEX.15.121_2,21230777.0,MEX,Zacazonapan,0.0047,11058.0,11237.0,11746.0,12194.0,12201.0,10816.0,11735.0,12493.0,13138.0,12829.0,13838.0,14676.0,14263.0,13214.0,14015.0,14213.0,13474.0,13687.0,14489.0,13963.0,14075.0,14208.0,13562.0,14232.0,15354.0,16097.0,17319.0,16444.0,16577.0,15237.0,15646.0,15786.0,17039.0,
MEX.15.122_2,21230778.0,MEX,Zacualpan,0.00588,11674.0,12201.0,12507.0,12858.0,12875.0,11195.0,12243.0,13071.0,13787.0,13502.0,13673.0,14642.0,14243.0,13313.0,13136.0,13388.0,13537.0,13960.0,13899.0,14264.0,15011.0,15099.0,15773.0,16368.0,17296.0,18151.0,18504.0,17820.0,17619.0,16655.0,16397.0,17314.0,17869.0,
MEX.15.123_2,21230779.0,MEX,Zinacantepec,0.00302,4521.0,5031.0,5287.0,7136.0,7322.0,6447.0,4879.0,5531.0,5428.0,5338.0,6725.0,7229.0,7175.0,6355.0,6789.0,6141.0,6296.0,6027.0,5749.0,5914.0,6399.0,6144.0,6251.0,6377.0,7508.0,7075.0,6437.0,6545.0,6557.0,6282.0,6570.0,6767.0,6962.0,
MEX.15.124_2,21230780.0,MEX,Zumpahuacán,0.00246,13022.0,13302.0,13645.0,14143.0,14146.0,12362.0,13585.0,14547.0,15304.0,15085.0,15731.0,16476.0,15622.0,13118.0,12937.0,13426.0,13485.0,13448.0,13861.0,13107.0,13615.0,13746.0,14579.0,14521.0,15606.0,16478.0,16894.0,16141.0,16352.0,15065.0,14825.0,15944.0,16494.0,
MEX.15.125_2,21230781.0,MEX,Zumpango,-0.00416,7407.0,6542.0,6305.0,6264.0,6415.0,5449.0,6159.0,6483.0,6640.0,7215.0,8213.0,7675.0,7635.0,8364.0,6543.0,6470.0,6653.0,7208.0,5989.0,6081.0,6233.0,5725.0,5475.0,6207.0,5007.0,5006.0,4173.0,4013.0,4319.0,5820.0,6289.0,5824.0,5807.0,
MEX.16.1_2,21230782.0,MEX,Acuitzio,0.01065,8228.0,8151.0,8106.0,8321.0,9560.0,8473.0,8699.0,9813.0,11320.0,12241.0,12529.0,10555.0,10356.0,10698.0,11058.0,11562.0,12583.0,12451.0,11291.0,11842.0,10835.0,12928.0,13567.0,13742.0,13914.0,13536.0,14865.0,16838.0,16916.0,17139.0,17863.0,17468.0,17630.0,
MEX.16.2_2,21230783.0,MEX,Aguililla,0.00297,6122.0,6140.0,6173.0,5819.0,6362.0,5974.0,8048.0,9418.0,10104.0,10279.0,9830.0,8343.0,7775.0,8236.0,8316.0,12081.0,10947.0,10592.0,9955.0,9436.0,7997.0,8936.0,8364.0,8291.0,9016.0,8690.0,9877.0,10125.0,9655.0,9261.0,8378.0,9458.0,9523.0,
MEX.16.3_2,21230784.0,MEX,Álvaro Obregón,0.00743,6605.0,6530.0,6776.0,6845.0,7844.0,6925.0,7948.0,6951.0,7592.0,8854.0,7688.0,8229.0,8288.0,8172.0,7839.0,8861.0,8914.0,7936.0,7669.0,7642.0,7645.0,8718.0,9498.0,9666.0,9609.0,9822.0,10813.0,11894.0,11161.0,11940.0,10717.0,11916.0,12155.0,
MEX.16.4_2,21230785.0,MEX,Angamacutiro,0.00798,5843.0,6118.0,5996.0,5621.0,6167.0,5734.0,7227.0,7691.0,7499.0,8567.0,9003.0,7716.0,7024.0,7444.0,7606.0,9164.0,9470.0,8968.0,7897.0,7589.0,7033.0,7458.0,8188.0,7734.0,8412.0,8133.0,10744.0,11579.0,12724.0,10549.0,10702.0,11408.0,11830.0,
MEX.16.5_2,21230786.0,MEX,Angangueo,0.00652,6933.0,6938.0,7348.0,6915.0,8041.0,6996.0,7677.0,7783.0,8448.0,8041.0,8370.0,7887.0,7868.0,7832.0,7987.0,8998.0,8531.0,9552.0,8182.0,8631.0,7314.0,8586.0,9345.0,8780.0,9599.0,9292.0,11556.0,13068.0,13266.0,12095.0,14598.0,15068.0,14208.0,
MEX.16.6_2,21230787.0,MEX,Apatzingán,0.00533,6822.0,7201.0,7383.0,6984.0,7402.0,6935.0,8502.0,10273.0,10106.0,10612.0,10004.0,8426.0,7905.0,9086.0,9091.0,11313.0,11095.0,11764.0,12518.0,9893.0,9152.0,9260.0,10160.0,10346.0,10086.0,10284.0,11205.0,11290.0,11045.0,10997.0,10764.0,10158.0,10461.0,
MEX.16.7_2,21230788.0,MEX,Aporo,0.01253,5655.0,5911.0,6164.0,6070.0,6770.0,6194.0,7243.0,8933.0,8563.0,9132.0,8154.0,7668.0,7333.0,7498.0,8459.0,10091.0,9909.0,9907.0,9520.0,8550.0,7752.0,9843.0,10566.0,10707.0,11288.0,10953.0,11712.0,13642.0,14863.0,15183.0,14490.0,15254.0,15549.0,
MEX.16.8_2,21230789.0,MEX,Aquila,0.00302,7376.0,6554.0,6364.0,6299.0,6468.0,6405.0,7391.0,7989.0,8974.0,8794.0,8449.0,7503.0,7228.0,7131.0,7267.0,9576.0,9120.0,8598.0,7855.0,7589.0,6445.0,7544.0,7711.0,7337.0,8320.0,7620.0,9009.0,10163.0,9691.0,8908.0,7778.0,8730.0,8788.0,
MEX.16.9_2,21230790.0,MEX,Ario,0.00864,5715.0,5931.0,6129.0,5673.0,6956.0,7739.0,9135.0,11650.0,11243.0,11654.0,10916.0,8508.0,8539.0,8298.0,8265.0,10436.0,10509.0,10746.0,12213.0,9874.0,8219.0,9018.0,9933.0,10497.0,9352.0,10919.0,11910.0,13215.0,12774.0,13088.0,10949.0,13111.0,13427.0,
MEX.16.10_2,21230791.0,MEX,Arteaga,0.00854,4584.0,4737.0,4707.0,4664.0,5245.0,4707.0,5601.0,6429.0,6417.0,7715.0,6494.0,5567.0,5361.0,5788.0,5883.0,7623.0,7478.0,7417.0,7458.0,6723.0,6026.0,6882.0,7282.0,7169.0,7676.0,7422.0,7754.0,8669.0,9135.0,7910.0,8117.0,8818.0,8821.0,
MEX.16.11_2,21230792.0,MEX,Briseñas,0.00477,6260.0,6285.0,6569.0,6555.0,7179.0,6638.0,7281.0,7848.0,8036.0,8386.0,7931.0,7337.0,7108.0,7898.0,7872.0,8922.0,9274.0,7699.0,7819.0,7734.0,7865.0,7848.0,8435.0,8849.0,9433.0,9445.0,8864.0,9295.0,9679.0,9591.0,8324.0,8419.0,8687.0,
MEX.16.12_2,21230793.0,MEX,Buenavista,0.01297,4796.0,5172.0,5405.0,4649.0,6427.0,5003.0,6176.0,8742.0,9470.0,9047.0,8111.0,6651.0,6588.0,6467.0,6650.0,8771.0,8832.0,8529.0,9373.0,7637.0,5909.0,7658.0,8706.0,9087.0,8913.0,9631.0,11710.0,13636.0,12525.0,14108.0,11818.0,13578.0,13794.0,
MEX.16.13_2,21230794.0,MEX,Carácuaro,0.00597,6228.0,6223.0,6023.0,6115.0,6724.0,6198.0,7193.0,8157.0,9227.0,9069.0,8579.0,7444.0,7066.0,7422.0,7578.0,9823.0,9253.0,8622.0,7959.0,8384.0,7386.0,8577.0,8880.0,8522.0,9434.0,8860.0,9652.0,10715.0,10227.0,9457.0,8665.0,9466.0,9541.0,
MEX.16.14_2,21230795.0,MEX,Charapan,0.00977,4743.0,4719.0,4789.0,4588.0,5095.0,4689.0,5794.0,6435.0,6327.0,7745.0,6819.0,5657.0,5631.0,5868.0,6067.0,7751.0,7632.0,7043.0,6376.0,6080.0,5446.0,6625.0,7297.0,7160.0,7636.0,7341.0,9241.0,10040.0,9788.0,9260.0,10137.0,10069.0,10332.0,
MEX.16.15_2,21230796.0,MEX,Charo,0.00988,4391.0,4489.0,4884.0,4671.0,5739.0,4783.0,5435.0,5911.0,5745.0,7342.0,6247.0,5689.0,5346.0,6735.0,6851.0,7756.0,7050.0,8481.0,8595.0,6585.0,6445.0,6799.0,7855.0,7960.0,7444.0,7726.0,8563.0,8698.0,8866.0,9599.0,9484.0,10201.0,10424.0,
MEX.16.16_2,21230797.0,MEX,Chavinda,0.00193,5064.0,5953.0,6195.0,6304.0,7264.0,5806.0,6494.0,7710.0,8173.0,8757.0,8221.0,6607.0,7305.0,6678.0,7043.0,7898.0,8749.0,9173.0,8863.0,7650.0,6810.0,7350.0,7790.0,8625.0,7993.0,7668.0,7101.0,8477.0,8069.0,7188.0,6311.0,7308.0,7467.0,
MEX.16.17_2,21230798.0,MEX,Cherán,0.00716,7146.0,7017.0,6881.0,6864.0,6912.0,6938.0,7237.0,8423.0,8048.0,9399.0,8730.0,7827.0,7639.0,8028.0,8513.0,9428.0,9939.0,9146.0,8444.0,8416.0,8431.0,8842.0,9626.0,9820.0,10344.0,9997.0,9520.0,11152.0,12610.0,14132.0,10451.0,11868.0,12152.0,
MEX.16.18_2,21230799.0,MEX,Chilchota,0.0039,7890.0,7895.0,7738.0,7067.0,6930.0,6318.0,7343.0,8015.0,7999.0,9358.0,8592.0,6717.0,6884.0,7041.0,6891.0,7964.0,8016.0,7959.0,10635.0,9072.0,7571.0,8173.0,8566.0,9161.0,10321.0,8709.0,9836.0,9891.0,9157.0,8980.0,7903.0,8788.0,8991.0,
MEX.16.19_2,21230800.0,MEX,Chinicuila,0.00266,7284.0,6543.0,6353.0,6210.0,6249.0,6315.0,7421.0,8407.0,9089.0,9071.0,8446.0,7469.0,6971.0,6997.0,7130.0,9660.0,9503.0,9053.0,8270.0,8234.0,6905.0,8183.0,7842.0,7950.0,8624.0,8222.0,8805.0,9381.0,8962.0,8498.0,7805.0,8452.0,8497.0,
MEX.16.20_2,21230801.0,MEX,Chucándiro,0.01376,4024.0,4220.0,4660.0,4349.0,4890.0,4454.0,6033.0,6316.0,7523.0,8014.0,7584.0,6166.0,5764.0,5691.0,5892.0,8083.0,7346.0,8105.0,7572.0,6179.0,5390.0,7078.0,8135.0,7957.0,8536.0,8428.0,9948.0,11627.0,11319.0,12033.0,14019.0,12904.0,13207.0,
MEX.16.21_2,21230802.0,MEX,Churintzio,0.01012,5674.0,5774.0,6042.0,5684.0,7117.0,5713.0,7463.0,7845.0,8920.0,8587.0,9088.0,7813.0,7355.0,7970.0,8187.0,9634.0,9391.0,9087.0,7298.0,7059.0,6385.0,7367.0,8210.0,7940.0,8554.0,8222.0,11427.0,13070.0,12895.0,13541.0,14135.0,13609.0,14264.0,
MEX.16.22_2,21230803.0,MEX,Churumuco,0.00564,5732.0,5594.0,5490.0,5628.0,6055.0,5700.0,7335.0,7667.0,8918.0,9129.0,8772.0,7663.0,7208.0,7685.0,7869.0,10006.0,9248.0,8550.0,7826.0,8258.0,7291.0,8483.0,9068.0,8571.0,9543.0,8872.0,9564.0,10925.0,10359.0,9436.0,9023.0,9443.0,9508.0,
MEX.16.23_2,21230804.0,MEX,Coahuayana,0.01386,4805.0,4993.0,5224.0,4860.0,6160.0,4974.0,6448.0,9035.0,9657.0,8694.0,7908.0,6373.0,6209.0,6367.0,7815.0,9024.0,9088.0,8771.0,10576.0,8299.0,7863.0,9255.0,10031.0,11407.0,9998.0,10779.0,13171.0,14590.0,13055.0,13901.0,10517.0,13066.0,13378.0,
MEX.16.24_2,21230805.0,MEX,Coalcomán de Vázquez Pallares,0.00544,5624.0,5456.0,5392.0,5580.0,6012.0,5657.0,7247.0,7600.0,8851.0,9059.0,8707.0,7576.0,7114.0,7745.0,7764.0,10135.0,9521.0,8824.0,7963.0,8056.0,7113.0,8271.0,8623.0,8363.0,9255.0,8583.0,9433.0,10526.0,9944.0,9277.0,9205.0,9585.0,9624.0,
MEX.16.25_2,21230806.0,MEX,Coeneo,0.00653,7360.0,7155.0,6691.0,6596.0,6484.0,6721.0,6314.0,7229.0,7947.0,8156.0,7369.0,6239.0,6117.0,6567.0,6698.0,8268.0,8269.0,7432.0,6520.0,6813.0,5904.0,8008.0,7726.0,7692.0,8576.0,8154.0,9172.0,10473.0,9992.0,10643.0,10949.0,11509.0,11622.0,
MEX.16.26_2,21230807.0,MEX,Cojumatlán de Régules,0.002,10084.0,9923.0,9807.0,9520.0,10366.0,9868.0,9177.0,9801.0,10179.0,10700.0,10669.0,9292.0,9065.0,8630.0,10080.0,9703.0,9604.0,9567.0,8814.0,8081.0,8510.0,9209.0,10093.0,10318.0,11919.0,11971.0,13221.0,14189.0,15118.0,17396.0,18711.0,17789.0,18265.0,
MEX.16.27_2,21230808.0,MEX,Contepec,0.00738,7515.0,7518.0,7269.0,7253.0,7332.0,7335.0,7833.0,8008.0,7915.0,8980.0,8691.0,7626.0,7658.0,8121.0,8298.0,9481.0,9853.0,9469.0,8226.0,6502.0,7482.0,7237.0,10208.0,9907.0,10328.0,10558.0,12506.0,13742.0,13806.0,11643.0,11376.0,12146.0,12747.0,
MEX.16.28_2,21230809.0,MEX,Copándaro,0.00811,6710.0,6372.0,6880.0,6710.0,7584.0,6787.0,7186.0,8289.0,9152.0,8420.0,8958.0,7855.0,7833.0,8049.0,8449.0,9643.0,9426.0,8876.0,8145.0,8126.0,8009.0,8829.0,9625.0,8479.0,9330.0,9859.0,13501.0,14948.0,14465.0,13722.0,15315.0,15794.0,16169.0,
MEX.16.29_2,21230810.0,MEX,Cotija,0.0071,7492.0,7280.0,7113.0,6736.0,7036.0,6862.0,6467.0,8085.0,7946.0,9150.0,8533.0,6423.0,7595.0,7725.0,9344.0,6919.0,8342.0,8988.0,9154.0,9047.0,8283.0,10202.0,9724.0,10167.0,10155.0,10306.0,10085.0,10734.0,10966.0,10210.0,9842.0,9903.0,10122.0,
MEX.16.30_2,21230811.0,MEX,Cuitzeo,0.00846,12726.0,15188.0,14857.0,14811.0,16049.0,14976.0,16395.0,14259.0,13167.0,13318.0,15957.0,15092.0,14585.0,16082.0,16493.0,18123.0,18514.0,18113.0,18744.0,18252.0,17491.0,18240.0,18728.0,19558.0,20330.0,20378.0,21346.0,20825.0,23055.0,24305.0,25430.0,24809.0,25375.0,
MEX.16.31_2,21230812.0,MEX,Ecuandureo,0.0083,9492.0,12057.0,12371.0,12435.0,13930.0,12635.0,14303.0,13078.0,12345.0,12893.0,15789.0,13699.0,13205.0,14225.0,14471.0,13404.0,15902.0,15433.0,13088.0,12745.0,12521.0,15503.0,16251.0,16524.0,17596.0,17366.0,22572.0,24015.0,22334.0,22016.0,24148.0,22234.0,22495.0,
MEX.16.32_2,21230813.0,MEX,Epitacio Huerta,0.00917,11143.0,11837.0,10803.0,11602.0,14200.0,12193.0,11204.0,14289.0,15978.0,15335.0,14959.0,13924.0,16252.0,15937.0,16807.0,16310.0,13637.0,14340.0,13444.0,16942.0,16904.0,17592.0,18795.0,19178.0,18774.0,19989.0,23385.0,22727.0,25766.0,21707.0,18763.0,19712.0,20240.0,
MEX.16.33_2,21230814.0,MEX,Erongarícuaro,0.0039,8058.0,7896.0,8141.0,8455.0,9555.0,8544.0,8977.0,9632.0,10096.0,10321.0,10274.0,9243.0,9229.0,9878.0,10008.0,11261.0,10733.0,10627.0,10331.0,10075.0,10247.0,11171.0,9973.0,11187.0,10924.0,10426.0,10475.0,12478.0,11679.0,11573.0,10312.0,11423.0,11466.0,
MEX.16.34_2,21230815.0,MEX,Gabriel Zamora,0.00459,10407.0,10234.0,10112.0,10078.0,10942.0,10101.0,10888.0,9087.0,9669.0,9898.0,13046.0,10828.0,10745.0,11420.0,11494.0,10208.0,13609.0,13294.0,11787.0,11547.0,9915.0,11032.0,11618.0,11256.0,12138.0,12271.0,17516.0,19250.0,18805.0,18731.0,18809.0,18848.0,19275.0,
MEX.16.35_2,21230816.0,MEX,Hidalgo,0.00602,6099.0,6363.0,6478.0,5969.0,6539.0,6294.0,7346.0,8827.0,9590.0,9514.0,8634.0,7233.0,6890.0,7797.0,7623.0,9631.0,9706.0,9391.0,10383.0,9901.0,9487.0,9169.0,9231.0,10158.0,9698.0,9611.0,9801.0,10283.0,9351.0,9521.0,10236.0,10926.0,11162.0,
MEX.16.36_2,21230817.0,MEX,Huandacareo,0.00081,9436.0,9013.0,8605.0,8519.0,9461.0,7133.0,8377.0,9768.0,11319.0,11081.0,10717.0,9685.0,8961.0,9310.0,9729.0,12381.0,10679.0,9864.0,8605.0,7867.0,7503.0,8912.0,8888.0,8914.0,9815.0,9248.0,9122.0,10525.0,11319.0,9867.0,9180.0,11293.0,11308.0,
MEX.16.37_2,21230818.0,MEX,Huaniqueo,0.01682,3764.0,3765.0,4140.0,3899.0,4425.0,4030.0,5666.0,6040.0,7290.0,7197.0,6962.0,5886.0,5443.0,5902.0,6117.0,8058.0,7665.0,7518.0,7075.0,6818.0,6366.0,8126.0,8501.0,8611.0,9209.0,9090.0,9978.0,11438.0,11716.0,12382.0,13300.0,12676.0,12812.0,
MEX.16.38_2,21230819.0,MEX,Huetamo,0.00706,5854.0,5129.0,5351.0,5056.0,5499.0,5742.0,8839.0,8119.0,7846.0,7017.0,6644.0,7494.0,7302.0,9333.0,7192.0,9530.0,10888.0,9669.0,10375.0,9135.0,7799.0,6610.0,6678.0,6407.0,8317.0,7794.0,10100.0,10811.0,10903.0,10595.0,8782.0,9770.0,10006.0,
MEX.16.39_2,21230820.0,MEX,Huiramba,0.00943,11460.0,11412.0,11352.0,11522.0,12837.0,11555.0,12741.0,13330.0,14465.0,14770.0,14630.0,13588.0,13349.0,14603.0,14802.0,15886.0,16822.0,15504.0,15785.0,16265.0,16472.0,18361.0,18883.0,19473.0,20169.0,20117.0,21012.0,21725.0,21127.0,21084.0,18075.0,18752.0,19125.0,
MEX.16.40_2,21230821.0,MEX,Indaparapeo,0.00419,5955.0,5861.0,6019.0,6300.0,7188.0,6374.0,8073.0,7073.0,8305.0,9062.0,9010.0,7984.0,8040.0,7922.0,8251.0,9125.0,9717.0,8685.0,8360.0,7872.0,8015.0,8922.0,9700.0,10176.0,9587.0,10072.0,8271.0,8615.0,8365.0,8762.0,9239.0,9025.0,9125.0,
MEX.16.41_2,21230822.0,MEX,Irimbo,0.00711,5678.0,5695.0,6037.0,6010.0,5732.0,5294.0,6047.0,5927.0,6294.0,6341.0,7097.0,5829.0,5649.0,6286.0,6328.0,6276.0,6262.0,6394.0,6835.0,6638.0,6466.0,8614.0,7278.0,7326.0,7225.0,8284.0,8426.0,8926.0,8214.0,10394.0,8774.0,9302.0,9505.0,
MEX.16.42_2,21230823.0,MEX,Ixtlán,0.0091,11968.0,14321.0,14290.0,14364.0,15546.0,14532.0,16977.0,14093.0,9103.0,9628.0,13227.0,11901.0,11753.0,12057.0,12434.0,13662.0,14631.0,13395.0,13110.0,12766.0,12703.0,14242.0,14622.0,15103.0,15524.0,15589.0,17062.0,18878.0,26027.0,26640.0,28377.0,27627.0,28584.0,
MEX.16.43_2,21230824.0,MEX,Jacona,0.005,13956.0,14507.0,14771.0,15556.0,14542.0,15724.0,14015.0,15024.0,15315.0,15460.0,15746.0,16690.0,16115.0,19030.0,19231.0,14296.0,14830.0,14156.0,14365.0,14733.0,21229.0,22209.0,17826.0,18280.0,19078.0,19192.0,21547.0,22577.0,22075.0,17259.0,16363.0,17021.0,17491.0,
MEX.16.44_2,21230825.0,MEX,Jiménez,0.00963,4819.0,4960.0,5105.0,4964.0,5247.0,5070.0,6363.0,7209.0,7213.0,8318.0,7610.0,5739.0,5514.0,6196.0,6405.0,8291.0,8015.0,7252.0,6703.0,6364.0,5256.0,7105.0,7655.0,7395.0,7974.0,7949.0,9843.0,10275.0,9730.0,9482.0,9852.0,9938.0,10015.0,
MEX.16.45_2,21230826.0,MEX,Jiquilpan,0.00787,5814.0,6969.0,7401.0,7157.0,8313.0,8803.0,9307.0,10480.0,11508.0,10956.0,10980.0,9524.0,9421.0,9751.0,9694.0,10231.0,10490.0,10726.0,11315.0,11185.0,11256.0,11195.0,10923.0,11324.0,11308.0,11616.0,13017.0,13179.0,13605.0,13581.0,11972.0,13226.0,13926.0,
MEX.16.46_2,21230827.0,MEX,José Sixto Verduzco,0.00294,8748.0,8093.0,8271.0,8194.0,7728.0,8241.0,8561.0,8992.0,8714.0,9093.0,8887.0,8269.0,8294.0,8420.0,8352.0,9809.0,8408.0,8165.0,9806.0,8880.0,8692.0,10704.0,10044.0,10736.0,11864.0,11060.0,9722.0,10400.0,10043.0,9941.0,7976.0,9290.0,9380.0,
MEX.16.47_2,21230828.0,MEX,Juárez,0.01053,5575.0,5628.0,5809.0,6018.0,7016.0,6116.0,7077.0,7173.0,8226.0,8254.0,8145.0,6875.0,6907.0,7421.0,7452.0,9000.0,8573.0,8597.0,8681.0,8252.0,7656.0,9001.0,9939.0,10092.0,9815.0,10274.0,10827.0,11933.0,11263.0,12981.0,9467.0,11432.0,12721.0,
MEX.16.48_2,21230829.0,MEX,Jungapeo,0.00472,6102.0,6057.0,6849.0,6685.0,7845.0,7276.0,6499.0,7627.0,8222.0,7074.0,6954.0,6199.0,6269.0,6567.0,6811.0,8129.0,9070.0,9178.0,9106.0,8141.0,7753.0,8774.0,8515.0,8150.0,8933.0,9376.0,8283.0,8762.0,8291.0,8889.0,9314.0,9053.0,8916.0,
MEX.16.49_2,21230830.0,MEX,La Huacana,0.00391,5349.0,5509.0,6020.0,5725.0,6320.0,5786.0,7420.0,9317.0,8892.0,10626.0,9053.0,7921.0,7247.0,7969.0,8153.0,9683.0,9298.0,9990.0,9654.0,8412.0,7642.0,6495.0,8883.0,9314.0,9934.0,8764.0,9958.0,10895.0,9625.0,8598.0,6600.0,7889.0,7918.0,
MEX.16.50_2,21230831.0,MEX,La Piedad,0.00935,8369.0,8392.0,8926.0,10061.0,10938.0,10221.0,10448.0,11416.0,10926.0,11448.0,11175.0,10480.0,10794.0,12056.0,12207.0,12592.0,12749.0,13202.0,14211.0,13746.0,13930.0,15622.0,14897.0,15355.0,16112.0,15941.0,16146.0,16242.0,16353.0,16034.0,14153.0,15308.0,16056.0,
MEX.16.51_2,21230832.0,MEX,Lagunillas,0.00835,8778.0,8299.0,8611.0,8875.0,9573.0,8895.0,9668.0,9857.0,9553.0,10592.0,10491.0,9502.0,9475.0,10567.0,10663.0,10986.0,11803.0,10604.0,10422.0,10332.0,10416.0,12169.0,12748.0,12803.0,13430.0,13449.0,13423.0,15267.0,13996.0,14591.0,15057.0,15212.0,15502.0,
MEX.16.52_2,21230833.0,MEX,Lázaro Cárdenas,0.01071,8085.0,8165.0,8479.0,9439.0,10848.0,9532.0,10354.0,11383.0,11056.0,12011.0,12016.0,10814.0,10540.0,12576.0,12569.0,12762.0,13542.0,13404.0,13621.0,13837.0,14354.0,17003.0,15583.0,15756.0,16956.0,16631.0,17449.0,17532.0,17646.0,17523.0,15549.0,16609.0,17388.0,
MEX.16.53_2,21230834.0,MEX,Los Reyes,0.00475,6544.0,6745.0,6746.0,6469.0,6894.0,6635.0,7523.0,7613.0,7277.0,8862.0,9438.0,8925.0,8883.0,9387.0,8939.0,8962.0,9799.0,10624.0,11745.0,10371.0,9448.0,8605.0,9196.0,9367.0,9902.0,9791.0,10232.0,10626.0,9603.0,9437.0,8707.0,9601.0,9702.0,
MEX.16.54_2,21230835.0,MEX,Madero,0.00855,5006.0,5147.0,5123.0,5043.0,5871.0,5095.0,6480.0,6648.0,6792.0,8103.0,7713.0,6510.0,6291.0,6884.0,6942.0,8222.0,8558.0,7848.0,7287.0,7689.0,7200.0,7886.0,8497.0,8275.0,8937.0,8499.0,9351.0,10463.0,9812.0,9237.0,9089.0,10034.0,9601.0,
MEX.16.55_2,21230836.0,MEX,Maravatío,0.00857,12740.0,15374.0,15450.0,15189.0,16676.0,15449.0,19202.0,8591.0,8798.0,12977.0,20596.0,20282.0,14424.0,15936.0,17513.0,17561.0,22877.0,22775.0,19112.0,18611.0,17788.0,18435.0,18662.0,19430.0,20003.0,20364.0,21409.0,21876.0,27584.0,29898.0,29635.0,30101.0,30800.0,
MEX.16.56_2,21230837.0,MEX,Marcos Castellanos,0.00216,7850.0,7863.0,7583.0,7210.0,7025.0,7631.0,6955.0,8180.0,10833.0,9559.0,8901.0,9137.0,8961.0,10554.0,10367.0,11936.0,10879.0,10722.0,11060.0,10216.0,9373.0,10278.0,11084.0,9355.0,9197.0,9170.0,9836.0,10152.0,10104.0,9676.0,6995.0,8400.0,8564.0,
MEX.16.57_2,21230838.0,MEX,Morelia,0.0,14071.0,14372.0,14684.0,15177.0,14771.0,15322.0,13169.0,14470.0,14427.0,14789.0,14969.0,15912.0,15342.0,14308.0,14378.0,9700.0,9708.0,10541.0,10894.0,11694.0,13842.0,14627.0,14532.0,14332.0,15096.0,14915.0,14294.0,15119.0,14741.0,14555.0,13417.0,13755.0,14719.0,
MEX.16.58_2,21230839.0,MEX,Morelos,0.00464,7297.0,7197.0,7073.0,7022.0,7123.0,7136.0,7638.0,8203.0,8122.0,8920.0,8902.0,7779.0,7403.0,7965.0,8154.0,9831.0,8625.0,8254.0,6836.0,6672.0,6326.0,7589.0,8086.0,8096.0,8273.0,8512.0,10133.0,11583.0,11418.0,10938.0,11330.0,11554.0,11669.0,
MEX.16.59_2,21230840.0,MEX,Múgica,0.0106,8313.0,8620.0,9173.0,9065.0,9675.0,8824.0,10347.0,7314.0,7333.0,8658.0,11019.0,9649.0,9347.0,12033.0,12253.0,14839.0,19456.0,18982.0,18379.0,15424.0,12256.0,10436.0,12812.0,12897.0,13592.0,13101.0,14981.0,16460.0,16431.0,16301.0,17264.0,18414.0,18841.0,
MEX.16.60_2,21230841.0,MEX,Nahuatzen,0.00609,7690.0,7432.0,7201.0,7269.0,6657.0,6104.0,7169.0,8279.0,7833.0,9406.0,8898.0,7351.0,7391.0,8382.0,8356.0,9663.0,9964.0,9270.0,8236.0,8176.0,7550.0,9185.0,8212.0,8314.0,8679.0,8691.0,11373.0,11470.0,12067.0,11430.0,12138.0,12926.0,13235.0,
MEX.16.61_2,21230842.0,MEX,Nocupétaro,0.00525,5830.0,5848.0,5652.0,5518.0,6085.0,5615.0,6877.0,7966.0,8879.0,8754.0,8387.0,7000.0,6643.0,6948.0,6995.0,9705.0,9265.0,8534.0,7794.0,8035.0,6777.0,7951.0,8043.0,7754.0,8345.0,8056.0,8737.0,10091.0,9445.0,8907.0,8014.0,8889.0,8942.0,
MEX.16.62_2,21230843.0,MEX,Nuevo Parangaricutiro,-0.004,10762.0,10256.0,9867.0,9978.0,11429.0,9949.0,11252.0,11475.0,11956.0,12410.0,12193.0,11265.0,10794.0,8295.0,9779.0,8546.0,5426.0,5759.0,7050.0,7060.0,6735.0,8859.0,8061.0,7970.0,8092.0,8360.0,9889.0,10373.0,8567.0,8979.0,7970.0,8968.0,9163.0,
MEX.16.63_2,21230844.0,MEX,Nuevo Urecho,0.01423,7376.0,7531.0,7373.0,7150.0,8731.0,7222.0,8971.0,7005.0,7829.0,8111.0,10932.0,9446.0,8911.0,9733.0,9970.0,10955.0,11554.0,11391.0,11166.0,10873.0,10149.0,12233.0,12709.0,13163.0,13649.0,13716.0,15047.0,16686.0,23587.0,24636.0,25535.0,25537.0,25942.0,
MEX.16.64_2,21230845.0,MEX,Numarán,0.00711,6227.0,6382.0,6969.0,6854.0,8095.0,6938.0,7634.0,7234.0,8014.0,8079.0,8240.0,6844.0,7232.0,7339.0,7768.0,8209.0,8262.0,8384.0,7548.0,8131.0,7451.0,8188.0,8213.0,9450.0,9723.0,9767.0,10567.0,11250.0,10992.0,11442.0,10466.0,10942.0,11208.0,
MEX.16.65_2,21230846.0,MEX,Ocampo,0.01061,9135.0,9273.0,9184.0,9145.0,9987.0,9252.0,10999.0,8458.0,8035.0,9442.0,11986.0,10763.0,10664.0,10681.0,10820.0,11889.0,12064.0,12343.0,12622.0,12291.0,12174.0,13174.0,13933.0,14393.0,14435.0,14741.0,15153.0,16496.0,16654.0,25205.0,28273.0,28588.0,29246.0,
MEX.16.66_2,21230847.0,MEX,Pajacuarán,0.00569,7543.0,7405.0,7740.0,7432.0,8366.0,7519.0,8592.0,8185.0,9182.0,8459.0,9333.0,8473.0,8436.0,9072.0,9238.0,10361.0,10026.0,8654.0,9471.0,8426.0,8022.0,8389.0,9366.0,8749.0,9367.0,9317.0,10633.0,13403.0,12983.0,13558.0,15190.0,15169.0,15502.0,
MEX.16.67_2,21230848.0,MEX,Panindícuaro,0.01042,4738.0,4888.0,5031.0,4718.0,5669.0,4821.0,6244.0,6772.0,6739.0,7836.0,7103.0,5510.0,5342.0,5601.0,5800.0,7653.0,7530.0,6943.0,6469.0,6105.0,5394.0,6665.0,7204.0,7216.0,7847.0,7580.0,9276.0,9902.0,9691.0,9782.0,10449.0,10620.0,10896.0,
MEX.16.68_2,21230849.0,MEX,Paracho,0.0051,7005.0,6652.0,7426.0,7163.0,8041.0,7022.0,7693.0,10566.0,9861.0,11060.0,9512.0,7392.0,7168.0,9483.0,11964.0,15534.0,15064.0,17360.0,17358.0,11718.0,10121.0,8541.0,10351.0,12899.0,11544.0,11680.0,10723.0,11179.0,11348.0,11006.0,9542.0,11087.0,11272.0,
MEX.16.69_2,21230850.0,MEX,Parácuaro,0.01402,7729.0,9580.0,9854.0,9231.0,10892.0,9442.0,11691.0,10767.0,10455.0,11134.0,13223.0,11370.0,11033.0,11736.0,11940.0,11290.0,13668.0,14974.0,12560.0,14534.0,14112.0,17131.0,17900.0,18444.0,19498.0,19276.0,20540.0,23071.0,22451.0,22840.0,21478.0,21474.0,21728.0,
MEX.16.70_2,21230851.0,MEX,Pátzcuaro,0.00412,5862.0,6064.0,6723.0,6488.0,7156.0,6528.0,8021.0,8779.0,9092.0,9579.0,9109.0,8716.0,8393.0,8737.0,8850.0,10138.0,9726.0,10642.0,11278.0,10093.0,9505.0,9444.0,8380.0,9483.0,9260.0,9398.0,10810.0,10304.0,9196.0,8755.0,8330.0,8860.0,9060.0,
MEX.16.71_2,21230852.0,MEX,Penjamillo,0.01022,4844.0,5147.0,5151.0,4621.0,6242.0,4741.0,6728.0,7763.0,9696.0,9761.0,9583.0,6934.0,5551.0,5462.0,6112.0,7981.0,7604.0,7737.0,6108.0,5751.0,5446.0,6250.0,8185.0,7316.0,7758.0,8640.0,9500.0,11326.0,11178.0,11719.0,13309.0,12519.0,12656.0,
MEX.16.72_2,21230853.0,MEX,Peribán,-0.00546,15859.0,16145.0,15829.0,15065.0,16732.0,15411.0,18377.0,21254.0,20668.0,22212.0,19865.0,16677.0,15902.0,17210.0,17476.0,20238.0,20582.0,21192.0,21792.0,18093.0,19110.0,13971.0,13615.0,13778.0,14379.0,14086.0,14663.0,14678.0,13853.0,13904.0,10272.0,11387.0,11759.0,
MEX.16.73_2,21230854.0,MEX,Purépero,0.0,10224.0,10330.0,10252.0,8743.0,8179.0,7680.0,8611.0,11362.0,11530.0,10528.0,10299.0,7786.0,7852.0,8781.0,9131.0,9601.0,10130.0,10585.0,11458.0,9925.0,9006.0,7722.0,8742.0,8439.0,10546.0,9565.0,9427.0,9200.0,8782.0,8971.0,9546.0,9764.0,9450.0,
MEX.16.74_2,21230855.0,MEX,Puruándiro,0.00163,6216.0,6230.0,6296.0,5893.0,5290.0,6099.0,7498.0,8101.0,8402.0,10498.0,8842.0,7772.0,7174.0,8063.0,8219.0,10190.0,10309.0,9745.0,10062.0,9012.0,9325.0,8015.0,8448.0,8751.0,9115.0,9038.0,8951.0,8701.0,8407.0,8942.0,8233.0,7768.0,7937.0,
MEX.16.75_2,21230856.0,MEX,Queréndaro,0.01206,10711.0,12830.0,13167.0,13654.0,14967.0,13803.0,14260.0,13366.0,12117.0,12388.0,15705.0,13516.0,13427.0,14209.0,14791.0,12526.0,14989.0,14709.0,15326.0,17509.0,17467.0,18706.0,19971.0,18875.0,20474.0,20017.0,22116.0,21422.0,20901.0,24315.0,25972.0,25615.0,26219.0,
MEX.16.76_2,21230857.0,MEX,Quiroga,0.01177,5819.0,5097.0,5096.0,5461.0,6254.0,4680.0,4525.0,5016.0,5543.0,5780.0,5871.0,4530.0,4470.0,4992.0,5002.0,5394.0,7342.0,7343.0,7971.0,7968.0,8438.0,7386.0,8367.0,8723.0,8759.0,8811.0,9314.0,9654.0,9263.0,11492.0,10100.0,9895.0,10098.0,
MEX.16.77_2,21230858.0,MEX,Sahuayo,0.00964,6466.0,6398.0,6568.0,7331.0,8513.0,8308.0,8344.0,9144.0,8941.0,9641.0,9507.0,8469.0,8637.0,9851.0,9795.0,10089.0,10477.0,10604.0,10810.0,10419.0,10694.0,17092.0,17007.0,17166.0,17798.0,17848.0,13327.0,13511.0,13585.0,13646.0,11876.0,12594.0,13801.0,
MEX.16.78_2,21230859.0,MEX,Salvador Escalante,0.02057,6122.0,6553.0,7594.0,6575.0,7119.0,6915.0,6781.0,10845.0,9487.0,8649.0,8111.0,7032.0,6846.0,8180.0,7893.0,10261.0,11852.0,14638.0,17615.0,15771.0,15559.0,15332.0,17858.0,18054.0,18708.0,21348.0,24370.0,23211.0,19273.0,19044.0,15925.0,16318.0,16699.0,
MEX.16.79_2,21230860.0,MEX,San Lucas,0.01121,8054.0,5691.0,5569.0,5110.0,4912.0,5779.0,6850.0,7293.0,6935.0,7555.0,5729.0,5611.0,5364.0,6428.0,9565.0,10996.0,11073.0,12958.0,11926.0,12524.0,8423.0,9594.0,9191.0,10750.0,10776.0,11326.0,10192.0,12279.0,10441.0,8421.0,7473.0,8125.0,8284.0,
MEX.16.80_2,21230861.0,MEX,Santa Ana Maya,0.01142,9505.0,9530.0,9097.0,8959.0,10143.0,9118.0,9183.0,7272.0,8896.0,8040.0,10792.0,9613.0,9339.0,11379.0,11757.0,12918.0,14124.0,12803.0,10724.0,12912.0,12286.0,14403.0,14754.0,12554.0,13944.0,13556.0,16290.0,17953.0,17766.0,16624.0,27203.0,27193.0,18865.0,
MEX.16.81_2,21230862.0,MEX,Senguio,0.01209,4248.0,4472.0,4836.0,4071.0,4581.0,5223.0,6134.0,6388.0,7740.0,6926.0,7103.0,6174.0,6250.0,6013.0,6500.0,8626.0,7674.0,7393.0,6597.0,6734.0,5832.0,7261.0,7989.0,7725.0,8386.0,8077.0,10043.0,11753.0,12233.0,11539.0,13547.0,12587.0,12870.0,
MEX.16.82_2,21230863.0,MEX,Susupuato,0.01481,3455.0,3557.0,3989.0,3819.0,4283.0,4920.0,5959.0,6094.0,7209.0,7523.0,6733.0,5603.0,5153.0,5755.0,5957.0,6798.0,7282.0,7369.0,6811.0,5829.0,5139.0,7117.0,7898.0,7798.0,8290.0,8547.0,9700.0,11205.0,10684.0,11350.0,12609.0,11781.0,12170.0,
MEX.16.83_2,21230864.0,MEX,Tacámbaro,0.00543,7791.0,8308.0,8226.0,7759.0,7679.0,7537.0,7987.0,9058.0,8454.0,9460.0,8878.0,6912.0,7258.0,7317.0,7572.0,12938.0,14802.0,17491.0,19586.0,14756.0,10740.0,8824.0,9097.0,8405.0,10386.0,11913.0,9809.0,8933.0,10065.0,10907.0,9765.0,11431.0,11624.0,
MEX.16.84_2,21230865.0,MEX,Tancítaro,0.00797,4744.0,4974.0,5594.0,5013.0,6064.0,5117.0,6232.0,7756.0,8793.0,8865.0,8293.0,6930.0,6832.0,6802.0,6985.0,10105.0,9105.0,8705.0,8176.0,8074.0,7032.0,6807.0,6208.0,6980.0,7738.0,7269.0,7782.0,9186.0,9112.0,11099.0,12557.0,14165.0,14264.0,
MEX.16.85_2,21230866.0,MEX,Tangamandapio,0.0033,8573.0,8067.0,8367.0,8645.0,9022.0,7859.0,7499.0,7951.0,9911.0,10941.0,11236.0,9581.0,9572.0,9407.0,9588.0,9676.0,10926.0,11845.0,10382.0,11039.0,9580.0,9937.0,10984.0,11547.0,10018.0,10270.0,10248.0,10938.0,10940.0,7690.0,7630.0,7467.0,7629.0,
MEX.16.86_2,21230867.0,MEX,Tangancícuaro,0.01286,4468.0,4653.0,4984.0,4927.0,6009.0,4748.0,5663.0,5647.0,6130.0,6352.0,6880.0,5609.0,5536.0,6265.0,6311.0,6738.0,7931.0,7711.0,8214.0,8303.0,7718.0,8095.0,9586.0,9976.0,9328.0,9623.0,9520.0,9350.0,9033.0,9268.0,12579.0,11588.0,11840.0,
MEX.16.87_2,21230868.0,MEX,Tanhuato,0.00845,8738.0,8356.0,8729.0,7984.0,9057.0,8116.0,11297.0,14195.0,12285.0,14093.0,13879.0,10946.0,10369.0,10621.0,10732.0,17366.0,18927.0,19221.0,17877.0,13468.0,12174.0,11249.0,11347.0,12016.0,12790.0,12500.0,13641.0,15205.0,14979.0,16921.0,16459.0,18279.0,18699.0,
MEX.16.88_2,21230869.0,MEX,Taretan,0.01064,6259.0,6492.0,6735.0,6687.0,7724.0,6686.0,7798.0,8275.0,8439.0,8662.0,8678.0,7784.0,7531.0,7713.0,7837.0,9156.0,8695.0,9082.0,8568.0,8299.0,7655.0,9859.0,11158.0,10654.0,11332.0,11297.0,12395.0,13969.0,13686.0,14995.0,15149.0,15512.0,15109.0,
MEX.16.89_2,21230870.0,MEX,Tarímbaro,0.01182,6399.0,6252.0,4330.0,4454.0,4984.0,4409.0,4818.0,4925.0,4930.0,6147.0,6076.0,5449.0,5407.0,5200.0,5618.0,6476.0,8234.0,9091.0,9761.0,9444.0,10274.0,10146.0,8216.0,8963.0,8438.0,8564.0,9361.0,9142.0,9200.0,8746.0,8655.0,8188.0,8433.0,
MEX.16.90_2,21230871.0,MEX,Tepalcatepec,0.00149,5030.0,5183.0,5342.0,5084.0,5713.0,5191.0,6736.0,8141.0,8192.0,10146.0,8489.0,7341.0,6695.0,7090.0,7467.0,9539.0,9087.0,9312.0,8338.0,7232.0,6949.0,6998.0,6851.0,7162.0,7879.0,7522.0,6877.0,8709.0,7399.0,7267.0,6976.0,7669.0,7693.0,
MEX.16.91_2,21230872.0,MEX,Tingambato,0.00341,7447.0,6955.0,7187.0,7570.0,8057.0,7564.0,7808.0,9342.0,8995.0,9590.0,9065.0,7926.0,8018.0,9030.0,8565.0,10027.0,11020.0,8543.0,8182.0,7834.0,7673.0,8108.0,8621.0,8731.0,9088.0,9314.0,8532.0,10000.0,9997.0,9144.0,9572.0,10397.0,10667.0,
MEX.16.92_2,21230873.0,MEX,Tingüindín,0.00574,8426.0,8195.0,6548.0,6337.0,5990.0,6468.0,7322.0,8834.0,9841.0,9983.0,9424.0,8031.0,8013.0,8105.0,8317.0,11390.0,10023.0,9403.0,7798.0,7533.0,6794.0,8666.0,7864.0,8442.0,9265.0,8823.0,10605.0,10571.0,11809.0,10967.0,11058.0,12030.0,12062.0,
MEX.16.93_2,21230874.0,MEX,Tiquicheo de Nicolás Romero,0.00283,6673.0,6641.0,6447.0,6319.0,6385.0,6419.0,7756.0,8550.0,9491.0,9326.0,8848.0,7800.0,7533.0,7366.0,7506.0,10213.0,9696.0,8588.0,7746.0,7882.0,6570.0,7591.0,7762.0,7474.0,8166.0,7722.0,8520.0,9571.0,9117.0,8637.0,7747.0,8537.0,8590.0,
MEX.16.94_2,21230875.0,MEX,Tlalpujahua,0.00239,7647.0,7820.0,7411.0,7509.0,7771.0,7821.0,8635.0,8068.0,8573.0,10219.0,10059.0,7117.0,6779.0,7419.0,7169.0,7996.0,7960.0,8013.0,8093.0,7331.0,7205.0,7481.0,8746.0,9147.0,9272.0,10467.0,9973.0,8961.0,9363.0,8940.0,8037.0,8835.0,9040.0,
MEX.16.95_2,21230876.0,MEX,Tlazazalca,0.01283,4655.0,4780.0,5007.0,4788.0,6012.0,4836.0,6107.0,8898.0,9473.0,8723.0,7761.0,6299.0,6019.0,6256.0,6435.0,8440.0,8499.0,8881.0,9305.0,7554.0,6406.0,7954.0,8941.0,8962.0,8614.0,9385.0,11323.0,12302.0,11660.0,12254.0,11079.0,12726.0,12868.0,
MEX.16.96_2,21230877.0,MEX,Tocumbo,0.01448,4359.0,4402.0,4529.0,4260.0,5306.0,4536.0,5588.0,6991.0,6851.0,8059.0,7231.0,6129.0,6006.0,6336.0,6552.0,8052.0,7883.0,7492.0,7344.0,7513.0,7163.0,7967.0,8534.0,9301.0,10239.0,9918.0,11255.0,12296.0,12158.0,12777.0,11812.0,12024.0,12312.0,
MEX.16.97_2,21230878.0,MEX,Tumbiscatío,0.00393,7600.0,6742.0,6554.0,6598.0,6818.0,6687.0,7432.0,8001.0,8986.0,8816.0,8374.0,7574.0,7318.0,7191.0,7342.0,9583.0,9104.0,8606.0,7942.0,8050.0,6914.0,8272.0,8506.0,8137.0,8885.0,8458.0,9362.0,10413.0,9934.0,9148.0,7530.0,8113.0,8156.0,
MEX.16.98_2,21230879.0,MEX,Turicato,0.0,5797.0,5912.0,6078.0,5752.0,6663.0,5888.0,7714.0,10998.0,10583.0,12694.0,10466.0,8883.0,8214.0,8961.0,9037.0,12371.0,11868.0,11726.0,11198.0,9430.0,8837.0,9631.0,7179.0,8182.0,9043.0,8161.0,7995.0,9319.0,8664.0,7854.0,7316.0,7871.0,7900.0,
MEX.16.99_2,21230880.0,MEX,Tuxpan,0.01229,6832.0,7001.0,6445.0,6772.0,6947.0,6355.0,7329.0,7854.0,8163.0,8058.0,8325.0,6871.0,6713.0,7529.0,7664.0,8427.0,9253.0,12157.0,12572.0,9738.0,9387.0,8920.0,11755.0,10235.0,10417.0,10440.0,12188.0,16542.0,16477.0,18872.0,17796.0,18258.0,18636.0,
MEX.16.100_2,21230881.0,MEX,Tuzantla,0.01044,5106.0,5162.0,5122.0,5096.0,5630.0,5180.0,5967.0,6392.0,6504.0,7549.0,6983.0,5834.0,5695.0,6070.0,6275.0,7578.0,7975.0,7283.0,6499.0,6622.0,5906.0,7785.0,8196.0,8329.0,8433.0,8583.0,9717.0,10908.0,10346.0,9755.0,9974.0,10496.0,10539.0,
MEX.16.101_2,21230882.0,MEX,Tzintzuntzan,0.00774,8465.0,6733.0,6452.0,6189.0,7294.0,6663.0,7194.0,7457.0,8210.0,8384.0,7871.0,7132.0,7046.0,8748.0,8476.0,10800.0,10038.0,10186.0,10725.0,10457.0,9913.0,9658.0,9760.0,10813.0,11293.0,10986.0,12298.0,11264.0,9540.0,9345.0,8131.0,8347.0,8524.0,
MEX.16.102_2,21230883.0,MEX,Tzitzio,0.01075,5032.0,5034.0,4988.0,4960.0,5422.0,5011.0,6059.0,6794.0,6794.0,7931.0,7544.0,6619.0,6397.0,6689.0,6939.0,8008.0,8353.0,7604.0,7034.0,7129.0,6512.0,7959.0,8335.0,8317.0,8892.0,8465.0,9786.0,10746.0,10671.0,10306.0,10478.0,10958.0,11030.0,
MEX.16.103_2,21230884.0,MEX,Uruapan,0.00802,9012.0,9129.0,9275.0,9749.0,10485.0,9863.0,9081.0,11922.0,11745.0,10511.0,10510.0,8978.0,8894.0,10639.0,10597.0,11158.0,11780.0,11718.0,12197.0,11935.0,11988.0,12900.0,12726.0,13083.0,13335.0,13527.0,15280.0,15498.0,17386.0,17318.0,14515.0,16487.0,17299.0,
MEX.16.104_2,21230885.0,MEX,Venustiano Carranza,0.00496,6308.0,6478.0,6719.0,6921.0,7933.0,6853.0,6697.0,7359.0,7889.0,7626.0,7795.0,6582.0,6669.0,6543.0,6478.0,8688.0,8573.0,9427.0,8597.0,8107.0,7461.0,8646.0,7414.0,7973.0,7783.0,7948.0,8724.0,8986.0,9425.0,9682.0,9559.0,9055.0,9287.0,
MEX.16.105_2,21230886.0,MEX,Villamar,0.00741,6745.0,5745.0,5986.0,6392.0,7139.0,6626.0,7140.0,7450.0,7285.0,7237.0,6855.0,6350.0,6496.0,6792.0,6979.0,7682.0,7314.0,7530.0,7897.0,6298.0,6280.0,7493.0,8347.0,8537.0,8491.0,8259.0,9538.0,10951.0,11202.0,11668.0,10697.0,11794.0,11991.0,
MEX.16.106_2,21230887.0,MEX,Vista Hermosa,0.0,5549.0,5757.0,5955.0,5883.0,6476.0,5999.0,7072.0,9625.0,10539.0,9676.0,7859.0,6721.0,6468.0,6735.0,7077.0,10443.0,12781.0,12047.0,11135.0,8087.0,7796.0,8165.0,8234.0,8121.0,8048.0,7992.0,7754.0,7804.0,7671.0,6894.0,6453.0,7435.0,7570.0,
MEX.16.107_2,21230888.0,MEX,Yurécuaro,0.00375,12206.0,11864.0,12243.0,11658.0,12338.0,11696.0,14119.0,14147.0,12500.0,14743.0,14687.0,12703.0,11976.0,12647.0,12827.0,13999.0,18233.0,17688.0,15537.0,14228.0,13503.0,13002.0,13002.0,11092.0,12243.0,11531.0,14487.0,15411.0,16348.0,18280.0,16109.0,17788.0,18266.0,
MEX.16.108_2,21230889.0,MEX,Zacapu,0.0,10983.0,11704.0,11700.0,10879.0,10228.0,10991.0,13357.0,18832.0,18159.0,19768.0,17364.0,15036.0,14230.0,15189.0,15470.0,19444.0,19537.0,20405.0,20567.0,16701.0,17071.0,13150.0,12989.0,12959.0,15211.0,12882.0,13289.0,13137.0,12339.0,12304.0,11393.0,11626.0,11976.0,
MEX.16.109_2,21230890.0,MEX,Zamora,0.00897,8220.0,7849.0,8180.0,9141.0,11094.0,9934.0,10422.0,11436.0,11332.0,12337.0,12306.0,11074.0,10540.0,12301.0,12289.0,12422.0,12353.0,12048.0,12020.0,12348.0,12876.0,15607.0,14700.0,14656.0,15139.0,15429.0,16041.0,16230.0,15661.0,16240.0,14791.0,15759.0,16219.0,
MEX.16.110_2,21230891.0,MEX,Zináparo,0.00657,8069.0,8964.0,9250.0,9332.0,10595.0,9496.0,11245.0,11826.0,10823.0,12294.0,12786.0,10707.0,10245.0,10670.0,10934.0,11476.0,12614.0,12662.0,11606.0,11118.0,10090.0,12536.0,12220.0,12421.0,12491.0,12194.0,13117.0,14760.0,15007.0,16341.0,16990.0,17493.0,17654.0,
MEX.16.111_2,21230892.0,MEX,Zinapécuaro,0.00674,6209.0,6123.0,6296.0,6693.0,7537.0,5955.0,6140.0,6470.0,7135.0,7247.0,7185.0,6638.0,6340.0,6832.0,6913.0,8636.0,8563.0,8924.0,8034.0,7338.0,7857.0,8341.0,8281.0,8309.0,8887.0,8673.0,8015.0,9176.0,10306.0,10770.0,8574.0,10344.0,10595.0,
MEX.16.112_2,21230893.0,MEX,Ziracuaretiro,0.00412,7744.0,7919.0,8271.0,7971.0,9115.0,8111.0,8496.0,9578.0,9593.0,9170.0,9146.0,8302.0,7839.0,8023.0,8200.0,9834.0,10232.0,10210.0,10490.0,10269.0,10190.0,10685.0,9898.0,10151.0,9043.0,9036.0,9965.0,11175.0,10596.0,11102.0,9967.0,11059.0,11329.0,
MEX.16.113_2,21230894.0,MEX,Zitácuaro,0.01445,6280.0,5926.0,5504.0,5652.0,5646.0,6037.0,7272.0,7527.0,6854.0,7679.0,7862.0,7336.0,6420.0,9139.0,9107.0,9840.0,8444.0,9562.0,9994.0,9327.0,9420.0,9306.0,10733.0,9243.0,10836.0,12161.0,12777.0,12915.0,15401.0,17473.0,16267.0,16941.0,17428.0,
MEX.17.1_2,21230895.0,MEX,Amacuzac,0.00703,12693.0,12169.0,12354.0,16333.0,14775.0,11668.0,12797.0,12425.0,11845.0,14538.0,16133.0,15691.0,17048.0,16866.0,16324.0,19342.0,17834.0,18052.0,16763.0,17506.0,18902.0,17413.0,17062.0,18377.0,18126.0,17972.0,22891.0,24181.0,23132.0,23535.0,19429.0,20738.0,21467.0,
MEX.17.2_2,21230896.0,MEX,Atlatlahucan,0.0,15302.0,15851.0,15818.0,16247.0,16247.0,16772.0,14945.0,15748.0,15613.0,15090.0,15955.0,16209.0,14722.0,18058.0,16102.0,20283.0,18542.0,17619.0,17666.0,17486.0,17415.0,15959.0,16427.0,18295.0,18240.0,17087.0,15926.0,15621.0,13513.0,12860.0,11773.0,11991.0,13258.0,
MEX.17.3_2,21230897.0,MEX,Axochiapan,0.00759,9976.0,9895.0,10322.0,10249.0,10244.0,7842.0,8176.0,9493.0,10118.0,11519.0,13700.0,11264.0,11977.0,11610.0,11395.0,13231.0,12486.0,12695.0,12287.0,13104.0,13343.0,12266.0,12261.0,12892.0,12136.0,13238.0,19599.0,22773.0,22125.0,20876.0,20362.0,21608.0,22231.0,
MEX.17.4_2,21230898.0,MEX,Ayala,-0.00277,16131.0,16599.0,16709.0,16986.0,16585.0,15072.0,14935.0,15147.0,15945.0,16660.0,17079.0,16693.0,16284.0,15961.0,15323.0,17679.0,15380.0,16100.0,15032.0,14894.0,13146.0,15353.0,15585.0,15423.0,15376.0,14931.0,15216.0,12771.0,12142.0,12018.0,11400.0,11943.0,12536.0,
MEX.17.5_2,21230899.0,MEX,Coatlán del Río,0.00622,11780.0,12103.0,11864.0,14176.0,12805.0,9691.0,9877.0,10201.0,11043.0,12424.0,14388.0,14333.0,14065.0,14241.0,13920.0,15511.0,14799.0,15046.0,14576.0,14403.0,14914.0,14275.0,14082.0,14972.0,14639.0,14895.0,22234.0,24708.0,24115.0,23901.0,21915.0,23315.0,23976.0,
MEX.17.6_2,21230900.0,MEX,Cuautla,-0.00593,20356.0,21130.0,22060.0,22224.0,20894.0,18821.0,18626.0,18990.0,27603.0,28500.0,29775.0,28330.0,16595.0,15805.0,15896.0,17730.0,17045.0,16776.0,16448.0,15832.0,16642.0,15616.0,15055.0,15099.0,14921.0,15128.0,15812.0,18267.0,17547.0,17110.0,13203.0,13840.0,14318.0,
MEX.17.7_2,21230901.0,MEX,Cuernavaca,-0.0051,17748.0,18266.0,18936.0,18959.0,18470.0,17461.0,17264.0,19774.0,20120.0,19979.0,20267.0,20495.0,20160.0,27966.0,27153.0,18242.0,17489.0,16758.0,16672.0,15383.0,16469.0,15728.0,15074.0,15099.0,15060.0,16534.0,17470.0,15098.0,15107.0,14620.0,13203.0,13840.0,14318.0,
MEX.17.8_2,21230902.0,MEX,Emiliano Zapata,-0.00339,15106.0,14833.0,14540.0,14093.0,15450.0,12964.0,15806.0,15845.0,16224.0,17106.0,18849.0,18157.0,18706.0,16296.0,16058.0,19137.0,19137.0,16264.0,16220.0,15834.0,16197.0,15426.0,14846.0,14650.0,14411.0,15030.0,14976.0,15871.0,14546.0,13804.0,13052.0,13862.0,14171.0,
MEX.17.9_2,21230903.0,MEX,Huitzilac,0.00131,13992.0,14064.0,14255.0,13993.0,13754.0,11108.0,13190.0,15666.0,16918.0,17584.0,18114.0,13585.0,12993.0,12633.0,12546.0,14179.0,13652.0,13966.0,13057.0,15356.0,13670.0,13829.0,14286.0,14620.0,14977.0,13333.0,19678.0,23624.0,22360.0,17631.0,13700.0,14737.0,15291.0,
MEX.17.10_2,21230904.0,MEX,Jantetelco,-0.0034,14152.0,16609.0,16831.0,16089.0,15864.0,13016.0,16403.0,17224.0,16061.0,18315.0,18374.0,18257.0,12923.0,11885.0,12962.0,15205.0,15674.0,14412.0,13625.0,14748.0,14461.0,13303.0,14535.0,15596.0,16082.0,15746.0,17531.0,13256.0,12925.0,11801.0,10762.0,10255.0,10318.0,
MEX.17.11_2,21230905.0,MEX,Jiutepec,-0.00269,14886.0,14958.0,14957.0,14528.0,14560.0,12116.0,14890.0,14192.0,16224.0,16867.0,18849.0,18157.0,18706.0,16296.0,16574.0,19137.0,19137.0,18127.0,16220.0,15834.0,16197.0,15426.0,14846.0,15444.0,15274.0,15813.0,15478.0,15871.0,15060.0,13804.0,13052.0,13622.0,14171.0,
MEX.17.12_2,21230906.0,MEX,Jojutla,-0.00936,18539.0,19345.0,20227.0,21186.0,19848.0,15737.0,14013.0,14732.0,14950.0,16197.0,16085.0,15189.0,13212.0,11920.0,12451.0,13862.0,12081.0,12244.0,10859.0,8994.0,11256.0,8993.0,10320.0,11911.0,11003.0,10501.0,9874.0,10852.0,10470.0,10987.0,10239.0,10803.0,11194.0,
MEX.17.13_2,21230907.0,MEX,Jonacatepec,0.00137,12531.0,13167.0,13757.0,13943.0,14141.0,9946.0,9774.0,8359.0,7903.0,9026.0,10950.0,13099.0,14319.0,15070.0,12819.0,16144.0,16764.0,15758.0,13578.0,14882.0,15074.0,14160.0,12546.0,14248.0,14113.0,14566.0,15284.0,14117.0,13999.0,13516.0,12384.0,13115.0,13466.0,
MEX.17.14_2,21230908.0,MEX,Mazatepec,0.00402,11525.0,11519.0,11906.0,11584.0,13331.0,11287.0,12673.0,10237.0,10328.0,11122.0,12846.0,15967.0,14120.0,15486.0,12833.0,15800.0,13798.0,13916.0,12913.0,14906.0,14721.0,16044.0,12424.0,14799.0,14463.0,13987.0,14779.0,19295.0,18322.0,14102.0,11325.0,12153.0,14104.0,
MEX.17.15_2,21230909.0,MEX,Miacatlán,0.00076,11976.0,12719.0,14379.0,15036.0,14575.0,11728.0,13725.0,10390.0,9977.0,11614.0,14057.0,15302.0,14751.0,15693.0,14374.0,17656.0,14915.0,14899.0,13545.0,14001.0,14550.0,12924.0,13260.0,13862.0,11742.0,11813.0,15999.0,18077.0,17587.0,14730.0,13504.0,14562.0,15107.0,
MEX.17.16_2,21230910.0,MEX,Ocuituco,0.00367,12389.0,12538.0,12638.0,12413.0,12676.0,9159.0,11387.0,10145.0,10038.0,11975.0,13068.0,15562.0,13088.0,14122.0,13328.0,13693.0,12811.0,12453.0,11867.0,13025.0,13577.0,12901.0,11800.0,13242.0,12865.0,14028.0,22043.0,24147.0,23869.0,24154.0,21933.0,23559.0,24162.0,
MEX.17.17_2,21230911.0,MEX,Puente de Ixtla,-0.00478,11315.0,10931.0,11344.0,11238.0,11600.0,12915.0,13522.0,13927.0,14429.0,11989.0,8428.0,8122.0,9281.0,9411.0,8046.0,10389.0,9431.0,10486.0,10236.0,9739.0,10646.0,9314.0,8330.0,9528.0,9151.0,7976.0,7747.0,8843.0,8441.0,7772.0,8417.0,8907.0,9315.0,
MEX.17.18_2,21230912.0,MEX,Temixco,-0.00145,16245.0,16434.0,16622.0,17138.0,16828.0,16231.0,16022.0,16180.0,16045.0,16318.0,18393.0,18122.0,18192.0,16971.0,16599.0,18953.0,18599.0,17925.0,17120.0,17429.0,16442.0,17146.0,15808.0,16230.0,16637.0,16902.0,15212.0,17606.0,16049.0,15393.0,14549.0,15155.0,15665.0,
MEX.17.19_2,21230913.0,MEX,Temoac,0.0,13112.0,13454.0,14063.0,14299.0,14506.0,10529.0,9679.0,8661.0,8218.0,8879.0,10619.0,12925.0,14300.0,14910.0,12793.0,15815.0,16051.0,13906.0,13181.0,15055.0,15055.0,12866.0,7767.0,9323.0,9139.0,10444.0,12302.0,13695.0,13817.0,13602.0,12457.0,13267.0,13563.0,
MEX.17.20_2,21230914.0,MEX,Tepalcingo,0.00868,11455.0,11641.0,12277.0,11846.0,12066.0,9225.0,9834.0,9363.0,9552.0,11390.0,12934.0,12505.0,12825.0,12937.0,11845.0,14231.0,14008.0,13959.0,13500.0,14011.0,15195.0,13354.0,11483.0,11912.0,11557.0,12811.0,20407.0,23607.0,22114.0,22305.0,21661.0,22913.0,23601.0,
MEX.17.21_2,21230915.0,MEX,Tepoztlán,0.0,15466.0,15389.0,14323.0,15021.0,14476.0,11936.0,10854.0,10809.0,11505.0,11458.0,11394.0,13367.0,12767.0,14057.0,13459.0,16438.0,15246.0,16364.0,15497.0,14205.0,12816.0,14179.0,16693.0,17109.0,17153.0,16529.0,12837.0,11946.0,11129.0,11753.0,10285.0,11745.0,12133.0,
MEX.17.22_2,21230916.0,MEX,Tetecala,0.0084,11230.0,10211.0,10630.0,10384.0,10119.0,7016.0,8630.0,8295.0,8955.0,9264.0,10937.0,13154.0,12074.0,11734.0,11038.0,13054.0,13194.0,13172.0,12893.0,11732.0,13260.0,12328.0,12723.0,13897.0,13204.0,13044.0,14794.0,19145.0,18191.0,17130.0,21371.0,21243.0,17606.0,
MEX.17.23_2,21230917.0,MEX,Tetela del Volcán,0.0,12405.0,12853.0,12857.0,12559.0,11879.0,10488.0,10760.0,10168.0,9565.0,11297.0,12781.0,14340.0,13048.0,11233.0,11382.0,11834.0,11827.0,11835.0,10536.0,11044.0,11822.0,10812.0,10577.0,10788.0,9724.0,9958.0,14617.0,17403.0,16248.0,15842.0,15324.0,15585.0,15981.0,
MEX.17.24_2,21230918.0,MEX,Tlalnepantla,0.00838,15820.0,15833.0,14689.0,15892.0,14878.0,10671.0,10137.0,10066.0,9874.0,10887.0,12566.0,12758.0,13777.0,12190.0,10811.0,13781.0,14004.0,12650.0,13475.0,15230.0,15451.0,15075.0,13524.0,14203.0,14605.0,13909.0,22267.0,24083.0,21202.0,21036.0,18086.0,19482.0,20221.0,
MEX.17.25_2,21230919.0,MEX,Tlaltizapán de Zapata,-0.00331,13441.0,13247.0,13595.0,13511.0,13954.0,9960.0,10055.0,10624.0,9967.0,11588.0,11638.0,10483.0,9565.0,9149.0,9336.0,8957.0,9657.0,8568.0,8671.0,9811.0,10856.0,9639.0,8014.0,9327.0,9416.0,9542.0,12647.0,12710.0,13128.0,13120.0,8661.0,9152.0,9590.0,
MEX.17.26_2,21230920.0,MEX,Tlaquiltenango,0.0,14388.0,14494.0,14349.0,14632.0,15061.0,10897.0,10302.0,10021.0,11661.0,11755.0,12299.0,12422.0,12635.0,12743.0,11659.0,13265.0,13530.0,13193.0,12006.0,13750.0,14692.0,13983.0,12578.0,12573.0,11859.0,13333.0,12339.0,15851.0,13935.0,12417.0,11139.0,11658.0,12029.0,
MEX.17.27_2,21230921.0,MEX,Tlayacapan,0.00272,14716.0,17844.0,16398.0,16386.0,16666.0,15496.0,14672.0,14019.0,14975.0,13549.0,13581.0,16652.0,17357.0,16709.0,16750.0,18532.0,16726.0,17933.0,17418.0,18711.0,18584.0,19263.0,16699.0,19162.0,18679.0,18483.0,19134.0,15444.0,16597.0,17538.0,14564.0,15910.0,16411.0,
MEX.17.28_2,21230922.0,MEX,Totolapan,0.00336,13784.0,14869.0,15809.0,14797.0,14704.0,13309.0,13164.0,12767.0,10465.0,11211.0,13904.0,13108.0,12087.0,14460.0,14448.0,17538.0,13226.0,13929.0,12528.0,14820.0,16488.0,15244.0,12127.0,13382.0,13346.0,15041.0,18060.0,17541.0,16837.0,16524.0,15578.0,16884.0,17047.0,
MEX.17.29_2,21230923.0,MEX,Xochitepec,0.00073,15460.0,15729.0,16627.0,17621.0,17534.0,14845.0,14672.0,14743.0,15196.0,15462.0,14444.0,16289.0,16221.0,15370.0,15114.0,17848.0,16764.0,16812.0,15995.0,16895.0,17237.0,16807.0,16269.0,16172.0,16226.0,15523.0,16319.0,16838.0,16550.0,16443.0,15506.0,16262.0,16760.0,
MEX.17.30_2,21230924.0,MEX,Yautepec,-0.00292,15486.0,15623.0,16218.0,16647.0,16228.0,15549.0,14597.0,16095.0,14607.0,14023.0,12307.0,13889.0,13532.0,13787.0,13129.0,15194.0,12891.0,14053.0,13761.0,11804.0,11815.0,11712.0,14720.0,14654.0,14706.0,13675.0,11815.0,13053.0,13842.0,14474.0,12808.0,13553.0,14011.0,
MEX.17.31_2,21230925.0,MEX,Yecapixtla,0.0,18846.0,19383.0,17072.0,16943.0,16872.0,12790.0,13716.0,13079.0,13467.0,14332.0,14599.0,14257.0,14246.0,14453.0,14301.0,16831.0,16931.0,16502.0,16467.0,15820.0,16699.0,14748.0,14581.0,16870.0,17055.0,16552.0,14743.0,12927.0,13298.0,15761.0,13093.0,14008.0,14395.0,
MEX.17.32_2,21230926.0,MEX,Zacatepec,-0.00168,14758.0,15406.0,16756.0,16653.0,15056.0,11900.0,12423.0,13179.0,15473.0,16818.0,16351.0,18571.0,16122.0,17066.0,17261.0,14597.0,11329.0,16573.0,14966.0,13793.0,14545.0,12546.0,14872.0,14658.0,13474.0,11909.0,13071.0,14018.0,14032.0,15015.0,14811.0,14814.0,15302.0,
MEX.17.33_2,21230927.0,MEX,Zacualpan,0.00757,12264.0,13433.0,13773.0,14810.0,14991.0,12337.0,11006.0,10123.0,9533.0,10428.0,11767.0,13750.0,13888.0,14824.0,13704.0,16240.0,14955.0,15768.0,14931.0,14660.0,14688.0,14247.0,13629.0,15339.0,14989.0,14856.0,22893.0,25738.0,21971.0,22156.0,20296.0,21599.0,22348.0,
MEX.18.1_2,21230928.0,MEX,Acaponeta,0.01361,4800.0,6281.0,6868.0,6564.0,6546.0,5232.0,5797.0,5387.0,5762.0,6354.0,6303.0,6609.0,6971.0,9889.0,11483.0,10551.0,9167.0,10786.0,12452.0,11376.0,12722.0,14855.0,13742.0,13456.0,10160.0,9502.0,9439.0,7929.0,7226.0,8215.0,8967.0,9171.0,9624.0,
MEX.18.2_2,21230929.0,MEX,Ahuacatlán,0.00539,6546.0,7058.0,7479.0,7845.0,8681.0,7013.0,7475.0,7525.0,7551.0,7689.0,7658.0,6921.0,6733.0,10591.0,11235.0,10763.0,11537.0,10964.0,10960.0,9879.0,11016.0,10513.0,9350.0,10530.0,10332.0,8453.0,11676.0,11424.0,10309.0,9733.0,10079.0,10381.0,10672.0,
MEX.18.3_2,21230930.0,MEX,Amatlán de Cañas,0.0075,6837.0,7653.0,7713.0,7266.0,7554.0,6376.0,6322.0,6631.0,6863.0,6743.0,6820.0,7024.0,6676.0,9881.0,10999.0,11358.0,11166.0,11301.0,10461.0,10018.0,10964.0,11396.0,10444.0,9895.0,10474.0,10742.0,10570.0,11200.0,10774.0,10948.0,11798.0,12103.0,12587.0,
MEX.18.4_2,21230931.0,MEX,Bahía de Banderas,0.02395,6174.0,6008.0,6894.0,6525.0,6853.0,6041.0,5407.0,6246.0,6697.0,7818.0,8348.0,8545.0,8140.0,11594.0,14506.0,14688.0,14469.0,16739.0,19563.0,21204.0,21686.0,21526.0,18037.0,19823.0,17882.0,17699.0,18490.0,20828.0,20941.0,20485.0,20494.0,21358.0,22056.0,
MEX.18.5_2,21230932.0,MEX,Compostela,0.00479,5773.0,7136.0,7249.0,7233.0,7167.0,6664.0,6950.0,6465.0,6137.0,6256.0,6231.0,6531.0,6373.0,8790.0,10119.0,8777.0,8475.0,9088.0,9211.0,9667.0,9606.0,9640.0,9221.0,9050.0,8498.0,7157.0,8756.0,9035.0,8248.0,8223.0,8440.0,8688.0,9220.0,
MEX.18.6_2,21230933.0,MEX,Del Nayar,0.00576,6800.0,8143.0,7916.0,7885.0,8575.0,8017.0,8185.0,8427.0,7825.0,8008.0,8063.0,8176.0,7561.0,10039.0,11834.0,12632.0,12132.0,10980.0,10331.0,10742.0,10748.0,10540.0,11280.0,10888.0,11302.0,10835.0,11940.0,10917.0,10498.0,10019.0,10683.0,10987.0,11330.0,
MEX.18.7_2,21230934.0,MEX,Huajicori,0.00634,6800.0,8143.0,7916.0,7885.0,8575.0,8017.0,8185.0,8427.0,7825.0,8008.0,8063.0,8176.0,7561.0,10039.0,11834.0,12289.0,12132.0,10929.0,10221.0,10081.0,10598.0,10540.0,11280.0,10888.0,11269.0,10804.0,11940.0,10752.0,11145.0,10895.0,11654.0,11986.0,12275.0,
MEX.18.8_2,21230935.0,MEX,Ixtlán del Río,0.01402,7636.0,7984.0,7486.0,7416.0,7520.0,5671.0,6731.0,6604.0,6383.0,6994.0,6985.0,7714.0,7136.0,11856.0,15012.0,11769.0,13583.0,14497.0,16388.0,14804.0,16521.0,17683.0,18093.0,19463.0,14584.0,14935.0,13266.0,12235.0,11157.0,12243.0,12041.0,12723.0,13119.0,
MEX.18.9_2,21230936.0,MEX,Jala,0.00576,6635.0,7136.0,7371.0,6736.0,7402.0,5656.0,5885.0,5996.0,6256.0,6243.0,5815.0,5858.0,5714.0,7878.0,9109.0,9461.0,9504.0,8969.0,8601.0,9208.0,9045.0,9143.0,9296.0,10046.0,9092.0,8531.0,9034.0,9337.0,8604.0,7943.0,9924.0,10034.0,10375.0,
MEX.18.10_2,21230937.0,MEX,La Yesca,0.00291,7713.0,9346.0,9285.0,9078.0,10058.0,9112.0,9503.0,9802.0,9432.0,9312.0,9361.0,9505.0,8755.0,11368.0,12979.0,12744.0,12871.0,11644.0,10747.0,10782.0,9264.0,8209.0,9175.0,9070.0,10186.0,11064.0,10392.0,9741.0,11619.0,11444.0,12116.0,12430.0,12733.0,
MEX.18.11_2,21230938.0,MEX,Rosamorada,0.00372,6224.0,7651.0,7686.0,7157.0,6992.0,6063.0,6261.0,6337.0,7078.0,6946.0,6918.0,7020.0,6837.0,9268.0,11041.0,9929.0,9642.0,9002.0,8860.0,9934.0,9175.0,9063.0,9535.0,9461.0,8092.0,7238.0,8237.0,7913.0,7674.0,9408.0,8102.0,8706.0,9144.0,
MEX.18.12_2,21230939.0,MEX,Ruíz,0.0061,6419.0,7483.0,7681.0,6633.0,7358.0,5621.0,5201.0,5451.0,5725.0,5553.0,5530.0,5483.0,5367.0,9170.0,9247.0,8954.0,10430.0,10476.0,11067.0,9011.0,9973.0,9004.0,9221.0,9198.0,9218.0,8692.0,10463.0,9691.0,8384.0,8584.0,10626.0,10972.0,9508.0,
MEX.18.13_2,21230940.0,MEX,San Blas,0.00414,6843.0,7926.0,7723.0,7387.0,7580.0,5742.0,5546.0,5468.0,5535.0,5689.0,5665.0,5622.0,5501.0,9338.0,10161.0,9183.0,9512.0,9112.0,8698.0,9080.0,9268.0,8756.0,8864.0,8573.0,7975.0,7230.0,9187.0,9382.0,9872.0,10067.0,9388.0,9674.0,10022.0,
MEX.18.14_2,21230941.0,MEX,San Pedro Lagunillas,0.00627,6246.0,6405.0,6022.0,5929.0,7095.0,5186.0,4503.0,4499.0,4603.0,5024.0,5004.0,4534.0,4835.0,8907.0,9269.0,7771.0,9487.0,9092.0,7974.0,8652.0,9033.0,9316.0,7778.0,7862.0,7864.0,7446.0,8983.0,10064.0,8385.0,8366.0,8935.0,9208.0,9478.0,
MEX.18.15_2,21230942.0,MEX,Santa María del Oro,0.0054,6152.0,6309.0,6042.0,6504.0,7852.0,5925.0,5604.0,5620.0,5536.0,6219.0,5894.0,5602.0,5331.0,8139.0,9273.0,10059.0,9741.0,8053.0,6504.0,7081.0,7550.0,6679.0,5730.0,6751.0,7198.0,6524.0,8080.0,8666.0,8344.0,8990.0,9597.0,9746.0,10035.0,
MEX.18.16_2,21230943.0,MEX,Santiago Ixcuintla,0.00902,5407.0,6516.0,6129.0,5665.0,6170.0,4717.0,4665.0,5020.0,5191.0,5034.0,5013.0,4838.0,4519.0,5891.0,7291.0,7961.0,7753.0,6875.0,8793.0,8782.0,8100.0,8743.0,9342.0,8218.0,7263.0,6809.0,8518.0,7989.0,9450.0,8023.0,7855.0,8113.0,8450.0,
MEX.18.17_2,21230944.0,MEX,Tecuala,0.01038,4208.0,5867.0,5741.0,5655.0,5801.0,4909.0,5352.0,5169.0,5331.0,5928.0,5604.0,5890.0,5742.0,8269.0,9544.0,10362.0,9903.0,11544.0,13186.0,11378.0,10043.0,10754.0,10403.0,10010.0,9705.0,8942.0,10242.0,9231.0,8643.0,10013.0,10065.0,10816.0,11315.0,
MEX.18.18_2,21230945.0,MEX,Tepic,0.00322,16830.0,15953.0,16424.0,15990.0,15449.0,14541.0,14946.0,14985.0,16726.0,16979.0,16909.0,17376.0,17089.0,16394.0,16905.0,17950.0,17694.0,18040.0,18609.0,16071.0,16967.0,16337.0,16225.0,16516.0,18953.0,21234.0,20623.0,20678.0,20236.0,20219.0,17242.0,18396.0,18886.0,
MEX.18.19_2,21230946.0,MEX,Tuxpan,0.00993,6608.0,7593.0,7817.0,7075.0,7378.0,6271.0,6301.0,6499.0,6877.0,6860.0,6888.0,6949.0,6728.0,8949.0,11975.0,10459.0,10971.0,12101.0,17772.0,14851.0,12798.0,15983.0,18933.0,17953.0,12137.0,11099.0,11360.0,10534.0,9447.0,9932.0,10144.0,10289.0,10445.0,
MEX.18.20_2,21230947.0,MEX,Xalisco,-0.00374,17678.0,16873.0,17194.0,20913.0,21367.0,19128.0,19646.0,19770.0,21084.0,21151.0,21065.0,21629.0,21101.0,22125.0,23602.0,24186.0,23195.0,17696.0,17314.0,14930.0,15760.0,15097.0,12928.0,13115.0,15499.0,16756.0,17104.0,17108.0,16814.0,16770.0,14653.0,15729.0,16545.0,
MEX.19.1_2,21230948.0,MEX,Abasolo,0.0033,41360.0,42014.0,42995.0,48068.0,49808.0,44918.0,48909.0,51499.0,56281.0,60984.0,61795.0,61874.0,62565.0,59443.0,64133.0,62388.0,68223.0,68111.0,65196.0,63173.0,66870.0,63283.0,62379.0,64660.0,64202.0,67944.0,67226.0,66441.0,68607.0,68446.0,58810.0,61174.0,63259.0,
MEX.19.2_2,21230949.0,MEX,Agualeguas,0.00509,38884.0,37246.0,36794.0,42539.0,43443.0,40628.0,42366.0,44719.0,49150.0,50613.0,50635.0,51232.0,51750.0,51108.0,53064.0,51732.0,56712.0,57041.0,54769.0,52791.0,57223.0,56939.0,53362.0,58696.0,58296.0,64373.0,60582.0,59516.0,61091.0,61323.0,53238.0,55899.0,57788.0,
MEX.19.3_2,21230950.0,MEX,Allende,-0.00175,44011.0,49497.0,51645.0,49420.0,50850.0,45884.0,48495.0,51914.0,56113.0,56326.0,56270.0,57208.0,59566.0,60110.0,45075.0,39548.0,44706.0,42508.0,40723.0,39385.0,41425.0,41318.0,39905.0,41288.0,40926.0,44500.0,49901.0,48737.0,52190.0,53929.0,48173.0,50672.0,52415.0,
MEX.19.4_2,21230951.0,MEX,Anáhuac,0.00559,37579.0,36725.0,38365.0,42764.0,44073.0,39763.0,42741.0,46149.0,50724.0,52353.0,52016.0,53514.0,54339.0,53820.0,57270.0,53070.0,57975.0,58382.0,55734.0,54241.0,56528.0,56620.0,55986.0,58961.0,59472.0,63852.0,63381.0,62040.0,65064.0,65148.0,56573.0,58995.0,60821.0,
MEX.19.5_2,21230952.0,MEX,Apodaca,0.0054,24847.0,24718.0,25002.0,25275.0,27094.0,24691.0,25128.0,27276.0,28390.0,30911.0,32844.0,30421.0,30105.0,29576.0,33816.0,34606.0,34538.0,38750.0,36480.0,30917.0,31547.0,29367.0,30317.0,30978.0,30888.0,33602.0,33561.0,36795.0,37644.0,37806.0,31024.0,32897.0,33929.0,
MEX.19.6_2,21230953.0,MEX,Aramberri,0.00391,47353.0,50873.0,44988.0,50321.0,50484.0,49737.0,49257.0,51286.0,49608.0,53066.0,48762.0,53767.0,52726.0,51977.0,53898.0,51723.0,59550.0,59937.0,55810.0,55414.0,58106.0,57693.0,57132.0,59590.0,58757.0,65146.0,64627.0,63464.0,61498.0,61736.0,53011.0,55880.0,57776.0,
MEX.19.7_2,21230954.0,MEX,Bustamante,0.00533,39759.0,39243.0,38986.0,43776.0,44227.0,41674.0,43490.0,45595.0,49845.0,52412.0,48297.0,53089.0,52538.0,51726.0,53638.0,51210.0,58698.0,59057.0,55504.0,54650.0,57362.0,56939.0,53362.0,58839.0,58441.0,64527.0,63764.0,59270.0,60835.0,61205.0,52740.0,55379.0,57170.0,
MEX.19.8_2,21230955.0,MEX,Cadereyta Jiménez,0.0,26019.0,26349.0,26416.0,30758.0,32198.0,29572.0,30794.0,33465.0,36054.0,34731.0,35537.0,37240.0,39094.0,37135.0,39360.0,36071.0,40522.0,39780.0,38622.0,36259.0,28999.0,29381.0,26960.0,28499.0,31816.0,31648.0,30939.0,28024.0,31556.0,33909.0,29706.0,31972.0,33180.0,
MEX.19.9_2,21230956.0,MEX,Cerralvo,0.00513,37768.0,36928.0,36730.0,41619.0,43230.0,39773.0,41482.0,44483.0,48969.0,50378.0,50172.0,51160.0,51727.0,50934.0,53016.0,51794.0,56587.0,56851.0,54658.0,52677.0,54704.0,54989.0,53978.0,56710.0,57915.0,61557.0,60217.0,59379.0,60947.0,61120.0,54261.0,57277.0,59093.0,
MEX.19.10_2,21230957.0,MEX,China,0.0053,37857.0,40546.0,36895.0,42196.0,43899.0,40270.0,41899.0,45019.0,49157.0,51630.0,51571.0,52442.0,52366.0,51562.0,53779.0,52918.0,58113.0,58326.0,56094.0,54049.0,55953.0,56172.0,55568.0,58183.0,58809.0,62956.0,61603.0,61088.0,62286.0,62412.0,54534.0,57230.0,59390.0,
MEX.19.11_2,21230958.0,MEX,Ciénega de Flores,0.00256,25493.0,25769.0,25417.0,29196.0,30475.0,27341.0,29210.0,31548.0,34166.0,36240.0,36336.0,38055.0,37884.0,36173.0,38372.0,37408.0,41615.0,42160.0,41299.0,37138.0,36397.0,37879.0,37448.0,38433.0,39722.0,40728.0,29812.0,30778.0,35439.0,35291.0,32075.0,33187.0,34846.0,
MEX.19.12_2,21230959.0,MEX,Doctor Arroyo,0.00515,38172.0,40885.0,37052.0,42075.0,43684.0,40190.0,41904.0,44940.0,48988.0,51078.0,51310.0,51884.0,52165.0,51386.0,53573.0,52550.0,57443.0,57842.0,55497.0,53475.0,55293.0,55513.0,54192.0,57512.0,57984.0,61811.0,60471.0,60035.0,61206.0,62524.0,54271.0,57289.0,59172.0,
MEX.19.13_2,21230960.0,MEX,Doctor Coss,0.00555,38172.0,40885.0,37052.0,42075.0,43684.0,40083.0,40154.0,43022.0,48829.0,51206.0,51310.0,51884.0,52240.0,51386.0,53484.0,52631.0,57249.0,57849.0,53818.0,53475.0,55293.0,55527.0,54875.0,57317.0,58431.0,62286.0,60935.0,60369.0,62101.0,61733.0,54336.0,57357.0,59242.0,
MEX.19.14_2,21230961.0,MEX,Doctor González,0.00505,40918.0,41068.0,40656.0,46003.0,47546.0,43378.0,45523.0,49268.0,53886.0,56238.0,57214.0,57274.0,57463.0,55973.0,58742.0,57581.0,62547.0,63457.0,61232.0,58367.0,60415.0,60784.0,59913.0,63047.0,63711.0,68469.0,66751.0,65495.0,67004.0,67457.0,59264.0,62348.0,64494.0,
MEX.19.15_2,21230962.0,MEX,El Carmen,0.00649,26100.0,26546.0,26157.0,30622.0,31897.0,28939.0,30901.0,32698.0,35708.0,37578.0,37971.0,38529.0,42847.0,41193.0,43791.0,44611.0,49538.0,46976.0,45824.0,43650.0,46341.0,46670.0,43215.0,44200.0,45687.0,48949.0,47746.0,47069.0,48649.0,49112.0,41891.0,44616.0,46166.0,
MEX.19.16_2,21230963.0,MEX,Galeana,0.00561,37566.0,36527.0,36073.0,40871.0,42452.0,39057.0,41016.0,44014.0,48007.0,49681.0,50503.0,50386.0,51020.0,49921.0,51894.0,51771.0,55662.0,56036.0,53874.0,51813.0,54532.0,54880.0,53870.0,55855.0,56723.0,60699.0,60109.0,60036.0,61625.0,61893.0,53040.0,55940.0,57831.0,
MEX.19.17_2,21230964.0,MEX,García,-0.00133,26686.0,25331.0,25649.0,30136.0,31489.0,28075.0,22707.0,24351.0,26194.0,28032.0,29386.0,28064.0,24815.0,28378.0,30179.0,28924.0,20211.0,17563.0,25607.0,25512.0,21584.0,21797.0,19702.0,19966.0,26675.0,24680.0,25153.0,26386.0,27095.0,26500.0,23682.0,24846.0,25762.0,
MEX.19.18_2,21230965.0,MEX,General Bravo,0.00508,44640.0,47836.0,44143.0,49470.0,50900.0,46657.0,49051.0,52862.0,57697.0,60528.0,60395.0,61310.0,61467.0,60046.0,62426.0,61403.0,67423.0,68331.0,65732.0,62794.0,64952.0,65205.0,64431.0,67514.0,68855.0,73318.0,71498.0,70689.0,70930.0,71053.0,62353.0,65727.0,67961.0,
MEX.19.19_2,21230966.0,MEX,General Escobedo,0.00413,27121.0,27855.0,27952.0,28226.0,29346.0,26916.0,28091.0,30270.0,30969.0,32299.0,33708.0,32468.0,32798.0,32190.0,33524.0,33837.0,34697.0,35549.0,34608.0,32393.0,33249.0,33386.0,35580.0,33316.0,34251.0,36817.0,35809.0,37609.0,38560.0,38723.0,32168.0,34154.0,35259.0,
MEX.19.20_2,21230967.0,MEX,General Terán,0.00591,38816.0,41577.0,37861.0,43187.0,44646.0,40957.0,42900.0,46131.0,50291.0,52512.0,52815.0,53333.0,53591.0,52422.0,54671.0,53857.0,58986.0,59318.0,57047.0,54575.0,56713.0,56949.0,56032.0,59058.0,59814.0,64026.0,62454.0,61999.0,63221.0,71283.0,61743.0,65202.0,67418.0,
MEX.19.21_2,21230968.0,MEX,General Treviño,0.0057,38561.0,36899.0,36597.0,42143.0,42836.0,40254.0,41972.0,44084.0,48455.0,49907.0,49910.0,51232.0,51750.0,51108.0,53064.0,51732.0,56712.0,58913.0,55366.0,54518.0,57223.0,56939.0,53362.0,58696.0,58296.0,64373.0,63640.0,59516.0,61091.0,61323.0,53238.0,55899.0,57788.0,
MEX.19.22_2,21230969.0,MEX,General Zaragoza,0.00391,47353.0,50873.0,44988.0,50321.0,50484.0,49737.0,49257.0,51286.0,49608.0,53066.0,48762.0,53767.0,52726.0,51977.0,53898.0,51723.0,59550.0,59799.0,55810.0,55414.0,58106.0,57693.0,57132.0,59590.0,58757.0,65146.0,64627.0,63464.0,61498.0,61736.0,51530.0,54321.0,56158.0,
MEX.19.23_2,21230970.0,MEX,General Zuazua,0.0,25481.0,25360.0,24514.0,28871.0,30355.0,27209.0,29506.0,31942.0,35027.0,34620.0,35820.0,33920.0,36121.0,34765.0,37907.0,37210.0,41573.0,36953.0,39460.0,30027.0,34240.0,23262.0,27702.0,32012.0,31510.0,24994.0,25855.0,25055.0,27232.0,28565.0,25761.0,25885.0,26993.0,
MEX.19.24_2,21230971.0,MEX,Guadalupe,0.00502,20778.0,19426.0,22446.0,22045.0,22819.0,20642.0,19463.0,20966.0,20969.0,23212.0,23591.0,23753.0,21199.0,20849.0,21605.0,24207.0,24482.0,25729.0,25548.0,23146.0,24477.0,24578.0,25839.0,26287.0,25587.0,27948.0,26688.0,27970.0,28590.0,28622.0,26495.0,27666.0,28496.0,
MEX.19.25_2,21230972.0,MEX,Hidalgo,0.0048,43234.0,43508.0,43376.0,48701.0,50111.0,46061.0,46039.0,51733.0,56651.0,56945.0,58105.0,57477.0,57931.0,57852.0,61172.0,58551.0,62981.0,62981.0,59122.0,57461.0,60444.0,60445.0,61671.0,63022.0,64707.0,70314.0,68067.0,69288.0,70005.0,47241.0,40571.0,43692.0,45199.0,
MEX.19.26_2,21230973.0,MEX,Higueras,0.00522,41720.0,42654.0,42783.0,46944.0,48500.0,43914.0,46669.0,50391.0,55025.0,56318.0,57947.0,57320.0,58517.0,56746.0,59440.0,58312.0,63021.0,63767.0,61284.0,58612.0,61059.0,61531.0,60759.0,63281.0,64738.0,68804.0,67325.0,66207.0,68021.0,68379.0,59523.0,62806.0,65036.0,
MEX.19.27_2,21230974.0,MEX,Hualahuises,0.00596,25418.0,24793.0,24504.0,28976.0,30258.0,27403.0,29016.0,31355.0,34296.0,36242.0,36325.0,36901.0,36725.0,37164.0,39054.0,38231.0,41997.0,42817.0,40621.0,39380.0,41022.0,41231.0,40679.0,42738.0,43259.0,47229.0,44340.0,43254.0,44547.0,43315.0,39759.0,42314.0,43745.0,
MEX.19.28_2,21230975.0,MEX,Iturbide,0.00561,38172.0,37412.0,37052.0,42075.0,43684.0,40190.0,41016.0,44014.0,47577.0,49681.0,50503.0,50386.0,50980.0,49921.0,51894.0,51771.0,55662.0,56055.0,53874.0,51813.0,54532.0,54880.0,53870.0,55855.0,56723.0,60699.0,60096.0,60036.0,61625.0,61893.0,53838.0,56778.0,58700.0,
MEX.19.29_2,21230976.0,MEX,Juárez,0.00425,22117.0,22920.0,22524.0,21126.0,21761.0,19579.0,21459.0,22126.0,23387.0,18507.0,21120.0,24083.0,26562.0,24375.0,23403.0,20151.0,22400.0,23349.0,26466.0,22428.0,24797.0,26611.0,26423.0,26659.0,28488.0,29882.0,29451.0,26298.0,28776.0,29786.0,23638.0,24871.0,25607.0,
MEX.19.30_2,21230977.0,MEX,Lampazos de Naranjo,0.00577,40164.0,39678.0,39457.0,44021.0,44602.0,41905.0,43734.0,45992.0,49119.0,51716.0,47914.0,52385.0,51766.0,50972.0,52857.0,50600.0,57920.0,58273.0,54751.0,53926.0,57362.0,56939.0,53362.0,58839.0,58441.0,64527.0,63793.0,59299.0,60864.0,61234.0,52703.0,55327.0,57198.0,
MEX.19.31_2,21230978.0,MEX,Linares,0.00356,26856.0,26754.0,27152.0,30939.0,32244.0,22303.0,23194.0,25666.0,26703.0,26605.0,26574.0,26047.0,26894.0,24570.0,25937.0,24540.0,27792.0,28078.0,28370.0,25806.0,26288.0,26377.0,27206.0,28484.0,31306.0,31217.0,29691.0,30530.0,33047.0,34026.0,29706.0,31941.0,33147.0,
MEX.19.32_2,21230979.0,MEX,Los Aldamas,0.0059,37199.0,36132.0,35877.0,40486.0,42057.0,38694.0,40633.0,43602.0,47556.0,49222.0,50032.0,49922.0,50500.0,49451.0,51894.0,51771.0,55662.0,56055.0,53874.0,51813.0,54532.0,54880.0,53870.0,55855.0,56723.0,60699.0,60096.0,60036.0,61625.0,61893.0,53040.0,55940.0,57831.0,
MEX.19.33_2,21230980.0,MEX,Los Herreras,0.00566,39073.0,38279.0,37958.0,43457.0,44922.0,41211.0,43242.0,46450.0,50731.0,52850.0,53145.0,53658.0,53888.0,52751.0,55011.0,54189.0,59035.0,59698.0,57395.0,54909.0,57063.0,57421.0,56378.0,59417.0,60180.0,64505.0,62823.0,61977.0,63612.0,64016.0,55177.0,58242.0,67418.0,
MEX.19.34_2,21230981.0,MEX,Los Ramones,0.00505,40916.0,41083.0,40672.0,46002.0,47545.0,43377.0,45521.0,49267.0,53872.0,56123.0,57096.0,57274.0,57463.0,55973.0,58742.0,57581.0,62547.0,63586.0,61356.0,58487.0,60540.0,60910.0,60038.0,63526.0,64200.0,68989.0,66674.0,65337.0,66965.0,67331.0,59316.0,62402.0,64550.0,
MEX.19.35_2,21230982.0,MEX,Marín,0.00727,26092.0,25657.0,25219.0,29357.0,30357.0,27741.0,29549.0,31521.0,38637.0,40496.0,40620.0,37213.0,36819.0,35936.0,37671.0,37607.0,41771.0,41731.0,40958.0,40696.0,42482.0,43392.0,38572.0,39607.0,43605.0,46694.0,46443.0,46630.0,51050.0,45009.0,37609.0,40223.0,42042.0,
MEX.19.36_2,21230983.0,MEX,Melchor Ocampo,0.00562,37199.0,36132.0,35877.0,40486.0,42057.0,38694.0,40633.0,43602.0,47556.0,49222.0,50032.0,49922.0,50500.0,49451.0,51407.0,51296.0,55151.0,55539.0,53378.0,51336.0,54032.0,54378.0,53374.0,55342.0,56201.0,60143.0,59546.0,59492.0,61062.0,61546.0,53421.0,56340.0,58246.0,
MEX.19.37_2,21230984.0,MEX,Mier y Noriega,0.00554,40339.0,43334.0,39420.0,44222.0,45091.0,42067.0,43863.0,46278.0,49168.0,52396.0,48648.0,52960.0,52301.0,51554.0,53460.0,51084.0,58626.0,59039.0,55366.0,54583.0,57229.0,57459.0,56149.0,58696.0,58296.0,64162.0,63654.0,62346.0,60854.0,61084.0,52756.0,55383.0,57255.0,
MEX.19.38_2,21230985.0,MEX,Mina,0.00504,38013.0,37241.0,37044.0,41877.0,43481.0,40003.0,41738.0,44759.0,49213.0,50846.0,50854.0,51578.0,52026.0,51184.0,53275.0,52192.0,57049.0,57297.0,55105.0,53107.0,55122.0,55410.0,54393.0,57172.0,58193.0,62059.0,60233.0,59379.0,60947.0,61120.0,54059.0,57065.0,58873.0,
MEX.19.39_2,21230986.0,MEX,Montemorelos,0.00351,42246.0,44476.0,44490.0,49419.0,50857.0,46402.0,49159.0,53579.0,59104.0,60415.0,62579.0,61505.0,63013.0,59645.0,62427.0,62642.0,69039.0,68908.0,62183.0,59953.0,61839.0,62054.0,61418.0,63406.0,64285.0,69496.0,67630.0,66561.0,68373.0,67402.0,59131.0,62449.0,64419.0,
MEX.19.40_2,21230987.0,MEX,Monterrey,0.00619,19985.0,20746.0,21124.0,20931.0,21636.0,19801.0,21215.0,22853.0,24983.0,27104.0,27986.0,27781.0,26380.0,25970.0,26869.0,28048.0,29112.0,30343.0,29776.0,27342.0,27623.0,27332.0,29387.0,27438.0,27439.0,29159.0,30886.0,33967.0,34907.0,35155.0,28535.0,29975.0,30941.0,
MEX.19.41_2,21230988.0,MEX,Parás,0.00563,40339.0,43334.0,39420.0,44222.0,45091.0,42170.0,43863.0,46388.0,49201.0,52268.0,48570.0,52960.0,52301.0,51554.0,53460.0,51262.0,58626.0,58894.0,55366.0,54518.0,57223.0,56818.0,53362.0,58696.0,58296.0,64162.0,63654.0,62477.0,60854.0,61273.0,52756.0,55383.0,57255.0,
MEX.19.42_2,21230989.0,MEX,Pesquería,0.00245,19327.0,21018.0,20482.0,20574.0,20836.0,19245.0,20369.0,21624.0,20522.0,18918.0,18934.0,19550.0,21874.0,21413.0,21957.0,20676.0,22214.0,19636.0,21893.0,20767.0,20678.0,22737.0,24282.0,24381.0,24974.0,26990.0,22639.0,23224.0,23723.0,22956.0,21565.0,22692.0,24006.0,
MEX.19.43_2,21230990.0,MEX,Rayones,0.00535,40339.0,39866.0,39420.0,44222.0,45091.0,42170.0,43934.0,46418.0,49585.0,52285.0,48570.0,52960.0,52301.0,51554.0,53460.0,51262.0,58556.0,58913.0,55366.0,54518.0,57223.0,56939.0,53362.0,58696.0,58296.0,64373.0,63640.0,59285.0,60854.0,61273.0,52756.0,55383.0,57255.0,
MEX.19.44_2,21230991.0,MEX,Sabinas Hidalgo,0.00503,38313.0,38631.0,38220.0,42912.0,44443.0,41500.0,44506.0,46765.0,51649.0,53766.0,53888.0,53784.0,55303.0,53639.0,55852.0,53070.0,58373.0,58382.0,55734.0,54241.0,55451.0,55984.0,55221.0,57903.0,58579.0,62722.0,63143.0,61968.0,63442.0,63405.0,56178.0,59304.0,61312.0,
MEX.19.45_2,21230992.0,MEX,Salinas Victoria,0.00442,29260.0,29334.0,28796.0,32901.0,34245.0,31040.0,32831.0,35506.0,38676.0,40291.0,41641.0,41174.0,41347.0,41982.0,43410.0,45866.0,49029.0,44819.0,42322.0,42074.0,45402.0,45295.0,44339.0,43929.0,44147.0,47801.0,43523.0,43654.0,44539.0,43556.0,36930.0,41423.0,42804.0,
MEX.19.46_2,21230993.0,MEX,San Nicolás de los Garza,0.00522,63009.0,65530.0,65661.0,64472.0,65147.0,61622.0,63408.0,68368.0,71363.0,73928.0,76854.0,74522.0,75379.0,74639.0,75860.0,78443.0,82895.0,84363.0,79396.0,77153.0,80419.0,80751.0,82514.0,84157.0,83282.0,91569.0,88679.0,90858.0,93098.0,93348.0,81199.0,85613.0,88453.0,
MEX.19.47_2,21230994.0,MEX,San Pedro Garza García,0.00415,17655.0,17842.0,18321.0,16843.0,17366.0,16635.0,18579.0,19104.0,21842.0,20288.0,22773.0,20592.0,24387.0,22707.0,23849.0,22536.0,22179.0,22787.0,24626.0,21484.0,23300.0,23396.0,23638.0,23744.0,27290.0,25384.0,24012.0,25630.0,24318.0,25097.0,21918.0,22348.0,23120.0,
MEX.19.48_2,21230995.0,MEX,Santa Catarina,0.00458,20873.0,21976.0,21630.0,21500.0,21703.0,20416.0,21869.0,23340.0,25136.0,20302.0,24237.0,24375.0,26973.0,25407.0,25571.0,23700.0,22513.0,24125.0,23407.0,22296.0,30967.0,31094.0,31537.0,24251.0,25164.0,27136.0,34839.0,29680.0,29834.0,29708.0,24003.0,25593.0,26459.0,
MEX.19.49_2,21230996.0,MEX,Santiago,0.01405,26520.0,26542.0,27784.0,30019.0,31000.0,28509.0,30345.0,31932.0,35799.0,34332.0,35250.0,34928.0,38097.0,35929.0,37858.0,37005.0,64752.0,64988.0,60889.0,58950.0,63238.0,64463.0,59936.0,65312.0,63926.0,71518.0,68517.0,56774.0,31190.0,32773.0,15811.0,17477.0,18095.0,
MEX.19.50_2,21230997.0,MEX,Vallecillo,0.00535,38004.0,37231.0,36907.0,42334.0,44041.0,40400.0,42052.0,45249.0,49292.0,51825.0,51954.0,52621.0,52489.0,51702.0,53924.0,53305.0,58083.0,58525.0,56286.0,54021.0,56133.0,56487.0,55456.0,58381.0,59011.0,63171.0,61800.0,60965.0,62573.0,62915.0,54612.0,57647.0,59543.0,
MEX.19.51_2,21230998.0,MEX,Villaldama,0.00612,37043.0,36841.0,36903.0,41581.0,42862.0,39445.0,40919.0,43615.0,48783.0,50409.0,50807.0,52033.0,52963.0,52900.0,54942.0,54447.0,59290.0,59864.0,56837.0,55223.0,58831.0,59095.0,56206.0,59774.0,61059.0,64879.0,59943.0,60201.0,62232.0,62327.0,53758.0,56809.0,58610.0,
MEX.20.1_2,21230999.0,MEX,Abejones,0.00685,3064.0,3215.0,3057.0,4121.0,5295.0,4649.0,4613.0,4815.0,4455.0,5136.0,4860.0,5496.0,5855.0,6633.0,7273.0,6133.0,6798.0,6746.0,7186.0,7078.0,7197.0,6922.0,7223.0,7049.0,7620.0,6627.0,6582.0,6672.0,6780.0,6567.0,7153.0,6765.0,6750.0,
MEX.20.2_2,21231000.0,MEX,Acatlán de Pérez Figueroa,0.00294,5444.0,5221.0,5380.0,6424.0,6468.0,7012.0,8835.0,8200.0,7983.0,7105.0,6411.0,6460.0,6242.0,6999.0,7013.0,7505.0,8672.0,9806.0,10254.0,11060.0,11623.0,9922.0,7863.0,6941.0,7493.0,7576.0,6451.0,6440.0,6672.0,6355.0,7026.0,6794.0,6888.0,
MEX.20.3_2,21231001.0,MEX,Ánimas Trujano,0.00319,9132.0,9836.0,8277.0,12144.0,11809.0,11080.0,11358.0,11034.0,11243.0,11504.0,11450.0,11723.0,11795.0,11968.0,13366.0,11768.0,14046.0,13301.0,13522.0,12170.0,13176.0,13134.0,13143.0,13426.0,13268.0,13679.0,12036.0,12154.0,13185.0,12727.0,12868.0,13311.0,13641.0,
MEX.20.4_2,21231002.0,MEX,Asunción Cacalotepec,0.00671,3155.0,3010.0,2820.0,3878.0,4499.0,4405.0,3947.0,4335.0,3409.0,4141.0,6423.0,5605.0,4637.0,3679.0,4573.0,3744.0,5682.0,5030.0,5004.0,5182.0,4843.0,4203.0,5350.0,4497.0,5430.0,5487.0,4818.0,5609.0,6020.0,5692.0,5962.0,6212.0,6137.0,
MEX.20.5_2,21231003.0,MEX,Asunción Cuyotepeji,0.00226,6042.0,6331.0,6697.0,7529.0,6886.0,6381.0,6364.0,6448.0,6250.0,6011.0,5119.0,6007.0,6113.0,6675.0,6432.0,6145.0,7571.0,6759.0,6807.0,6708.0,6356.0,6326.0,6820.0,6632.0,7375.0,7748.0,6426.0,6893.0,7624.0,7169.0,7387.0,7918.0,8085.0,
MEX.20.6_2,21231004.0,MEX,Asunción Ixtaltepec,0.00422,10304.0,10593.0,9411.0,8047.0,7755.0,6438.0,7067.0,6565.0,6831.0,6752.0,5727.0,6314.0,6361.0,7497.0,7594.0,7093.0,7379.0,7216.0,7322.0,6949.0,7170.0,7285.0,7443.0,7550.0,7634.0,8068.0,9049.0,8221.0,8548.0,9556.0,9670.0,10151.0,10403.0,
MEX.20.7_2,21231005.0,MEX,Asunción Nochixtlán,-0.00978,7433.0,7808.0,8327.0,10286.0,10638.0,10859.0,10952.0,10590.0,12441.0,11588.0,10756.0,10529.0,10395.0,11589.0,11974.0,10714.0,11561.0,9456.0,7086.0,7045.0,7370.0,5992.0,7073.0,6587.0,7860.0,7323.0,6080.0,7097.0,6708.0,5625.0,6237.0,6565.0,6728.0,
MEX.20.8_2,21231006.0,MEX,Asunción Ocotlán,0.00897,6991.0,6844.0,6535.0,6560.0,6179.0,5654.0,6628.0,6138.0,6398.0,6363.0,6667.0,7653.0,7758.0,8167.0,8442.0,7750.0,7336.0,7895.0,8027.0,7515.0,7822.0,9291.0,10696.0,9561.0,10893.0,11020.0,9494.0,9908.0,10717.0,10341.0,10596.0,11144.0,11420.0,
MEX.20.9_2,21231007.0,MEX,Asunción Tlacolulita,0.00307,4769.0,4847.0,4801.0,5762.0,6879.0,6213.0,5781.0,5943.0,5814.0,5923.0,5652.0,6162.0,5892.0,6489.0,7208.0,6106.0,7241.0,6938.0,7340.0,7029.0,7153.0,6830.0,7146.0,6975.0,7539.0,6540.0,6570.0,6657.0,6540.0,6555.0,6277.0,5998.0,6033.0,
MEX.20.10_2,21231008.0,MEX,Ayoquezco de Aldama,-0.00224,4154.0,4103.0,4463.0,5184.0,5772.0,5363.0,5144.0,5119.0,5083.0,5162.0,4113.0,4991.0,4766.0,5455.0,5476.0,4917.0,5347.0,5365.0,4839.0,4706.0,5297.0,4564.0,4393.0,4453.0,4941.0,4514.0,4049.0,4315.0,4539.0,4490.0,4685.0,4882.0,5003.0,
MEX.20.11_2,21231009.0,MEX,Ayotzintepec,0.00148,4224.0,4137.0,4200.0,5735.0,5981.0,5959.0,6799.0,5772.0,5088.0,5921.0,5893.0,5762.0,4851.0,5124.0,5791.0,4936.0,6241.0,6000.0,5831.0,5790.0,5682.0,5198.0,6286.0,5821.0,6279.0,5988.0,5689.0,5558.0,6512.0,5887.0,6888.0,6321.0,6686.0,
MEX.20.12_2,21231010.0,MEX,Calihualá,0.00439,5155.0,4911.0,4650.0,5775.0,5584.0,5798.0,5943.0,6071.0,6541.0,6436.0,6024.0,6253.0,5995.0,6519.0,6817.0,6307.0,7069.0,6641.0,6818.0,6572.0,6416.0,6327.0,7473.0,6790.0,7396.0,7547.0,6738.0,6920.0,7304.0,7068.0,7336.0,7680.0,7842.0,
MEX.20.13_2,21231011.0,MEX,Candelaria Loxicha,0.00389,4057.0,3793.0,3927.0,4870.0,4814.0,4610.0,4270.0,4505.0,4021.0,4388.0,5712.0,5960.0,4836.0,4811.0,4952.0,4815.0,6147.0,5579.0,5505.0,5455.0,4888.0,3978.0,4961.0,4542.0,5369.0,5268.0,5547.0,5131.0,5527.0,5990.0,7087.0,5630.0,5770.0,
MEX.20.14_2,21231012.0,MEX,Capulálpam de Méndez,0.0061,4698.0,4762.0,4459.0,5268.0,5197.0,5068.0,5085.0,5292.0,5231.0,5516.0,5203.0,5510.0,5221.0,6223.0,6526.0,5760.0,6300.0,6515.0,6648.0,6410.0,6397.0,6604.0,7659.0,6746.0,7330.0,6991.0,6131.0,6494.0,6696.0,6436.0,6664.0,5979.0,6170.0,
MEX.20.15_2,21231013.0,MEX,Chahuites,0.00424,3549.0,3799.0,3809.0,4788.0,7117.0,7817.0,6919.0,6551.0,6059.0,5608.0,7852.0,7616.0,7137.0,7483.0,7696.0,7193.0,7186.0,6960.0,6832.0,6402.0,6782.0,7217.0,5740.0,5726.0,7110.0,7129.0,8382.0,9700.0,9099.0,7928.0,8459.0,9117.0,9343.0,
MEX.20.16_2,21231014.0,MEX,Chalcatongo de Hidalgo,0.0,4454.0,4604.0,5802.0,7315.0,8220.0,7518.0,6067.0,6497.0,6144.0,6354.0,5487.0,6167.0,5258.0,6091.0,6598.0,6621.0,6617.0,6522.0,6455.0,6835.0,5895.0,5196.0,5580.0,5374.0,5819.0,5823.0,5870.0,5950.0,6670.0,6724.0,7983.0,6407.0,6544.0,
MEX.20.17_2,21231015.0,MEX,Chiquihuitlán de Benito Juárez,0.00297,3347.0,2952.0,3400.0,4725.0,6494.0,5586.0,6823.0,5734.0,5369.0,5416.0,6083.0,6133.0,5092.0,5068.0,5613.0,4135.0,5944.0,5940.0,5774.0,5618.0,5627.0,5519.0,6103.0,5224.0,6554.0,5918.0,5660.0,6003.0,6287.0,5987.0,6253.0,6515.0,6422.0,
MEX.20.18_2,21231016.0,MEX,Ciénega de Zimatlán,0.0,7834.0,8768.0,10003.0,8966.0,9174.0,8766.0,7703.0,8129.0,8393.0,9204.0,9734.0,9651.0,9661.0,9383.0,8998.0,9000.0,9657.0,8093.0,7842.0,7363.0,7641.0,8301.0,9762.0,8048.0,9502.0,9953.0,8098.0,9011.0,9305.0,8991.0,8876.0,9161.0,9301.0,
MEX.20.19_2,21231017.0,MEX,Ciudad Ixtepec,0.00292,10226.0,10569.0,9692.0,8499.0,7934.0,7827.0,6533.0,6672.0,7079.0,7087.0,8093.0,8892.0,9094.0,7346.0,8189.0,7043.0,8338.0,7638.0,7879.0,7486.0,7678.0,7458.0,8168.0,7210.0,8398.0,8666.0,8219.0,9115.0,9544.0,8531.0,8876.0,9163.0,9303.0,
MEX.20.20_2,21231018.0,MEX,Coatecas Altas,0.00518,3352.0,3273.0,3623.0,4329.0,5262.0,4984.0,5572.0,5787.0,6087.0,6027.0,5191.0,5685.0,5770.0,5781.0,5338.0,5432.0,6366.0,6972.0,7435.0,8065.0,8061.0,7136.0,7009.0,5664.0,6555.0,6207.0,6063.0,5934.0,6297.0,6587.0,7255.0,6471.0,6530.0,
MEX.20.21_2,21231019.0,MEX,Coicoyán de las Flores,0.0,4381.0,4347.0,4507.0,4613.0,4560.0,5746.0,4155.0,3956.0,4055.0,4408.0,5398.0,5808.0,5871.0,5011.0,4020.0,4105.0,4689.0,4897.0,4533.0,5493.0,4888.0,3783.0,4239.0,3977.0,4497.0,4674.0,4193.0,4201.0,4593.0,4323.0,4599.0,4792.0,4959.0,
MEX.20.22_2,21231020.0,MEX,Concepción Buenavista,0.00066,7457.0,7573.0,7360.0,8461.0,7744.0,7684.0,7531.0,7566.0,7993.0,8305.0,6998.0,8129.0,8314.0,9208.0,8165.0,8555.0,8304.0,7648.0,8362.0,8993.0,7916.0,8051.0,8566.0,8142.0,9091.0,8071.0,6788.0,6918.0,7912.0,7631.0,7567.0,8225.0,8400.0,
MEX.20.23_2,21231021.0,MEX,Concepción Pápalo,-0.003,3083.0,2931.0,2566.0,4067.0,4988.0,4463.0,3999.0,4429.0,3847.0,4468.0,3763.0,4205.0,3611.0,4085.0,4774.0,3367.0,4964.0,4453.0,4868.0,4717.0,4668.0,3730.0,3530.0,3614.0,3986.0,3391.0,2808.0,3020.0,3293.0,2942.0,3178.0,3311.0,3393.0,
MEX.20.24_2,21231022.0,MEX,Constancia del Rosario,0.00588,3173.0,3075.0,3305.0,4723.0,5437.0,5309.0,4347.0,4172.0,4255.0,4875.0,5250.0,6185.0,5210.0,13308.0,13515.0,12194.0,12886.0,11899.0,12352.0,11506.0,12036.0,11926.0,13021.0,11827.0,11810.0,12158.0,10227.0,10506.0,10608.0,12001.0,10825.0,10790.0,11058.0,
MEX.20.25_2,21231023.0,MEX,Cosolapa,-0.00542,4639.0,7036.0,8767.0,10018.0,8786.0,9640.0,9805.0,9005.0,8990.0,7697.0,7545.0,7273.0,7074.0,7395.0,7790.0,6829.0,8243.0,7852.0,7983.0,7247.0,8323.0,9121.0,6751.0,6066.0,6595.0,6945.0,6351.0,6024.0,6428.0,5656.0,6814.0,5870.0,6576.0,
MEX.20.26_2,21231024.0,MEX,Cosoltepec,0.0,8171.0,7102.0,7370.0,7720.0,7739.0,7791.0,8206.0,8209.0,8631.0,8790.0,8544.0,9484.0,9213.0,9032.0,8014.0,8517.0,7749.0,7778.0,7904.0,7785.0,8458.0,8596.0,7936.0,7636.0,7139.0,8076.0,8818.0,8935.0,8847.0,8789.0,7351.0,8082.0,7889.0,
MEX.20.27_2,21231025.0,MEX,Cuilápam de Guerrero,0.00384,18761.0,19375.0,20010.0,20815.0,19646.0,19144.0,19513.0,18729.0,19528.0,19899.0,19511.0,19669.0,19874.0,20898.0,22257.0,20347.0,23435.0,21823.0,22521.0,21041.0,21945.0,22086.0,24785.0,22721.0,25076.0,26264.0,22637.0,23978.0,25957.0,24444.0,20502.0,21666.0,22946.0,
MEX.20.28_2,21231026.0,MEX,Cuyamecalco Villa de Zaragoza,0.0,2274.0,2264.0,2604.0,3410.0,5310.0,4420.0,4097.0,4154.0,3527.0,5312.0,5336.0,5763.0,5023.0,6101.0,6362.0,4468.0,6364.0,5698.0,5948.0,5672.0,5742.0,5205.0,3254.0,3672.0,3772.0,3458.0,3883.0,3857.0,4251.0,3511.0,3784.0,3942.0,4442.0,
MEX.20.29_2,21231027.0,MEX,El Barrio de la Soledad,0.0,4422.0,4560.0,4872.0,5575.0,6585.0,6491.0,6083.0,6654.0,5785.0,6400.0,5619.0,6128.0,5303.0,6432.0,8547.0,7191.0,6861.0,6862.0,7032.0,6996.0,6914.0,6248.0,6924.0,6103.0,6923.0,6616.0,6144.0,6211.0,6195.0,6500.0,6083.0,5300.0,5431.0,
MEX.20.30_2,21231028.0,MEX,El Espinal,0.00496,19862.0,20219.0,20935.0,17837.0,16416.0,15971.0,16278.0,15623.0,16675.0,16571.0,16116.0,16246.0,16828.0,17664.0,18503.0,17400.0,19422.0,18022.0,18655.0,17477.0,18178.0,18873.0,19372.0,19286.0,19585.0,23307.0,20951.0,22328.0,24072.0,22603.0,18043.0,21933.0,23223.0,
MEX.20.31_2,21231029.0,MEX,Eloxochitlán de Flores Magón,0.00246,5516.0,5860.0,5728.0,6422.0,6865.0,6080.0,5686.0,5939.0,5022.0,5089.0,4623.0,5023.0,4291.0,4645.0,6893.0,4496.0,5327.0,5113.0,7293.0,7767.0,7421.0,7468.0,7709.0,8020.0,5629.0,6954.0,6880.0,5831.0,6354.0,5761.0,6181.0,6440.0,6600.0,
MEX.20.32_2,21231030.0,MEX,Fresnillo de Trujano,0.00424,3691.0,3744.0,3760.0,4766.0,4362.0,4199.0,4130.0,4442.0,4914.0,4728.0,3619.0,4559.0,4861.0,5706.0,4804.0,5020.0,5170.0,4857.0,5382.0,5471.0,5428.0,5360.0,5779.0,4934.0,5383.0,5369.0,4565.0,4526.0,4852.0,4256.0,4933.0,4594.0,4669.0,
MEX.20.33_2,21231031.0,MEX,Guadalupe de Ramírez,0.00801,4391.0,3985.0,3983.0,5567.0,5450.0,4995.0,4968.0,4822.0,4850.0,4662.0,3910.0,4974.0,4835.0,5216.0,4979.0,5596.0,5632.0,5070.0,5562.0,6354.0,6388.0,6882.0,7319.0,7866.0,7670.0,8044.0,5808.0,5934.0,6520.0,6440.0,7542.0,7049.0,7224.0,
MEX.20.34_2,21231032.0,MEX,Guadalupe Etla,0.00463,11964.0,12945.0,11642.0,11357.0,11061.0,10753.0,9930.0,10610.0,10835.0,10872.0,10691.0,10967.0,10873.0,7732.0,8958.0,7749.0,14048.0,13589.0,13816.0,12478.0,13463.0,13406.0,14149.0,13640.0,14189.0,14659.0,12665.0,12793.0,13905.0,13401.0,13862.0,14383.0,14729.0,
MEX.20.35_2,21231033.0,MEX,Guelatao de Juárez,0.0,3873.0,4817.0,4724.0,5149.0,5621.0,5317.0,5960.0,6194.0,6605.0,5530.0,5239.0,5447.0,5664.0,6359.0,6147.0,6323.0,5865.0,5764.0,6079.0,5734.0,6042.0,6734.0,5658.0,6299.0,5966.0,5672.0,5251.0,4798.0,4994.0,5186.0,6075.0,5473.0,5609.0,
MEX.20.36_2,21231034.0,MEX,Guevea de Humboldt,0.00157,3521.0,3387.0,3202.0,4284.0,4785.0,4685.0,4715.0,4477.0,4520.0,5035.0,5857.0,6161.0,5702.0,4922.0,5465.0,4806.0,5632.0,5552.0,5394.0,5391.0,5322.0,5089.0,5535.0,5106.0,5757.0,5947.0,4642.0,4987.0,5357.0,4695.0,5051.0,5263.0,5394.0,
MEX.20.37_2,21231035.0,MEX,Heroica Ciudad de Ejutla de Cres,0.00526,4906.0,5204.0,4599.0,4827.0,4817.0,4378.0,4363.0,4451.0,5414.0,4176.0,4573.0,4276.0,5041.0,5752.0,7710.0,7137.0,11147.0,10271.0,10086.0,9754.0,9930.0,7857.0,7131.0,6306.0,6884.0,6536.0,5959.0,5271.0,5343.0,5329.0,6524.0,6642.0,6806.0,
MEX.20.38_2,21231036.0,MEX,Heroica Ciudad de Huajuapan de L,0.00272,16796.0,17444.0,17831.0,15139.0,14412.0,13971.0,14321.0,13745.0,14370.0,14525.0,14456.0,14611.0,14880.0,15635.0,16907.0,15368.0,17974.0,16747.0,17033.0,14529.0,15605.0,16205.0,15327.0,16405.0,15458.0,18531.0,16848.0,17113.0,18501.0,18029.0,13007.0,16652.0,17065.0,
MEX.20.39_2,21231037.0,MEX,Heroica Ciudad de Juchitán de Za,0.00479,9108.0,9185.0,9423.0,9480.0,9333.0,8493.0,8530.0,8360.0,9776.0,9768.0,9910.0,10136.0,10210.0,10598.0,11695.0,10341.0,12174.0,11294.0,11480.0,9749.0,10603.0,10832.0,11080.0,10855.0,11243.0,11467.0,12765.0,11642.0,13891.0,13758.0,12368.0,13010.0,13246.0,
MEX.20.40_2,21231038.0,MEX,Heroica Ciudad de Tlaxiaco,0.0148,4705.0,4272.0,4176.0,4162.0,4730.0,5921.0,5266.0,5054.0,3406.0,4053.0,4840.0,3626.0,2859.0,3157.0,4101.0,3708.0,4393.0,6350.0,7842.0,7473.0,7641.0,7330.0,5431.0,5689.0,6507.0,6065.0,8013.0,8660.0,8908.0,9811.0,10664.0,10912.0,11171.0,
MEX.20.41_2,21231039.0,MEX,Heroica Villa Tezoatlán de Segur,0.0048,3166.0,3663.0,3983.0,4578.0,4662.0,4407.0,4738.0,4596.0,4560.0,4566.0,4084.0,5208.0,4778.0,5557.0,5518.0,5313.0,5579.0,5355.0,5409.0,5159.0,5098.0,5062.0,5481.0,5109.0,5922.0,6089.0,5000.0,5339.0,5883.0,5357.0,6474.0,6167.0,6320.0,
MEX.20.42_2,21231040.0,MEX,Huautepec,0.00704,4922.0,4913.0,4719.0,5692.0,6874.0,6542.0,7308.0,7637.0,7388.0,7472.0,7168.0,7083.0,8557.0,8198.0,8862.0,8660.0,9253.0,9797.0,9345.0,8884.0,8252.0,8186.0,12031.0,9512.0,8759.0,8108.0,8135.0,8207.0,8911.0,8898.0,10247.0,9479.0,10738.0,
MEX.20.43_2,21231041.0,MEX,Huautla de Jiménez,0.00428,4410.0,4642.0,5121.0,6111.0,6681.0,5462.0,7258.0,6164.0,6552.0,6576.0,6680.0,6529.0,7138.0,8025.0,8698.0,7697.0,7493.0,7704.0,8148.0,7624.0,7237.0,7250.0,8904.0,8456.0,8223.0,8231.0,7475.0,7446.0,8085.0,7373.0,7742.0,8004.0,8022.0,
MEX.20.44_2,21231042.0,MEX,Ixpantepec Nieves,0.0013,4447.0,4614.0,4612.0,5435.0,5567.0,4871.0,5101.0,5262.0,5514.0,5370.0,4572.0,5168.0,5226.0,5628.0,5398.0,5474.0,5738.0,5378.0,5511.0,5150.0,5101.0,5518.0,5942.0,5180.0,5711.0,5602.0,4569.0,4737.0,5449.0,5166.0,5793.0,5516.0,5653.0,
MEX.20.45_2,21231043.0,MEX,Ixtlán de Juárez,0.00448,3875.0,4016.0,4141.0,5202.0,5142.0,4652.0,4372.0,3857.0,3648.0,3971.0,4975.0,5438.0,5133.0,4819.0,4424.0,4778.0,4840.0,5530.0,5429.0,6023.0,5246.0,5300.0,5679.0,5300.0,5906.0,5774.0,4980.0,5210.0,5611.0,5459.0,5672.0,5910.0,5943.0,
MEX.20.46_2,21231044.0,MEX,La Compañía,0.00668,4107.0,3887.0,3559.0,4043.0,4203.0,4124.0,4231.0,4029.0,3852.0,3809.0,3362.0,4094.0,3911.0,4438.0,4411.0,4771.0,4627.0,4768.0,4851.0,4809.0,4618.0,4553.0,5233.0,4796.0,5441.0,5367.0,5195.0,5042.0,5815.0,5568.0,5741.0,5982.0,6155.0,
MEX.20.47_2,21231045.0,MEX,La Pe,0.00199,3248.0,3448.0,3177.0,4094.0,4318.0,4295.0,4598.0,4775.0,4770.0,5554.0,4533.0,5088.0,4992.0,5176.0,5067.0,4525.0,4749.0,4820.0,5125.0,4860.0,5535.0,5578.0,4789.0,5064.0,5275.0,5224.0,4721.0,4840.0,5139.0,4507.0,4686.0,4882.0,5048.0,
MEX.20.48_2,21231046.0,MEX,La Reforma,0.00306,2082.0,2060.0,2324.0,4191.0,4312.0,4568.0,4554.0,4688.0,4061.0,4196.0,3901.0,4015.0,3630.0,4167.0,4236.0,3973.0,4982.0,4529.0,4387.0,4350.0,4274.0,4417.0,4743.0,4211.0,4863.0,4109.0,3881.0,4071.0,4817.0,4754.0,4862.0,4750.0,4995.0,
MEX.20.49_2,21231047.0,MEX,La Trinidad Vista Hermosa,0.00478,6038.0,5829.0,6171.0,7154.0,6895.0,6694.0,6919.0,6706.0,6862.0,7085.0,6172.0,7136.0,7074.0,7606.0,7569.0,7280.0,8079.0,7642.0,7936.0,7764.0,7733.0,8046.0,8918.0,8199.0,9286.0,9337.0,8185.0,7895.0,8456.0,8219.0,8438.0,8817.0,9007.0,
MEX.20.50_2,21231048.0,MEX,Loma Bonita,0.00469,6352.0,7329.0,7834.0,5827.0,5660.0,5265.0,5254.0,5622.0,5934.0,5994.0,5881.0,5781.0,5907.0,6254.0,6075.0,5916.0,7233.0,6715.0,5876.0,5529.0,5726.0,5929.0,6438.0,6008.0,6788.0,7126.0,7363.0,8933.0,9928.0,10083.0,9983.0,11385.0,10988.0,
MEX.20.51_2,21231049.0,MEX,Magdalena Apasco,0.00474,9976.0,10500.0,11715.0,10468.0,9466.0,10519.0,9701.0,8798.0,9219.0,10639.0,10260.0,10434.0,10426.0,10151.0,11270.0,9932.0,12265.0,10536.0,11851.0,10652.0,11548.0,11923.0,11489.0,10824.0,11582.0,12334.0,12114.0,11943.0,13355.0,12933.0,13302.0,13958.0,14278.0,
MEX.20.52_2,21231050.0,MEX,Magdalena Jaltepec,0.00816,3640.0,3675.0,3962.0,4911.0,4734.0,4750.0,4799.0,4668.0,5252.0,5089.0,4700.0,5695.0,5610.0,6277.0,6100.0,6236.0,6602.0,6317.0,6200.0,6216.0,6170.0,6477.0,7407.0,6787.0,7732.0,7683.0,6728.0,6674.0,7170.0,6946.0,7272.0,7573.0,7732.0,
MEX.20.53_2,21231051.0,MEX,Magdalena Mixtepec,0.00278,3611.0,3918.0,3874.0,4907.0,4854.0,4994.0,5467.0,5520.0,5696.0,5575.0,4716.0,5689.0,5743.0,6249.0,6104.0,5985.0,6345.0,5598.0,5789.0,5675.0,5641.0,6010.0,6740.0,5850.0,6592.0,6416.0,4809.0,4890.0,5112.0,4738.0,5197.0,4923.0,5045.0,
MEX.20.54_2,21231052.0,MEX,Magdalena Ocotlán,0.01054,3313.0,4057.0,4772.0,4303.0,5080.0,5055.0,5181.0,4285.0,4420.0,4805.0,5162.0,4573.0,5457.0,5908.0,7899.0,7251.0,7515.0,7773.0,7443.0,6997.0,6132.0,6170.0,7388.0,7924.0,7108.0,7416.0,7185.0,7305.0,8113.0,9265.0,7581.0,8819.0,9037.0,
MEX.20.55_2,21231053.0,MEX,Magdalena Peñasco,0.00271,2795.0,2830.0,2608.0,3731.0,4507.0,4413.0,4047.0,4191.0,2951.0,3796.0,4633.0,5163.0,3782.0,4074.0,3370.0,3893.0,4811.0,4644.0,4642.0,4687.0,4473.0,3543.0,4151.0,4058.0,4489.0,4587.0,4311.0,4241.0,4371.0,4017.0,4605.0,4798.0,4917.0,
MEX.20.56_2,21231054.0,MEX,Magdalena Teitipac,0.00256,4926.0,5130.0,5522.0,6405.0,7457.0,6399.0,5599.0,5860.0,6606.0,5379.0,6318.0,5248.0,5405.0,5730.0,5524.0,5569.0,5902.0,5847.0,5669.0,5721.0,5524.0,5636.0,6025.0,5474.0,6078.0,6131.0,5785.0,5992.0,6602.0,6464.0,7267.0,6757.0,6744.0,
MEX.20.57_2,21231055.0,MEX,Magdalena Tequisistlán,-0.00263,6529.0,6595.0,6586.0,7439.0,6294.0,5833.0,5716.0,5944.0,6871.0,5905.0,5189.0,6038.0,6826.0,6614.0,6328.0,6682.0,6453.0,5424.0,5396.0,5131.0,5258.0,5706.0,5993.0,5503.0,6139.0,6034.0,5071.0,5236.0,5661.0,5393.0,5713.0,5813.0,5957.0,
MEX.20.58_2,21231056.0,MEX,Magdalena Tlacotepec,0.00219,4016.0,4181.0,4350.0,5877.0,5216.0,5478.0,6044.0,5985.0,6271.0,6060.0,5010.0,5311.0,5266.0,5563.0,5553.0,5426.0,5513.0,5268.0,5448.0,5360.0,5361.0,5437.0,5756.0,5668.0,6533.0,6396.0,4732.0,5833.0,6159.0,5522.0,6307.0,5891.0,6037.0,
MEX.20.59_2,21231057.0,MEX,Magdalena Yodocono de Porfirio D,0.00156,4699.0,4659.0,5006.0,5655.0,5404.0,5074.0,5499.0,5249.0,5123.0,4811.0,4056.0,4963.0,4704.0,5583.0,5014.0,4933.0,5224.0,5039.0,4949.0,4723.0,4884.0,5338.0,5530.0,5086.0,5646.0,5551.0,5021.0,5138.0,5678.0,5389.0,5610.0,5706.0,5856.0,
MEX.20.60_2,21231058.0,MEX,Magdalena Zahuatlán,0.00433,7514.0,7775.0,8010.0,9676.0,8968.0,9078.0,9711.0,9420.0,9729.0,9697.0,8776.0,9254.0,9233.0,9826.0,9998.0,9508.0,10652.0,9832.0,10000.0,9609.0,9724.0,10084.0,10829.0,10358.0,11751.0,11834.0,9573.0,10353.0,11679.0,10688.0,12264.0,11839.0,12223.0,
MEX.20.61_2,21231059.0,MEX,Mariscala de Juárez,0.00277,4605.0,4590.0,4402.0,4490.0,4907.0,4868.0,4913.0,4703.0,4494.0,4132.0,3694.0,4533.0,4515.0,5299.0,4990.0,4668.0,4989.0,4930.0,5037.0,4955.0,4984.0,4887.0,6302.0,5028.0,5664.0,5519.0,5215.0,4908.0,5309.0,5093.0,6105.0,5546.0,5683.0,
MEX.20.62_2,21231060.0,MEX,Mártires de Tacubaya,0.00351,3963.0,3656.0,3878.0,4887.0,5175.0,4951.0,5047.0,4925.0,4933.0,5273.0,5439.0,5690.0,5427.0,6051.0,5803.0,5843.0,6786.0,6144.0,6019.0,5966.0,5739.0,5975.0,6011.0,5840.0,6700.0,6182.0,5821.0,5982.0,6246.0,5881.0,6249.0,5639.0,5729.0,
MEX.20.63_2,21231061.0,MEX,Matías Romero Avendaño,0.0,5501.0,5314.0,4525.0,6907.0,11019.0,11194.0,10699.0,11576.0,12719.0,11880.0,9332.0,10964.0,12491.0,14531.0,13160.0,13343.0,13660.0,13351.0,11997.0,11254.0,11691.0,12001.0,12278.0,10871.0,7401.0,8214.0,7337.0,7496.0,8040.0,8640.0,8779.0,8732.0,8992.0,
MEX.20.64_2,21231062.0,MEX,Mazatlán Villa de Flores,-0.00441,4499.0,3641.0,4432.0,5263.0,7621.0,6465.0,5829.0,5667.0,4999.0,5181.0,5304.0,4795.0,4553.0,4166.0,3914.0,3497.0,4691.0,4414.0,4024.0,4435.0,4413.0,3604.0,3509.0,3501.0,3937.0,3963.0,3801.0,4057.0,4594.0,4505.0,4888.0,5093.0,5197.0,
MEX.20.65_2,21231063.0,MEX,Mesones Hidalgo,0.00069,4723.0,4424.0,4080.0,5372.0,5182.0,3704.0,3227.0,3740.0,3420.0,4140.0,4722.0,5456.0,5033.0,4625.0,4407.0,4669.0,4701.0,4613.0,4687.0,4884.0,4617.0,4419.0,5363.0,5034.0,5077.0,4865.0,4488.0,4748.0,4705.0,4455.0,4556.0,4683.0,4783.0,
MEX.20.66_2,21231064.0,MEX,Miahuatlán de Porfirio Díaz,0.01018,4608.0,4458.0,4335.0,4479.0,5560.0,5475.0,6221.0,5988.0,5493.0,7331.0,6558.0,7911.0,9590.0,10383.0,8207.0,8016.0,8805.0,9008.0,9238.0,8283.0,9148.0,10292.0,10828.0,9431.0,10261.0,9095.0,8841.0,9395.0,9225.0,9052.0,9328.0,9424.0,9658.0,
MEX.20.67_2,21231065.0,MEX,Mixistlán de la Reforma,0.00249,4268.0,4136.0,3925.0,4932.0,5074.0,4968.0,5300.0,5039.0,4656.0,5180.0,5843.0,6070.0,5608.0,4871.0,5465.0,4806.0,5558.0,5378.0,5279.0,5283.0,5317.0,4787.0,5208.0,4915.0,5463.0,6052.0,4680.0,5454.0,5770.0,5082.0,7075.0,6146.0,6521.0,
MEX.20.68_2,21231066.0,MEX,Monjas,-0.00199,4546.0,4703.0,4798.0,5874.0,6325.0,6231.0,6084.0,6515.0,6973.0,6242.0,5570.0,6056.0,6119.0,7096.0,6833.0,6512.0,6719.0,6706.0,6534.0,6627.0,6218.0,5832.0,6135.0,5757.0,6118.0,5281.0,5414.0,5262.0,5679.0,5517.0,6358.0,5598.0,5601.0,
MEX.20.69_2,21231067.0,MEX,Natividad,0.0,6043.0,6345.0,5708.0,7879.0,7984.0,6690.0,5507.0,5623.0,6322.0,4943.0,5013.0,4164.0,4711.0,5263.0,5004.0,4981.0,5428.0,5252.0,5401.0,5128.0,5030.0,5402.0,5615.0,5401.0,5509.0,5269.0,4961.0,4987.0,5790.0,5740.0,6708.0,6123.0,6287.0,
MEX.20.70_2,21231068.0,MEX,Nazareno Etla,0.0022,11478.0,11773.0,12888.0,11791.0,11347.0,10888.0,9807.0,9164.0,9395.0,11114.0,11200.0,11267.0,11249.0,10015.0,11308.0,9914.0,11893.0,10193.0,11736.0,10545.0,11436.0,11804.0,11852.0,11125.0,11699.0,13201.0,11875.0,12169.0,11877.0,12752.0,13457.0,13935.0,14281.0,
MEX.20.71_2,21231069.0,MEX,Nejapa de Madero,0.00161,2889.0,2787.0,2763.0,4539.0,4783.0,4888.0,4714.0,4446.0,4371.0,4530.0,4080.0,4298.0,3071.0,3419.0,4181.0,3780.0,5027.0,4496.0,4480.0,4355.0,4366.0,3656.0,4501.0,4296.0,4615.0,4213.0,4269.0,4504.0,4753.0,4517.0,6076.0,5739.0,4834.0,
MEX.20.72_2,21231070.0,MEX,Nuevo Zoquiápam,0.00173,4418.0,4842.0,4899.0,6255.0,5907.0,5938.0,6095.0,6221.0,6318.0,6170.0,5005.0,5849.0,5844.0,6217.0,6151.0,6011.0,6419.0,6114.0,6196.0,6089.0,6037.0,6214.0,6697.0,6437.0,7166.0,7112.0,5783.0,6288.0,6503.0,6110.0,6278.0,6578.0,6678.0,
MEX.20.73_2,21231071.0,MEX,Oaxaca de Juárez,0.0046,18680.0,19061.0,19706.0,16614.0,15528.0,15077.0,15400.0,14781.0,15532.0,15678.0,15243.0,15367.0,15669.0,16826.0,17657.0,16193.0,18536.0,17166.0,17785.0,16629.0,17330.0,17650.0,16986.0,18048.0,17170.0,20867.0,20951.0,22328.0,24072.0,22603.0,18043.0,21933.0,23223.0,
MEX.20.74_2,21231072.0,MEX,Ocotlán de Morelos,0.0,10651.0,11273.0,10473.0,9447.0,9377.0,7468.0,7322.0,7482.0,8250.0,7535.0,7979.0,9053.0,9365.0,7357.0,8419.0,7093.0,8085.0,7345.0,7511.0,7050.0,7319.0,7993.0,9002.0,8395.0,9442.0,9904.0,7383.0,7963.0,8772.0,7658.0,7957.0,8232.0,9159.0,
MEX.20.75_2,21231073.0,MEX,Pinotepa de Don Luis,0.0,2561.0,2389.0,2371.0,3344.0,5028.0,4335.0,4488.0,4704.0,4613.0,4587.0,5437.0,5161.0,4212.0,3891.0,3838.0,3781.0,4768.0,5116.0,4831.0,4875.0,4707.0,3520.0,3272.0,3898.0,4448.0,3703.0,3288.0,3433.0,4610.0,5748.0,6165.0,4230.0,4178.0,
MEX.20.76_2,21231074.0,MEX,Pluma Hidalgo,0.00281,3881.0,3605.0,3752.0,5170.0,5888.0,4923.0,3866.0,4088.0,3996.0,4358.0,5068.0,5813.0,5158.0,6626.0,5103.0,5076.0,5618.0,5107.0,5333.0,5616.0,5197.0,4694.0,5138.0,4658.0,5513.0,5373.0,5139.0,5383.0,5703.0,5596.0,5805.0,6049.0,6199.0,
MEX.20.77_2,21231075.0,MEX,Putla Villa de Guerrero,0.00187,3186.0,3076.0,2888.0,4058.0,4728.0,3683.0,3391.0,3608.0,4211.0,4027.0,5365.0,4837.0,4808.0,5624.0,4556.0,4378.0,4829.0,4711.0,4746.0,4745.0,4625.0,4445.0,4452.0,4017.0,4756.0,4555.0,4454.0,4539.0,4755.0,4627.0,4732.0,4906.0,5028.0,
MEX.20.78_2,21231076.0,MEX,Reforma de Pineda,0.00414,2770.0,2856.0,2843.0,3582.0,4700.0,4302.0,4718.0,4210.0,4018.0,4164.0,4657.0,5529.0,5123.0,5902.0,5400.0,5159.0,5049.0,5005.0,4974.0,4932.0,4909.0,4121.0,4274.0,4753.0,5047.0,4630.0,5113.0,5733.0,5960.0,5689.0,6013.0,6265.0,6418.0,
MEX.20.79_2,21231077.0,MEX,Reyes Etla,0.0,11560.0,12552.0,13416.0,12752.0,12471.0,11366.0,10525.0,9498.0,10045.0,10075.0,9554.0,10121.0,10154.0,9691.0,11722.0,9537.0,11341.0,11515.0,9927.0,8845.0,9673.0,9848.0,9759.0,9217.0,9856.0,15137.0,13163.0,13432.0,14328.0,9609.0,10346.0,10666.0,10931.0,
MEX.20.80_2,21231078.0,MEX,Rojas de Cuauhtémoc,0.00629,9753.0,11013.0,10010.0,9386.0,8836.0,7746.0,10669.0,10192.0,10419.0,10660.0,10557.0,10226.0,10162.0,11874.0,11321.0,11641.0,12628.0,11586.0,12046.0,10840.0,11428.0,12012.0,13150.0,12244.0,13375.0,13907.0,13721.0,13724.0,15090.0,15172.0,12065.0,13996.0,14390.0,
MEX.20.81_2,21231079.0,MEX,Salina Cruz,0.00376,20505.0,20865.0,21614.0,17677.0,16416.0,15971.0,16278.0,15623.0,16675.0,16571.0,16116.0,16246.0,16828.0,17664.0,18503.0,17400.0,19422.0,18022.0,18655.0,17477.0,18178.0,18873.0,19372.0,19286.0,19585.0,23307.0,20951.0,22328.0,24072.0,17779.0,18434.0,16386.0,16792.0,
MEX.20.82_2,21231080.0,MEX,San Agustín Amatengo,0.00679,3849.0,3961.0,3997.0,4240.0,4386.0,4120.0,4240.0,4037.0,3981.0,3762.0,3393.0,4104.0,4176.0,4592.0,4591.0,4898.0,4909.0,4798.0,4709.0,4677.0,4823.0,5098.0,5148.0,5793.0,5805.0,5844.0,5621.0,5365.0,5814.0,5780.0,5911.0,6029.0,6372.0,
MEX.20.83_2,21231081.0,MEX,San Agustín Atenango,0.00314,4171.0,4361.0,4306.0,4536.0,5193.0,4873.0,5465.0,5296.0,5159.0,5214.0,4620.0,5452.0,5329.0,5409.0,5492.0,5330.0,5643.0,5363.0,5419.0,5334.0,5454.0,5400.0,5914.0,5519.0,6204.0,6096.0,5166.0,5277.0,5983.0,5477.0,6367.0,6017.0,6166.0,
MEX.20.84_2,21231082.0,MEX,San Agustín Chayuco,-0.00999,5671.0,5534.0,5442.0,7864.0,11218.0,10983.0,10112.0,11643.0,5500.0,4895.0,6267.0,7430.0,7650.0,5345.0,4632.0,3843.0,3764.0,3797.0,3658.0,3710.0,3577.0,3201.0,3456.0,3658.0,4527.0,3702.0,3348.0,3832.0,4139.0,3745.0,3830.0,3670.0,3780.0,
MEX.20.85_2,21231083.0,MEX,San Agustín de las Juntas,0.00464,19033.0,19310.0,19968.0,16206.0,15991.0,15010.0,15249.0,14635.0,15376.0,15541.0,15468.0,15800.0,16073.0,17203.0,18063.0,16611.0,19047.0,17592.0,18218.0,17033.0,17330.0,17650.0,16986.0,18048.0,17170.0,20867.0,20175.0,21535.0,24072.0,22603.0,18043.0,21933.0,23223.0,
MEX.20.86_2,21231084.0,MEX,San Agustín Etla,0.00581,11666.0,13515.0,12819.0,11951.0,11692.0,10056.0,9885.0,9320.0,9836.0,9435.0,9962.0,8885.0,8933.0,9881.0,10872.0,9711.0,12201.0,10590.0,9137.0,8109.0,8903.0,9071.0,14861.0,14246.0,15034.0,15137.0,13163.0,13432.0,14328.0,13813.0,14136.0,14745.0,15110.0,
MEX.20.87_2,21231085.0,MEX,San Agustín Loxicha,0.00487,4088.0,3834.0,3717.0,4595.0,4878.0,4776.0,4131.0,4570.0,4012.0,4636.0,6317.0,6612.0,4783.0,4803.0,4942.0,4310.0,5580.0,5622.0,5135.0,5366.0,4924.0,4522.0,5501.0,5119.0,5748.0,5502.0,5573.0,5619.0,5946.0,5836.0,5968.0,5931.0,6640.0,
MEX.20.88_2,21231086.0,MEX,San Agustín Tlacotepec,0.00237,3538.0,3809.0,3134.0,3996.0,4989.0,4884.0,3814.0,3661.0,3660.0,4132.0,5141.0,6108.0,5617.0,5409.0,5674.0,5199.0,5789.0,5752.0,6199.0,6571.0,6041.0,5712.0,5290.0,4843.0,5198.0,4702.0,4945.0,4259.0,4279.0,5198.0,5316.0,4874.0,4836.0,
MEX.20.89_2,21231087.0,MEX,San Agustín Yatareni,0.00479,19033.0,19310.0,19968.0,16206.0,15817.0,14829.0,15081.0,14475.0,15243.0,15424.0,15351.0,15682.0,15956.0,17150.0,18008.0,16463.0,18955.0,17507.0,18131.0,16952.0,17668.0,17981.0,17397.0,18197.0,17535.0,21244.0,20318.0,21699.0,22081.0,20685.0,17333.0,19873.0,21113.0,
MEX.20.90_2,21231088.0,MEX,San Andrés Cabecera Nueva,0.00481,2768.0,2623.0,2750.0,3716.0,3674.0,3923.0,3783.0,3783.0,3582.0,3741.0,3951.0,3736.0,3383.0,3540.0,3485.0,3288.0,3902.0,3545.0,3423.0,3471.0,3331.0,3543.0,3915.0,3808.0,4629.0,4133.0,4152.0,3954.0,4195.0,4740.0,5449.0,4360.0,4489.0,
MEX.20.91_2,21231089.0,MEX,San Andrés Dinicuiti,0.00334,10437.0,10856.0,9859.0,12092.0,11502.0,10261.0,10340.0,10075.0,10272.0,10450.0,9425.0,10337.0,10165.0,10776.0,11291.0,10495.0,11836.0,11245.0,11414.0,10943.0,11122.0,11276.0,12430.0,11819.0,13382.0,13720.0,11465.0,12264.0,12360.0,11543.0,12330.0,12380.0,12687.0,
MEX.20.92_2,21231090.0,MEX,San Andrés Huaxpaltepec,0.0,2042.0,2213.0,3638.0,4936.0,5876.0,4923.0,4237.0,4326.0,3889.0,3730.0,4273.0,4794.0,4170.0,4259.0,4137.0,3632.0,5498.0,5635.0,5453.0,5402.0,5259.0,3494.0,3272.0,4013.0,4302.0,3660.0,3708.0,3919.0,4572.0,4440.0,4869.0,5074.0,5167.0,
MEX.20.93_2,21231091.0,MEX,San Andrés Huayápam,0.00641,12581.0,13392.0,12732.0,10830.0,10295.0,10298.0,9539.0,9106.0,9704.0,9954.0,10376.0,10441.0,10523.0,11112.0,12081.0,10642.0,12971.0,11931.0,12644.0,10966.0,11601.0,12194.0,13330.0,12587.0,13589.0,14726.0,13249.0,13800.0,14896.0,14653.0,12779.0,14169.0,14521.0,
MEX.20.94_2,21231092.0,MEX,San Andrés Ixtlahuaca,0.00308,10844.0,10882.0,10940.0,12531.0,12161.0,11623.0,11898.0,11419.0,11639.0,12074.0,12018.0,12453.0,12406.0,12708.0,14148.0,12474.0,14883.0,14082.0,14316.0,12910.0,13950.0,13913.0,14071.0,14215.0,14208.0,14282.0,12561.0,12688.0,13765.0,13290.0,13444.0,13911.0,14256.0,
MEX.20.95_2,21231093.0,MEX,San Andrés Lagunas,0.0,3593.0,4150.0,4399.0,5170.0,5729.0,6112.0,5844.0,6330.0,7047.0,5845.0,5196.0,5360.0,5444.0,5830.0,5831.0,5353.0,5719.0,5724.0,5787.0,5616.0,5639.0,5705.0,5900.0,5654.0,6096.0,5725.0,5514.0,5304.0,5860.0,5646.0,6802.0,5947.0,5708.0,
MEX.20.96_2,21231094.0,MEX,San Andrés Nuxiño,0.00425,8223.0,8476.0,8730.0,10330.0,9126.0,9684.0,10227.0,9893.0,9684.0,9744.0,8707.0,9179.0,9044.0,9647.0,9873.0,9448.0,10484.0,9899.0,10534.0,10142.0,10265.0,10552.0,12063.0,11262.0,12548.0,12782.0,10778.0,11174.0,11984.0,11340.0,11123.0,11244.0,11548.0,
MEX.20.97_2,21231095.0,MEX,San Andrés Paxtlán,0.0,3120.0,2920.0,3275.0,4596.0,6087.0,5126.0,5595.0,5315.0,4439.0,5632.0,6863.0,6246.0,5643.0,5491.0,5548.0,4688.0,5415.0,5469.0,5394.0,5236.0,5256.0,4223.0,5568.0,4172.0,4779.0,5723.0,4663.0,5433.0,5960.0,4774.0,5311.0,5534.0,5870.0,
MEX.20.98_2,21231096.0,MEX,San Andrés Sinaxtla,0.00249,8178.0,8339.0,5010.0,6471.0,5886.0,6100.0,6700.0,6688.0,6915.0,6800.0,5493.0,5830.0,5910.0,5957.0,6232.0,6084.0,6463.0,6155.0,6180.0,6054.0,5675.0,5824.0,6591.0,6485.0,7361.0,7951.0,5902.0,6996.0,7505.0,6799.0,13114.0,12970.0,13268.0,
MEX.20.99_2,21231097.0,MEX,San Andrés Solaga,0.0034,3294.0,3287.0,3080.0,4159.0,4471.0,4377.0,4064.0,4157.0,3451.0,4209.0,5012.0,5223.0,4582.0,3534.0,4183.0,3599.0,5278.0,4925.0,4887.0,4923.0,4762.0,3524.0,4558.0,4473.0,4923.0,5159.0,3576.0,4522.0,5044.0,4599.0,4935.0,5142.0,5270.0,
MEX.20.100_2,21231098.0,MEX,San Andrés Teotilálpam,-0.00606,3726.0,3943.0,4364.0,5796.0,7011.0,6098.0,5760.0,6141.0,7155.0,5946.0,6741.0,6404.0,7048.0,7724.0,6054.0,6190.0,5721.0,5739.0,6137.0,6458.0,5980.0,5866.0,5441.0,4635.0,5260.0,4839.0,4516.0,4736.0,4852.0,4545.0,4648.0,4800.0,4897.0,
MEX.20.101_2,21231099.0,MEX,San Andrés Tepetlapa,0.00207,8037.0,7490.0,7616.0,9628.0,9419.0,9618.0,9129.0,9547.0,9823.0,10120.0,9440.0,9265.0,8898.0,9637.0,9933.0,8990.0,10531.0,9854.0,10107.0,9635.0,9727.0,9799.0,10361.0,9431.0,10227.0,10383.0,9347.0,9863.0,10430.0,10177.0,11062.0,10911.0,11182.0,
MEX.20.102_2,21231100.0,MEX,San Andrés Yaá,0.00369,3851.0,3777.0,3920.0,4843.0,5890.0,4960.0,4035.0,4398.0,4103.0,4401.0,4986.0,5921.0,4880.0,4825.0,4959.0,4385.0,5887.0,5089.0,5044.0,5480.0,5197.0,4098.0,5559.0,4643.0,5467.0,5327.0,5637.0,5258.0,5603.0,5474.0,5599.0,5720.0,5862.0,
MEX.20.103_2,21231101.0,MEX,San Andrés Zabache,0.00427,4160.0,4372.0,4532.0,5346.0,5935.0,5630.0,5108.0,4918.0,4790.0,4505.0,3694.0,4533.0,4700.0,5007.0,5161.0,4667.0,5558.0,5437.0,5260.0,5190.0,5246.0,5224.0,6022.0,5609.0,6059.0,6069.0,5783.0,5268.0,5880.0,5631.0,5895.0,6142.0,6007.0,
MEX.20.104_2,21231102.0,MEX,San Andrés Zautla,0.0095,8136.0,8202.0,6906.0,8544.0,8397.0,7187.0,6836.0,6971.0,7311.0,7071.0,6243.0,6614.0,6784.0,7421.0,10955.0,7092.0,8044.0,9154.0,9414.0,8181.0,9173.0,9488.0,9834.0,9903.0,9757.0,10059.0,13201.0,11499.0,12237.0,13724.0,9927.0,12109.0,12409.0,
MEX.20.105_2,21231103.0,MEX,San Antonino Castillo Velasco,0.00987,6394.0,6586.0,7534.0,7611.0,7209.0,6655.0,6695.0,6464.0,6528.0,6069.0,6374.0,6822.0,6938.0,7799.0,8052.0,7750.0,7336.0,7895.0,8027.0,7515.0,7822.0,8036.0,10696.0,9561.0,10893.0,11020.0,10086.0,10510.0,11370.0,10975.0,11245.0,11819.0,12112.0,
MEX.20.106_2,21231104.0,MEX,San Antonino el Alto,0.0,4366.0,4123.0,4170.0,5761.0,5713.0,5765.0,6804.0,5632.0,4045.0,4786.0,4763.0,4674.0,4719.0,4933.0,5748.0,4975.0,6271.0,6000.0,5831.0,5861.0,5763.0,5368.0,5974.0,5220.0,5922.0,5695.0,5182.0,5192.0,5552.0,4926.0,5629.0,4737.0,5140.0,
MEX.20.107_2,21231105.0,MEX,San Antonino Monte Verde,0.00732,3551.0,4163.0,4067.0,4792.0,4391.0,3907.0,3884.0,4127.0,4296.0,4140.0,3771.0,4307.0,4487.0,5339.0,5388.0,5203.0,5478.0,5250.0,5318.0,5143.0,5437.0,5567.0,5961.0,5756.0,6180.0,6358.0,5266.0,5694.0,6518.0,6024.0,6258.0,6276.0,6718.0,
MEX.20.108_2,21231106.0,MEX,San Antonio Acutla,0.00621,5179.0,5319.0,5083.0,6549.0,5903.0,5420.0,5388.0,5482.0,5962.0,5694.0,4814.0,5731.0,5903.0,6402.0,6127.0,6134.0,7149.0,6771.0,6819.0,6551.0,6644.0,7158.0,7764.0,7385.0,8052.0,7968.0,6933.0,6991.0,7412.0,7411.0,7298.0,7965.0,8133.0,
MEX.20.109_2,21231107.0,MEX,San Antonio de la Cal,0.00479,19033.0,19310.0,19968.0,16206.0,15817.0,14829.0,15081.0,14475.0,15243.0,15424.0,15351.0,15682.0,15956.0,17150.0,18008.0,16463.0,18955.0,17507.0,18131.0,16952.0,17668.0,17981.0,17397.0,18197.0,17535.0,21244.0,20318.0,21699.0,22081.0,20685.0,17333.0,19873.0,21113.0,
MEX.20.110_2,21231108.0,MEX,San Antonio Huitepec,0.01034,3318.0,3160.0,3166.0,4535.0,4606.0,4598.0,4406.0,4353.0,3823.0,4427.0,4055.0,4136.0,3485.0,3563.0,3954.0,3634.0,4688.0,4254.0,4652.0,4796.0,4533.0,4708.0,6152.0,5348.0,6323.0,6249.0,5066.0,5427.0,6635.0,6263.0,6576.0,6731.0,6918.0,
MEX.20.111_2,21231109.0,MEX,San Antonio Nanahuatípam,0.00134,4268.0,4130.0,4232.0,5192.0,5227.0,5722.0,5565.0,5791.0,5902.0,6023.0,5822.0,5637.0,5100.0,5379.0,5479.0,4866.0,5284.0,5325.0,4660.0,4915.0,4960.0,4936.0,5513.0,5698.0,5470.0,5999.0,5120.0,5130.0,5551.0,5484.0,5698.0,5937.0,6084.0,
MEX.20.112_2,21231110.0,MEX,San Antonio Sinicahua,0.0017,3407.0,3275.0,3054.0,3882.0,4268.0,4179.0,3958.0,4119.0,3831.0,4447.0,5099.0,6331.0,5993.0,5856.0,5571.0,5458.0,5191.0,5259.0,5677.0,6329.0,5388.0,4746.0,5201.0,5103.0,5363.0,5246.0,5614.0,5102.0,5352.0,5111.0,5271.0,5492.0,5087.0,
MEX.20.113_2,21231111.0,MEX,San Antonio Tepetlapa,0.0,3334.0,2872.0,2676.0,3930.0,4454.0,3323.0,3486.0,3797.0,4145.0,5188.0,5583.0,6601.0,5961.0,6454.0,6266.0,6490.0,6208.0,6210.0,6457.0,6559.0,5128.0,5564.0,5742.0,4809.0,5000.0,4433.0,3403.0,4160.0,4240.0,3842.0,3963.0,4129.0,4555.0,
MEX.20.114_2,21231112.0,MEX,San Baltazar Chichicápam,-0.00189,4426.0,4790.0,5109.0,5476.0,6056.0,6390.0,6107.0,6139.0,6598.0,5569.0,4709.0,5491.0,5307.0,6132.0,6114.0,5915.0,6240.0,5420.0,5481.0,5304.0,5341.0,5053.0,5034.0,4816.0,5440.0,5322.0,5152.0,4966.0,5394.0,5225.0,6179.0,5545.0,5385.0,
MEX.20.115_2,21231113.0,MEX,San Baltazar Loxicha,0.0,2575.0,2409.0,2661.0,3928.0,3883.0,3664.0,3387.0,3774.0,3567.0,3903.0,4875.0,4596.0,4163.0,4954.0,3972.0,4201.0,4016.0,3552.0,3643.0,3881.0,3490.0,3170.0,3688.0,2838.0,4025.0,3498.0,3923.0,3454.0,3863.0,3700.0,3784.0,3830.0,4008.0,
MEX.20.116_2,21231114.0,MEX,San Baltazar Yatzachi el Bajo,0.00213,3800.0,3744.0,4007.0,5142.0,6633.0,6073.0,5572.0,5584.0,4380.0,5229.0,6253.0,6304.0,5200.0,5856.0,5858.0,4606.0,6386.0,6207.0,5905.0,5871.0,5765.0,5065.0,6127.0,5532.0,6049.0,6082.0,5845.0,5662.0,6340.0,5827.0,6372.0,6639.0,7085.0,
MEX.20.117_2,21231115.0,MEX,San Bartolo Coyotepec,0.00546,10231.0,10425.0,11156.0,11211.0,10826.0,10264.0,7255.0,6998.0,7757.0,7131.0,7536.0,7934.0,7847.0,12196.0,13656.0,12015.0,14048.0,13589.0,13816.0,12478.0,13463.0,13406.0,14160.0,13779.0,14335.0,14782.0,12963.0,13096.0,14233.0,13721.0,14189.0,14723.0,15077.0,
MEX.20.118_2,21231116.0,MEX,San Bartolo Soyaltepec,0.00453,5174.0,5656.0,5711.0,6920.0,6673.0,6644.0,6699.0,6748.0,6942.0,6843.0,5742.0,6991.0,7052.0,7764.0,7661.0,7488.0,8149.0,7709.0,7773.0,7523.0,7574.0,8016.0,8925.0,8096.0,9145.0,9071.0,7716.0,8082.0,8406.0,8146.0,7796.0,8407.0,8586.0,
MEX.20.119_2,21231117.0,MEX,San Bartolo Yautepec,0.0009,6540.0,6756.0,7508.0,8757.0,9069.0,8328.0,8157.0,8244.0,8204.0,7799.0,7648.0,8253.0,7637.0,8215.0,7265.0,6568.0,7741.0,7608.0,8084.0,7530.0,7877.0,7599.0,7709.0,7606.0,8217.0,8040.0,8183.0,8194.0,8099.0,7960.0,8764.0,8226.0,8353.0,
MEX.20.120_2,21231118.0,MEX,San Bartolomé Ayautla,-0.00143,4132.0,3980.0,4172.0,6188.0,6919.0,5975.0,5878.0,6167.0,5905.0,6147.0,5452.0,7026.0,6620.0,6771.0,6224.0,5811.0,5829.0,5826.0,6180.0,6941.0,6091.0,5134.0,5090.0,5240.0,5786.0,5533.0,5294.0,5375.0,5668.0,5519.0,5644.0,5711.0,5830.0,
MEX.20.121_2,21231119.0,MEX,San Bartolomé Loxicha,0.00604,3613.0,3276.0,3038.0,4137.0,4089.0,3787.0,3658.0,3761.0,3615.0,4062.0,5308.0,5536.0,5252.0,4653.0,4530.0,4645.0,5319.0,4813.0,4729.0,5172.0,4813.0,4694.0,5432.0,5275.0,5963.0,5555.0,4873.0,5038.0,5211.0,4937.0,5878.0,4918.0,5269.0,
MEX.20.122_2,21231120.0,MEX,San Bartolomé Quialana,0.01108,5054.0,4443.0,4674.0,5328.0,6191.0,5584.0,5852.0,5867.0,6713.0,6079.0,6335.0,6343.0,6783.0,7833.0,7913.0,7798.0,10461.0,10529.0,10291.0,9945.0,10604.0,12023.0,12525.0,9565.0,7072.0,6462.0,5865.0,5989.0,6496.0,6239.0,7539.0,6991.0,7164.0,
MEX.20.123_2,21231121.0,MEX,San Bartolomé Yucuañe,0.00178,6006.0,6277.0,6517.0,7825.0,7926.0,7420.0,7325.0,7255.0,6751.0,7435.0,7299.0,7887.0,7497.0,8174.0,8640.0,6396.0,7578.0,7111.0,6983.0,6540.0,6842.0,6928.0,7629.0,7393.0,8116.0,8187.0,7446.0,7559.0,8041.0,8215.0,8821.0,8466.0,8694.0,
MEX.20.124_2,21231122.0,MEX,San Bartolomé Zoogocho,0.00598,3847.0,3633.0,3409.0,4857.0,6384.0,5209.0,5987.0,5107.0,4023.0,3728.0,6095.0,5159.0,4120.0,3706.0,4593.0,4020.0,4561.0,4556.0,4811.0,4818.0,4851.0,3997.0,4512.0,4805.0,5316.0,5364.0,4947.0,5028.0,6526.0,6133.0,6466.0,6737.0,6834.0,
MEX.20.125_2,21231123.0,MEX,San Bernardo Mixtepec,0.0041,4084.0,4627.0,4496.0,6028.0,5339.0,5575.0,5523.0,5423.0,5559.0,5377.0,4214.0,5186.0,5211.0,5557.0,5594.0,5377.0,5805.0,5401.0,5567.0,5415.0,5356.0,5513.0,5980.0,5572.0,6287.0,6744.0,5211.0,6033.0,6461.0,6609.0,7376.0,6844.0,7014.0,
MEX.20.126_2,21231124.0,MEX,San Blas Atempa,0.00485,11628.0,11854.0,12177.0,12440.0,11893.0,10957.0,10501.0,10962.0,11400.0,11387.0,11761.0,11935.0,12049.0,12849.0,13739.0,12179.0,14124.0,13702.0,13928.0,12551.0,13572.0,13903.0,14519.0,13531.0,14503.0,14927.0,14397.0,14798.0,15737.0,15710.0,14216.0,15242.0,15533.0,
MEX.20.127_2,21231125.0,MEX,San Carlos Yautepec,0.00383,5326.0,5332.0,5550.0,6328.0,5843.0,5474.0,5407.0,5234.0,5252.0,5646.0,6345.0,6135.0,5821.0,6145.0,5975.0,6071.0,6831.0,5930.0,5794.0,5857.0,5646.0,5782.0,6517.0,6366.0,7269.0,7366.0,6292.0,6663.0,7238.0,6834.0,7406.0,7000.0,7473.0,
MEX.20.128_2,21231126.0,MEX,San Cristóbal Amatlán,0.0,2793.0,2754.0,2413.0,3298.0,4219.0,4130.0,4234.0,3453.0,3532.0,4057.0,4335.0,4370.0,4022.0,5039.0,5028.0,4206.0,4983.0,4772.0,5499.0,4928.0,5229.0,3644.0,3976.0,3641.0,4150.0,3694.0,3574.0,3813.0,3950.0,3776.0,3876.0,4039.0,4139.0,
MEX.20.129_2,21231127.0,MEX,San Cristóbal Amoltepec,0.00172,3928.0,3726.0,3766.0,5255.0,5226.0,5068.0,5305.0,5437.0,5154.0,5379.0,6007.0,5332.0,4877.0,5225.0,5490.0,5017.0,6054.0,5845.0,5753.0,5722.0,5606.0,5454.0,6175.0,5619.0,6126.0,6318.0,4906.0,5203.0,5297.0,4679.0,4785.0,4927.0,5331.0,
MEX.20.130_2,21231128.0,MEX,San Cristóbal Lachirioag,0.00129,3844.0,4025.0,3849.0,5024.0,4966.0,4724.0,4389.0,4506.0,4627.0,4353.0,3869.0,4506.0,4265.0,4338.0,4249.0,4408.0,4853.0,4521.0,4403.0,4582.0,4255.0,4271.0,4526.0,4304.0,4743.0,4520.0,4045.0,4861.0,5094.0,4460.0,4689.0,4886.0,5007.0,
MEX.20.131_2,21231129.0,MEX,San Cristóbal Suchixtlahuaca,0.00166,5962.0,6255.0,6324.0,7080.0,6202.0,6022.0,6194.0,6191.0,7248.0,7334.0,6388.0,7474.0,7501.0,8181.0,7017.0,6343.0,7376.0,7008.0,7060.0,6576.0,6879.0,7224.0,7817.0,7290.0,7963.0,7698.0,6566.0,6616.0,7008.0,6789.0,6548.0,7145.0,7454.0,
MEX.20.132_2,21231130.0,MEX,San Dionisio del Mar,0.00497,3778.0,4020.0,3787.0,4475.0,4983.0,4452.0,4902.0,4978.0,5116.0,4941.0,4473.0,5561.0,5859.0,6113.0,6166.0,6004.0,6308.0,6041.0,6134.0,5999.0,5977.0,5943.0,6599.0,5989.0,7084.0,6997.0,5763.0,5980.0,6001.0,5318.0,5860.0,5535.0,5673.0,
MEX.20.133_2,21231131.0,MEX,San Dionisio Ocotepec,0.00533,3427.0,3155.0,3510.0,4030.0,4424.0,3744.0,4079.0,3847.0,3716.0,3794.0,3540.0,4268.0,4172.0,4506.0,4564.0,4187.0,4476.0,4442.0,4798.0,4732.0,4675.0,4588.0,5973.0,4672.0,5466.0,5459.0,4975.0,4670.0,5014.0,4790.0,5012.0,5223.0,5352.0,
MEX.20.134_2,21231132.0,MEX,San Dionisio Ocotlán,0.00295,7939.0,10076.0,10061.0,8031.0,7634.0,8399.0,8258.0,8144.0,8684.0,8342.0,8675.0,8940.0,8802.0,9529.0,15257.0,8445.0,8526.0,8195.0,8311.0,7842.0,8548.0,8413.0,9363.0,8572.0,9718.0,10122.0,9889.0,10555.0,11393.0,9684.0,9082.0,10253.0,10508.0,
MEX.20.135_2,21231133.0,MEX,San Esteban Atatlahuca,0.0009,3483.0,3608.0,3944.0,5462.0,5903.0,5780.0,5667.0,4335.0,4434.0,4613.0,4986.0,6110.0,5728.0,5464.0,5526.0,5371.0,5226.0,5339.0,5779.0,6239.0,5487.0,4846.0,5312.0,4939.0,5475.0,5437.0,5784.0,5231.0,5548.0,5266.0,5391.0,5617.0,5734.0,
MEX.20.136_2,21231134.0,MEX,San Felipe Jalapa de Díaz,0.0032,5729.0,6160.0,5015.0,6656.0,7033.0,6987.0,7410.0,6810.0,7606.0,7032.0,6215.0,6739.0,7642.0,9071.0,9186.0,8654.0,9653.0,9162.0,8829.0,8217.0,8604.0,9080.0,8919.0,8356.0,8859.0,8464.0,6293.0,6166.0,7180.0,6450.0,6622.0,6900.0,7071.0,
MEX.20.137_2,21231135.0,MEX,San Felipe Tejalápam,0.00075,11561.0,11853.0,11505.0,10901.0,10656.0,11060.0,11340.0,10760.0,11227.0,11223.0,11484.0,11352.0,11389.0,12941.0,13925.0,12369.0,13627.0,12976.0,13120.0,11626.0,12841.0,12788.0,12497.0,12865.0,12292.0,12794.0,12710.0,11371.0,11133.0,12396.0,10638.0,11367.0,11649.0,
MEX.20.138_2,21231136.0,MEX,San Felipe Usila,0.00313,4550.0,4938.0,4208.0,5075.0,5694.0,4452.0,3937.0,4457.0,4067.0,3781.0,4141.0,4931.0,5057.0,4954.0,4435.0,4423.0,4930.0,4596.0,4569.0,4925.0,4452.0,4676.0,5360.0,5399.0,5745.0,5510.0,4641.0,5372.0,5191.0,5177.0,5295.0,5433.0,5060.0,
MEX.20.139_2,21231137.0,MEX,San Francisco Cahuacuá,0.00209,4746.0,4852.0,5013.0,5908.0,5659.0,4940.0,4822.0,4737.0,4661.0,4642.0,4912.0,5014.0,4936.0,4976.0,4982.0,4815.0,5628.0,5011.0,5021.0,4977.0,4893.0,5001.0,5328.0,5301.0,6249.0,5812.0,5180.0,5887.0,6430.0,6292.0,7077.0,6615.0,6944.0,
MEX.20.140_2,21231138.0,MEX,San Francisco Cajonos,0.00125,4015.0,4020.0,3699.0,4992.0,6651.0,5477.0,6577.0,5560.0,4669.0,5623.0,6755.0,6809.0,5762.0,5030.0,5852.0,5033.0,6379.0,6128.0,5793.0,5762.0,5645.0,5014.0,6020.0,5644.0,6398.0,6086.0,5322.0,5588.0,5918.0,5603.0,6805.0,5962.0,6012.0,
MEX.20.141_2,21231139.0,MEX,San Francisco Chapulapa,0.00352,2734.0,2780.0,2037.0,2863.0,3808.0,3729.0,3455.0,3974.0,3485.0,3809.0,4472.0,4828.0,4415.0,4476.0,4734.0,4003.0,5326.0,4837.0,5261.0,4995.0,5057.0,4101.0,4031.0,3916.0,4332.0,4404.0,4145.0,3924.0,4392.0,4046.0,4137.0,3905.0,4415.0,
MEX.20.142_2,21231140.0,MEX,San Francisco Chindúa,0.00403,4445.0,4518.0,4446.0,5862.0,4969.0,4732.0,4843.0,4959.0,5307.0,4951.0,4128.0,4856.0,5025.0,5382.0,5137.0,5219.0,5293.0,5089.0,5244.0,5030.0,5125.0,5561.0,5860.0,5723.0,6432.0,6339.0,5181.0,5300.0,5828.0,5493.0,6256.0,6018.0,6167.0,
MEX.20.143_2,21231141.0,MEX,San Francisco del Mar,0.00521,2529.0,2481.0,2724.0,3783.0,4449.0,4356.0,3924.0,4134.0,3677.0,4773.0,4887.0,5923.0,5534.0,5827.0,6072.0,4568.0,5975.0,6467.0,6517.0,6853.0,6504.0,5260.0,5362.0,5088.0,5407.0,4549.0,4789.0,4248.0,4581.0,5238.0,5357.0,4676.0,4551.0,
MEX.20.144_2,21231142.0,MEX,San Francisco Huehuetlán,0.00183,7686.0,8127.0,8196.0,8423.0,8508.0,7102.0,7494.0,8233.0,8823.0,9307.0,9118.0,10636.0,10669.0,8824.0,8743.0,9216.0,7907.0,8448.0,8403.0,7903.0,8691.0,8429.0,9205.0,8199.0,7917.0,8880.0,8784.0,10171.0,10655.0,10601.0,9344.0,9660.0,9841.0,
MEX.20.145_2,21231143.0,MEX,San Francisco Ixhuatán,0.0,2642.0,2419.0,2230.0,3453.0,5551.0,4617.0,4043.0,4115.0,3618.0,3930.0,4178.0,4656.0,3382.0,4413.0,4315.0,3901.0,4753.0,4447.0,4466.0,4303.0,4352.0,2466.0,3168.0,3168.0,3863.0,3760.0,3623.0,4085.0,4406.0,4034.0,4313.0,4495.0,4606.0,
MEX.20.146_2,21231144.0,MEX,San Francisco Jaltepetongo,0.00249,3453.0,3860.0,4172.0,5206.0,4851.0,5062.0,5063.0,5171.0,5485.0,5275.0,4186.0,5111.0,5151.0,5611.0,5467.0,5315.0,5677.0,5446.0,5484.0,5407.0,5361.0,5436.0,5742.0,5474.0,6195.0,5978.0,4651.0,5242.0,5573.0,5171.0,5907.0,5857.0,6002.0,
MEX.20.147_2,21231145.0,MEX,San Francisco Lachigoló,0.00697,10430.0,12619.0,13537.0,12472.0,10987.0,11268.0,9772.0,8830.0,9135.0,11473.0,11348.0,11029.0,10858.0,10516.0,11523.0,10393.0,13118.0,11496.0,11685.0,10498.0,11386.0,11684.0,15322.0,12736.0,14942.0,15327.0,13908.0,15011.0,16811.0,14900.0,15530.0,16036.0,16434.0,
MEX.20.148_2,21231146.0,MEX,San Francisco Logueche,-0.0024,2642.0,2403.0,2314.0,3307.0,5505.0,4716.0,4034.0,4195.0,4088.0,3884.0,5053.0,4627.0,4164.0,4124.0,4197.0,3794.0,4516.0,4306.0,4308.0,3905.0,4147.0,3024.0,3236.0,3508.0,4062.0,3777.0,3341.0,3641.0,3851.0,3574.0,3655.0,3806.0,3946.0,
MEX.20.149_2,21231147.0,MEX,San Francisco Nuxaño,0.00354,4185.0,4319.0,4530.0,5039.0,4869.0,5160.0,5565.0,5375.0,5338.0,5141.0,4258.0,5053.0,5118.0,5489.0,5278.0,5259.0,5505.0,5299.0,5454.0,5448.0,5339.0,5598.0,6207.0,5869.0,6724.0,6534.0,5285.0,5763.0,5935.0,5523.0,6352.0,5957.0,6104.0,
MEX.20.150_2,21231148.0,MEX,San Francisco Ozolotepec,0.00326,2603.0,2363.0,2628.0,4182.0,4361.0,4501.0,4195.0,4446.0,4455.0,4488.0,4504.0,4507.0,4291.0,4856.0,4679.0,4733.0,5532.0,5067.0,4978.0,4915.0,5107.0,5042.0,5189.0,4666.0,5280.0,4683.0,4475.0,4536.0,4342.0,4437.0,4537.0,4383.0,4482.0,
MEX.20.151_2,21231149.0,MEX,San Francisco Sola,0.00314,4246.0,4426.0,4270.0,5272.0,4510.0,4622.0,4582.0,4746.0,5005.0,4912.0,4242.0,4832.0,4938.0,5265.0,5004.0,4956.0,5198.0,4941.0,5087.0,4855.0,4957.0,5365.0,5501.0,5436.0,6127.0,6063.0,4554.0,5075.0,5359.0,4922.0,5519.0,5546.0,5684.0,
MEX.20.152_2,21231150.0,MEX,San Francisco Telixtlahuaca,-0.00498,8577.0,9274.0,8693.0,10292.0,10242.0,9663.0,9634.0,9761.0,9643.0,10094.0,8975.0,9451.0,8948.0,9228.0,9461.0,9020.0,5764.0,6001.0,6318.0,6191.0,6095.0,6418.0,8856.0,8880.0,7021.0,6817.0,5904.0,6083.0,6961.0,6947.0,8070.0,7888.0,7980.0,
MEX.20.153_2,21231151.0,MEX,San Francisco Teopan,0.00236,7814.0,6854.0,7021.0,7573.0,7138.0,6756.0,6680.0,6932.0,7222.0,7234.0,6401.0,7505.0,7576.0,8308.0,7181.0,6492.0,7516.0,7251.0,7295.0,8064.0,7109.0,7559.0,8230.0,7640.0,8526.0,8586.0,7541.0,7662.0,8286.0,8030.0,7507.0,8491.0,8600.0,
MEX.20.154_2,21231152.0,MEX,San Francisco Tlapancingo,-0.0022,5433.0,4776.0,5002.0,6759.0,6611.0,6718.0,5577.0,6270.0,6574.0,6972.0,6687.0,6707.0,6321.0,6727.0,7074.0,6451.0,7288.0,5677.0,5228.0,5086.0,5013.0,4924.0,4988.0,4887.0,5436.0,5644.0,5071.0,5226.0,5962.0,5694.0,6415.0,6177.0,6331.0,
MEX.20.155_2,21231153.0,MEX,San Gabriel Mixtepec,0.0066,4166.0,3625.0,2918.0,3962.0,3916.0,3765.0,3322.0,3428.0,3378.0,3520.0,5306.0,5095.0,4980.0,4545.0,4196.0,4540.0,4473.0,4371.0,4259.0,3967.0,4098.0,4265.0,4891.0,4773.0,5280.0,5029.0,5088.0,4839.0,5497.0,6173.0,7394.0,5758.0,5900.0,
MEX.20.156_2,21231154.0,MEX,San Ildefonso Amatlán,0.00362,3308.0,3155.0,2973.0,4209.0,4879.0,4777.0,4932.0,4695.0,4710.0,5000.0,6680.0,6250.0,6395.0,5335.0,6069.0,5738.0,6296.0,5934.0,5855.0,5783.0,5458.0,4974.0,5792.0,4980.0,5498.0,5654.0,6020.0,5839.0,6632.0,5714.0,5968.0,6219.0,6376.0,
MEX.20.157_2,21231155.0,MEX,San Ildefonso Sola,0.00445,5152.0,5352.0,5294.0,6192.0,5503.0,5800.0,5777.0,5999.0,6946.0,5937.0,4869.0,5740.0,6564.0,6403.0,6283.0,6741.0,6416.0,6280.0,6365.0,6034.0,6206.0,7374.0,8082.0,7199.0,8127.0,8031.0,7128.0,7078.0,7661.0,6042.0,6256.0,6454.0,6614.0,
MEX.20.158_2,21231156.0,MEX,San Ildefonso Villa Alta,0.00504,3369.0,3260.0,3137.0,4721.0,4353.0,4237.0,4026.0,4036.0,4058.0,4092.0,3943.0,4165.0,4072.0,4129.0,4039.0,4082.0,4522.0,4195.0,4073.0,4381.0,4131.0,4210.0,4685.0,4534.0,5436.0,5195.0,4303.0,4910.0,5139.0,5042.0,5157.0,5194.0,5323.0,
MEX.20.159_2,21231157.0,MEX,San Jacinto Amilpas,0.00711,19033.0,19310.0,19968.0,16206.0,15817.0,14829.0,15081.0,14475.0,15243.0,15424.0,15351.0,15682.0,15956.0,17150.0,18008.0,16463.0,18955.0,18362.0,19000.0,17799.0,18514.0,19203.0,19780.0,19434.0,19949.0,23655.0,21069.0,22465.0,24414.0,22950.0,18171.0,22303.0,23603.0,
MEX.20.160_2,21231158.0,MEX,San Jacinto Tlacotepec,0.00484,3519.0,3484.0,3063.0,3915.0,3870.0,3471.0,3329.0,3543.0,3347.0,3637.0,3936.0,4160.0,3826.0,3601.0,3775.0,3708.0,4411.0,4407.0,4360.0,4323.0,4249.0,4352.0,4911.0,4677.0,5633.0,5134.0,3885.0,4275.0,4573.0,4287.0,4384.0,4409.0,4746.0,
MEX.20.161_2,21231159.0,MEX,San Jerónimo Coatlán,0.0045,5112.0,4934.0,5106.0,6233.0,6147.0,5757.0,5692.0,5499.0,5527.0,5729.0,6529.0,6218.0,5981.0,6372.0,6107.0,6228.0,6736.0,6385.0,6246.0,6437.0,6086.0,6297.0,6919.0,6687.0,7339.0,7310.0,6714.0,6941.0,7334.0,7209.0,7666.0,7262.0,7512.0,
MEX.20.162_2,21231160.0,MEX,San Jerónimo Silacayoapilla,0.00545,12311.0,12820.0,12522.0,11299.0,10925.0,9610.0,9516.0,9207.0,9790.0,9525.0,10504.0,13133.0,11576.0,11179.0,12010.0,10853.0,13527.0,11902.0,11418.0,9855.0,11480.0,10321.0,10503.0,11603.0,12194.0,13270.0,13135.0,15011.0,16298.0,14686.0,13893.0,14368.0,14637.0,
MEX.20.163_2,21231161.0,MEX,San Jerónimo Sosola,0.00333,9515.0,9690.0,9880.0,10725.0,9774.0,10449.0,11102.0,10752.0,10469.0,10677.0,9705.0,10354.0,10160.0,10511.0,10753.0,10897.0,12018.0,11281.0,11403.0,10911.0,10824.0,10946.0,12071.0,11479.0,12838.0,13078.0,11176.0,11738.0,12521.0,11907.0,11545.0,12205.0,12479.0,
MEX.20.164_2,21231162.0,MEX,San Jerónimo Taviche,0.00193,6426.0,6613.0,7117.0,8480.0,8645.0,9023.0,9690.0,9718.0,10089.0,10431.0,9433.0,9693.0,9257.0,10509.0,11170.0,10060.0,10639.0,10250.0,10391.0,9889.0,10125.0,9981.0,10106.0,9970.0,10829.0,10904.0,9162.0,9767.0,10539.0,9683.0,10957.0,10414.0,10851.0,
MEX.20.165_2,21231163.0,MEX,San Jerónimo Tecóatl,0.00604,5693.0,5365.0,6006.0,6758.0,7371.0,7110.0,6942.0,7082.0,7746.0,7002.0,6362.0,7922.0,7459.0,8927.0,9436.0,8062.0,10075.0,8805.0,10162.0,8880.0,9587.0,9621.0,9397.0,8742.0,8751.0,9235.0,8146.0,7922.0,9978.0,8901.0,9089.0,9528.0,9764.0,
MEX.20.166_2,21231164.0,MEX,San Jerónimo Tlacochahuaya,0.00744,6778.0,6782.0,5484.0,6091.0,6605.0,5448.0,5148.0,5307.0,5665.0,5396.0,5193.0,5418.0,5584.0,5972.0,5917.0,5762.0,6532.0,6473.0,6399.0,6073.0,6236.0,6604.0,8396.0,7304.0,7565.0,7581.0,7061.0,7495.0,7709.0,8662.0,9768.0,9178.0,7985.0,
MEX.20.167_2,21231165.0,MEX,San Jorge Nuchita,0.00844,3432.0,3551.0,3514.0,4306.0,4111.0,3969.0,4363.0,4214.0,4722.0,4656.0,3938.0,4753.0,5084.0,5486.0,4971.0,5251.0,5870.0,5658.0,5707.0,5633.0,4973.0,6169.0,6829.0,5809.0,6432.0,6511.0,5399.0,5536.0,6261.0,6018.0,5697.0,5663.0,5829.0,
MEX.20.168_2,21231166.0,MEX,San José Ayuquila,0.004,8170.0,8372.0,8613.0,9409.0,9009.0,8784.0,9239.0,8902.0,8503.0,8707.0,8104.0,8765.0,8405.0,8951.0,9423.0,8606.0,10411.0,9964.0,10123.0,9718.0,9864.0,9279.0,10063.0,9717.0,10698.0,11010.0,9665.0,10173.0,10851.0,10133.0,12082.0,11135.0,11113.0,
MEX.20.169_2,21231167.0,MEX,San José Chiltepec,0.0,4722.0,5179.0,4407.0,4088.0,4745.0,4619.0,5340.0,4657.0,5018.0,5309.0,5023.0,4946.0,4606.0,4931.0,5364.0,4732.0,5019.0,5123.0,5208.0,4609.0,4312.0,3702.0,4575.0,4429.0,4804.0,5009.0,4396.0,4474.0,4986.0,4700.0,5394.0,5110.0,5103.0,
MEX.20.170_2,21231168.0,MEX,San José del Peñasco,0.00641,3703.0,3864.0,3762.0,3934.0,4077.0,3992.0,4446.0,4436.0,3667.0,4300.0,5905.0,5449.0,5483.0,5911.0,5127.0,4678.0,5160.0,5291.0,5232.0,5526.0,5513.0,4585.0,4731.0,5583.0,5343.0,5175.0,4297.0,5051.0,5233.0,6154.0,7529.0,6665.0,6962.0,
MEX.20.171_2,21231169.0,MEX,San José del Progreso,0.00611,4358.0,4066.0,4472.0,4991.0,5185.0,5770.0,6715.0,6074.0,6247.0,6053.0,5849.0,6018.0,5511.0,6833.0,6627.0,6596.0,8161.0,8077.0,8173.0,7589.0,6633.0,6679.0,8369.0,7870.0,7600.0,6547.0,6746.0,7416.0,8116.0,6406.0,6437.0,7246.0,7426.0,
MEX.20.172_2,21231170.0,MEX,San José Estancia Grande,0.00378,3871.0,3970.0,4261.0,5490.0,5752.0,5830.0,5890.0,5979.0,5819.0,6296.0,5878.0,6324.0,5997.0,6721.0,6493.0,6443.0,7501.0,6960.0,6684.0,6819.0,6514.0,6720.0,6808.0,6536.0,7191.0,6546.0,6204.0,6291.0,6737.0,6423.0,7456.0,6613.0,6767.0,
MEX.20.173_2,21231171.0,MEX,San José Independencia,0.00345,2833.0,2755.0,3040.0,4319.0,4445.0,4352.0,3662.0,4162.0,3372.0,4053.0,4123.0,4156.0,3907.0,3836.0,4103.0,3709.0,4425.0,4265.0,4190.0,4309.0,4226.0,3008.0,3772.0,3656.0,5011.0,4590.0,3769.0,4060.0,4439.0,4825.0,5828.0,5188.0,5317.0,
MEX.20.174_2,21231172.0,MEX,San José Lachiguiri,0.00272,2697.0,2770.0,2278.0,3191.0,3728.0,3650.0,3193.0,3553.0,3634.0,3883.0,4100.0,5236.0,4433.0,4676.0,5027.0,3556.0,5240.0,4960.0,5394.0,4944.0,4993.0,3797.0,4217.0,4208.0,4449.0,3903.0,4393.0,3870.0,4209.0,4186.0,4280.0,4273.0,4382.0,
MEX.20.175_2,21231173.0,MEX,San José Tenango,0.00849,2763.0,2869.0,2738.0,3361.0,4906.0,4232.0,4059.0,4128.0,3527.0,3788.0,4698.0,5141.0,4096.0,5088.0,5379.0,5240.0,6369.0,6398.0,6820.0,6027.0,6645.0,6521.0,5100.0,4946.0,4986.0,3921.0,3944.0,4076.0,4046.0,4456.0,4557.0,4194.0,3992.0,
MEX.20.176_2,21231174.0,MEX,San Juan Achiutla,0.00268,5066.0,4876.0,4898.0,6402.0,6851.0,6411.0,6722.0,6485.0,6122.0,6671.0,7886.0,6811.0,6341.0,6768.0,7143.0,6538.0,7785.0,7397.0,7274.0,7133.0,7088.0,6919.0,7726.0,6901.0,7532.0,7841.0,6685.0,6416.0,7164.0,6806.0,7131.0,7165.0,7594.0,
MEX.20.177_2,21231175.0,MEX,San Juan Atepec,0.0042,5523.0,5590.0,5731.0,7051.0,7182.0,7019.0,7986.0,6013.0,5099.0,6212.0,7352.0,6341.0,5175.0,5621.0,6371.0,5348.0,7085.0,6723.0,6509.0,6521.0,7404.0,6735.0,8168.0,7626.0,8337.0,8268.0,7300.0,7285.0,7761.0,7233.0,7400.0,7408.0,7627.0,
MEX.20.178_2,21231176.0,MEX,San Juan Bautista Atatlahuca,0.00637,4930.0,4773.0,4790.0,5957.0,6425.0,6195.0,5970.0,5938.0,5312.0,6121.0,7202.0,6250.0,5469.0,5735.0,6061.0,5077.0,6734.0,6522.0,6322.0,6252.0,6160.0,5431.0,6463.0,7373.0,8231.0,7977.0,7191.0,7393.0,7788.0,7551.0,7875.0,7940.0,8010.0,
MEX.20.179_2,21231177.0,MEX,San Juan Bautista Coixtlahuaca,0.00413,5363.0,5435.0,5710.0,6379.0,6248.0,5909.0,6210.0,6190.0,6347.0,6293.0,5120.0,6402.0,6397.0,6873.0,6729.0,6579.0,7164.0,6777.0,6800.0,6617.0,6626.0,6990.0,8109.0,7522.0,8349.0,8255.0,7154.0,7317.0,7609.0,7372.0,7166.0,7766.0,7930.0,
MEX.20.180_2,21231178.0,MEX,San Juan Bautista Cuicatlán,0.0,4783.0,4774.0,4621.0,5005.0,6077.0,5604.0,5393.0,5584.0,5418.0,5305.0,6486.0,5772.0,5255.0,5350.0,5446.0,5239.0,5970.0,5725.0,5333.0,5526.0,5197.0,5005.0,5611.0,5194.0,5596.0,5666.0,4749.0,4961.0,5509.0,4926.0,5707.0,5299.0,5464.0,
MEX.20.181_2,21231179.0,MEX,San Juan Bautista Guelache,0.0,10785.0,11934.0,12880.0,12559.0,12491.0,9102.0,9921.0,9069.0,9944.0,9634.0,9383.0,10181.0,10183.0,9408.0,11709.0,9192.0,11113.0,10615.0,9771.0,8700.0,9522.0,9696.0,9826.0,9107.0,9924.0,10045.0,8938.0,9335.0,10203.0,10639.0,11185.0,11773.0,12065.0,
MEX.20.182_2,21231180.0,MEX,San Juan Bautista Jayacatlán,0.00158,7931.0,8056.0,8283.0,8915.0,7768.0,7297.0,6628.0,6882.0,7207.0,7105.0,6273.0,7375.0,7512.0,8238.0,7043.0,6367.0,7359.0,7114.0,7155.0,7925.0,6973.0,7495.0,8144.0,7540.0,8415.0,8474.0,7441.0,7561.0,8201.0,7947.0,7398.0,8377.0,8556.0,
MEX.20.183_2,21231181.0,MEX,San Juan Bautista Lo de Soto,0.01203,4196.0,3806.0,3984.0,3459.0,3899.0,3583.0,3484.0,3268.0,3606.0,4198.0,4250.0,5070.0,4808.0,4719.0,4012.0,4418.0,5160.0,5617.0,6098.0,5357.0,5931.0,6879.0,7404.0,7227.0,6997.0,7076.0,6834.0,6389.0,6847.0,5590.0,6390.0,6059.0,6266.0,
MEX.20.184_2,21231182.0,MEX,San Juan Bautista Suchitepec,0.00276,6403.0,6295.0,6543.0,7276.0,7020.0,7239.0,7175.0,7111.0,7118.0,7715.0,7498.0,7580.0,7424.0,8029.0,7091.0,7626.0,7517.0,7390.0,7194.0,8008.0,7082.0,7005.0,7523.0,7567.0,9124.0,9277.0,7949.0,8133.0,8206.0,7992.0,8234.0,8556.0,8739.0,
MEX.20.185_2,21231183.0,MEX,San Juan Bautista Tlachichilco,0.00114,4428.0,4439.0,4419.0,5013.0,5269.0,5184.0,5314.0,5306.0,5603.0,5816.0,5202.0,4980.0,4926.0,5167.0,5182.0,4907.0,5673.0,5174.0,5155.0,5185.0,5497.0,5695.0,5607.0,5465.0,5218.0,5551.0,4098.0,4996.0,5323.0,5116.0,5816.0,5747.0,5890.0,
MEX.20.186_2,21231184.0,MEX,San Juan Bautista Tlacoatzintepe,0.00472,3247.0,3441.0,3472.0,4432.0,5253.0,3951.0,3961.0,4251.0,4173.0,4479.0,6028.0,5305.0,4793.0,6006.0,5080.0,4973.0,5106.0,5173.0,4957.0,5366.0,4830.0,4434.0,5645.0,4687.0,5383.0,5255.0,5187.0,5383.0,5702.0,5575.0,5702.0,5813.0,5944.0,
MEX.20.187_2,21231185.0,MEX,San Juan Bautista Tuxtepec,0.00897,10592.0,10607.0,10703.0,8293.0,8053.0,7224.0,7616.0,7384.0,8179.0,8438.0,8683.0,8991.0,8960.0,8970.0,10273.0,8857.0,10372.0,10209.0,10378.0,9242.0,12629.0,12555.0,13031.0,12871.0,13162.0,13473.0,12286.0,9652.0,10506.0,10126.0,10468.0,10701.0,10966.0,
MEX.20.188_2,21231186.0,MEX,San Juan Bautista Valle Nacional,0.00267,4764.0,4838.0,5382.0,5934.0,6007.0,5403.0,4937.0,5081.0,4935.0,4518.0,3810.0,4612.0,4394.0,5701.0,5531.0,5257.0,5550.0,5357.0,5474.0,5362.0,5334.0,6151.0,6480.0,5895.0,6064.0,6043.0,5720.0,5325.0,5818.0,4947.0,6179.0,5488.0,5624.0,
MEX.20.189_2,21231187.0,MEX,San Juan Cacahuatepec,0.00538,2677.0,2865.0,2353.0,3415.0,4044.0,3486.0,2901.0,4205.0,3659.0,3858.0,3882.0,4557.0,4360.0,5015.0,4439.0,3580.0,4333.0,4100.0,4118.0,4087.0,4052.0,3669.0,3788.0,3540.0,4011.0,3602.0,4240.0,4357.0,5355.0,6026.0,7278.0,6179.0,6323.0,
MEX.20.190_2,21231188.0,MEX,San Juan Chicomezúchil,0.0071,3319.0,3478.0,3382.0,4089.0,3979.0,3974.0,4490.0,4664.0,4295.0,4395.0,3799.0,4794.0,4423.0,4789.0,4989.0,4503.0,5773.0,5644.0,5742.0,4890.0,4901.0,4707.0,5746.0,5727.0,6397.0,6245.0,4636.0,5633.0,5578.0,4810.0,4919.0,4680.0,4796.0,
MEX.20.191_2,21231189.0,MEX,San Juan Chilateca,0.00927,7633.0,7881.0,8059.0,7649.0,6649.0,5502.0,5784.0,5583.0,6164.0,5621.0,6189.0,6802.0,6871.0,6444.0,6522.0,6086.0,7402.0,7581.0,7757.0,7263.0,7559.0,7086.0,8184.0,7582.0,8356.0,8509.0,8410.0,9823.0,10317.0,9834.0,10457.0,10889.0,11159.0,
MEX.20.192_2,21231190.0,MEX,San Juan Cieneguilla,0.00339,5379.0,5261.0,6362.0,6262.0,5688.0,6306.0,6647.0,5401.0,5590.0,5888.0,5650.0,5930.0,5810.0,5927.0,5532.0,5092.0,6207.0,5894.0,6095.0,6144.0,5796.0,5982.0,6432.0,5644.0,6458.0,6551.0,5713.0,6515.0,7172.0,6899.0,6942.0,7578.0,7737.0,
MEX.20.193_2,21231191.0,MEX,San Juan Coatzóspam,0.0,2605.0,2732.0,2959.0,3762.0,5262.0,4975.0,5237.0,5439.0,4615.0,5557.0,5923.0,6170.0,6715.0,8215.0,6242.0,6737.0,5946.0,6157.0,6639.0,6184.0,6413.0,6642.0,5930.0,6157.0,5610.0,5088.0,4561.0,4611.0,4078.0,4360.0,4459.0,3856.0,3542.0,
MEX.20.194_2,21231192.0,MEX,San Juan Colorado,0.00322,2595.0,2617.0,2649.0,3698.0,5631.0,4633.0,4047.0,4173.0,4253.0,4408.0,4714.0,4875.0,3941.0,4583.0,4205.0,3204.0,4453.0,4503.0,4731.0,4509.0,4031.0,3472.0,4800.0,5275.0,4996.0,4029.0,3313.0,4146.0,5076.0,4835.0,4945.0,4951.0,5063.0,
MEX.20.195_2,21231193.0,MEX,San Juan Comaltepec,0.00181,3643.0,3152.0,2953.0,4425.0,4355.0,4455.0,4252.0,4376.0,4320.0,4609.0,4510.0,4419.0,4048.0,4138.0,4346.0,4234.0,5112.0,4632.0,4528.0,4444.0,4407.0,4489.0,5125.0,4850.0,5707.0,5216.0,4487.0,4957.0,4883.0,4287.0,4384.0,4377.0,4714.0,
MEX.20.196_2,21231194.0,MEX,San Juan Cotzocón,-0.00423,3486.0,3777.0,3461.0,5619.0,5200.0,5447.0,5201.0,5435.0,5275.0,5830.0,4568.0,5162.0,5333.0,5428.0,5438.0,5416.0,4904.0,4860.0,4972.0,5312.0,4845.0,4598.0,4522.0,4475.0,4741.0,4599.0,4195.0,4120.0,4385.0,4186.0,4281.0,4226.0,4252.0,
MEX.20.197_2,21231195.0,MEX,San Juan de los Cués,0.00635,5405.0,5620.0,6412.0,7859.0,7163.0,6684.0,5786.0,5955.0,6409.0,5301.0,4802.0,5721.0,6009.0,6620.0,6460.0,6345.0,6880.0,6627.0,6484.0,6253.0,6424.0,7257.0,8018.0,7561.0,8423.0,8703.0,7893.0,7665.0,8495.0,8146.0,8621.0,8642.0,8933.0,
MEX.20.198_2,21231196.0,MEX,San Juan del Estado,0.00182,3548.0,3865.0,4105.0,5160.0,4955.0,4966.0,5039.0,5175.0,5399.0,5164.0,4158.0,5227.0,5245.0,5735.0,5574.0,5413.0,5775.0,5553.0,5638.0,5534.0,5353.0,5574.0,6160.0,5381.0,5823.0,5609.0,4671.0,4887.0,5228.0,4912.0,5648.0,5250.0,5381.0,
MEX.20.199_2,21231197.0,MEX,San Juan del Río,0.00979,6171.0,6171.0,6268.0,7359.0,6353.0,5637.0,5587.0,5225.0,5595.0,5106.0,4350.0,5352.0,5619.0,6068.0,5918.0,5880.0,6724.0,6546.0,6624.0,6309.0,6455.0,7006.0,7763.0,6834.0,7604.0,7680.0,8096.0,8067.0,9196.0,8868.0,8720.0,9500.0,9756.0,
MEX.20.200_2,21231198.0,MEX,San Juan Diuxi,0.00389,3419.0,3305.0,3372.0,4000.0,4186.0,4099.0,4645.0,4436.0,4176.0,4881.0,5698.0,6282.0,5851.0,5074.0,5174.0,5105.0,5955.0,5807.0,5726.0,5542.0,5414.0,5077.0,5472.0,5520.0,5698.0,6090.0,4732.0,5487.0,6049.0,5195.0,5470.0,5700.0,5854.0,
MEX.20.201_2,21231199.0,MEX,San Juan Evangelista Analco,0.00234,3994.0,4262.0,4194.0,5352.0,5133.0,5136.0,5311.0,5112.0,5334.0,5146.0,4064.0,4940.0,4923.0,5267.0,5305.0,5139.0,5360.0,5158.0,5236.0,5163.0,5102.0,5272.0,5789.0,5314.0,6157.0,6014.0,4726.0,5337.0,6041.0,5626.0,6169.0,5844.0,5989.0,
MEX.20.202_2,21231200.0,MEX,San Juan Guelavía,0.00659,6794.0,7436.0,6906.0,8153.0,7749.0,7445.0,8201.0,8182.0,8668.0,8407.0,8256.0,8634.0,8106.0,9009.0,9599.0,8483.0,9873.0,9700.0,10290.0,9796.0,9635.0,10067.0,10896.0,10136.0,11112.0,11341.0,10269.0,10379.0,11144.0,10615.0,11588.0,11193.0,11499.0,
MEX.20.203_2,21231201.0,MEX,San Juan Guichicovi,0.00427,3535.0,3933.0,3908.0,4281.0,4232.0,3836.0,4090.0,4283.0,3488.0,4342.0,5985.0,5787.0,5033.0,5849.0,5204.0,4591.0,4769.0,5000.0,4847.0,5159.0,4685.0,4180.0,4222.0,4010.0,4540.0,4559.0,4219.0,4396.0,6063.0,5642.0,6838.0,6049.0,6359.0,
MEX.20.204_2,21231202.0,MEX,San Juan Ihualtepec,0.00796,5704.0,5760.0,6339.0,7084.0,6689.0,6237.0,6250.0,6590.0,7023.0,6672.0,6245.0,7322.0,7954.0,7980.0,7967.0,8179.0,8734.0,8385.0,8448.0,7891.0,8053.0,9230.0,10089.0,9330.0,10543.0,10613.0,9303.0,9465.0,10243.0,8662.0,7940.0,9088.0,9284.0,
MEX.20.205_2,21231203.0,MEX,San Juan Juquila Mixes,-0.00588,4708.0,4983.0,5596.0,7107.0,7219.0,7004.0,6556.0,6610.0,6739.0,6767.0,5879.0,6531.0,6683.0,6994.0,7203.0,6678.0,6840.0,6123.0,6553.0,6642.0,5519.0,5154.0,4989.0,4934.0,4676.0,4356.0,4435.0,4051.0,4260.0,4541.0,5454.0,4229.0,4240.0,
MEX.20.206_2,21231204.0,MEX,San Juan Juquila Vijanos,0.00645,3786.0,3059.0,2761.0,3868.0,4196.0,4108.0,3786.0,4081.0,3141.0,3739.0,6082.0,5298.0,4099.0,3334.0,4264.0,3606.0,5583.0,4917.0,4537.0,4567.0,4421.0,4305.0,5654.0,5878.0,5915.0,6283.0,4736.0,5391.0,5848.0,4941.0,5267.0,5488.0,5619.0,
MEX.20.207_2,21231205.0,MEX,San Juan Lachao,0.00472,3715.0,3727.0,3774.0,5012.0,4955.0,4836.0,4257.0,4489.0,4584.0,4751.0,4801.0,5639.0,5525.0,4585.0,4067.0,4552.0,4771.0,4601.0,4496.0,4987.0,4043.0,4602.0,5076.0,4656.0,5151.0,5427.0,5391.0,5986.0,6365.0,6764.0,7580.0,6631.0,6795.0,
MEX.20.208_2,21231206.0,MEX,San Juan Lachigalla,0.0,3884.0,4219.0,4212.0,4576.0,5130.0,5023.0,5434.0,5067.0,4672.0,5128.0,6742.0,6117.0,5804.0,4790.0,4532.0,4758.0,4794.0,4781.0,4594.0,5127.0,4538.0,4316.0,4441.0,4168.0,4540.0,4437.0,3778.0,4983.0,5548.0,5003.0,5820.0,5404.0,5683.0,
MEX.20.209_2,21231207.0,MEX,San Juan Lajarcia,0.0,5685.0,5717.0,5740.0,6811.0,7307.0,7126.0,7097.0,6990.0,6054.0,7450.0,7199.0,7491.0,6345.0,6870.0,6563.0,6454.0,7395.0,6741.0,6685.0,6227.0,6514.0,5593.0,6809.0,6524.0,7284.0,7273.0,6109.0,6481.0,7072.0,6679.0,6929.0,7050.0,7196.0,
MEX.20.210_2,21231208.0,MEX,San Juan Lalana,0.00159,3999.0,3581.0,3545.0,4699.0,4757.0,4657.0,4552.0,5519.0,5204.0,5563.0,5877.0,6637.0,6811.0,5630.0,5060.0,4574.0,5139.0,5870.0,5778.0,6250.0,5532.0,5124.0,5872.0,5376.0,5153.0,5443.0,5498.0,5098.0,5491.0,5247.0,5366.0,5590.0,5706.0,
MEX.20.211_2,21231209.0,MEX,San Juan Mazatlán,0.00294,4096.0,4153.0,4479.0,5648.0,5224.0,5009.0,5085.0,5063.0,5191.0,5359.0,6200.0,5823.0,5673.0,6047.0,5975.0,5918.0,6116.0,5758.0,5648.0,5640.0,5433.0,5683.0,5881.0,6002.0,6518.0,6768.0,5723.0,5866.0,6079.0,6010.0,6648.0,6147.0,6353.0,
MEX.20.212_2,21231210.0,MEX,San Juan Mixtepec -Dto. 08 -,0.0,3215.0,3261.0,3102.0,4684.0,5273.0,4921.0,4280.0,4551.0,4173.0,4400.0,3889.0,4362.0,4205.0,4553.0,5135.0,4265.0,4892.0,4721.0,5153.0,5021.0,5021.0,4666.0,5023.0,4682.0,5047.0,3915.0,3797.0,3902.0,4166.0,4231.0,4327.0,4099.0,3781.0,
MEX.20.213_2,21231211.0,MEX,San Juan Mixtepec -Dto. 26 -,0.00779,3710.0,3539.0,4363.0,5170.0,5836.0,4524.0,3982.0,4193.0,3947.0,4503.0,5376.0,6069.0,4880.0,4825.0,5442.0,5721.0,5878.0,4971.0,4795.0,5342.0,4786.0,4733.0,5681.0,5391.0,5867.0,6028.0,6516.0,6587.0,6926.0,6290.0,6673.0,6953.0,7126.0,
MEX.20.214_2,21231212.0,MEX,San Juan Ñumí,0.0033,4109.0,4016.0,4015.0,5228.0,5507.0,5392.0,5643.0,5186.0,4848.0,5636.0,5610.0,5526.0,5003.0,5273.0,5769.0,5195.0,6171.0,5954.0,6115.0,5995.0,5896.0,5452.0,6205.0,5756.0,6268.0,6076.0,5317.0,5361.0,6031.0,5425.0,7002.0,6149.0,6583.0,
MEX.20.215_2,21231213.0,MEX,San Juan Ozolotepec,0.00611,2472.0,2280.0,2541.0,3999.0,4121.0,4270.0,3933.0,4142.0,4202.0,4220.0,4296.0,4239.0,4138.0,4664.0,4624.0,4537.0,5314.0,5467.0,5383.0,5328.0,5246.0,5426.0,5386.0,5095.0,5703.0,5384.0,4733.0,4463.0,4707.0,4343.0,4442.0,4510.0,4705.0,
MEX.20.216_2,21231214.0,MEX,San Juan Petlapa,0.00173,3687.0,3534.0,3861.0,5305.0,5793.0,5633.0,5386.0,5536.0,5839.0,5986.0,5914.0,6210.0,6093.0,6720.0,6754.0,6543.0,7754.0,7243.0,7126.0,6951.0,6051.0,6289.0,5585.0,5387.0,5917.0,5259.0,5051.0,5183.0,5465.0,5192.0,6320.0,5429.0,5554.0,
MEX.20.217_2,21231215.0,MEX,San Juan Quiahije,-0.00143,4817.0,4938.0,4815.0,5221.0,5694.0,4480.0,3883.0,4457.0,4067.0,3781.0,5339.0,5851.0,4883.0,4098.0,3971.0,4255.0,4546.0,4236.0,3895.0,3987.0,3774.0,3886.0,4366.0,4166.0,4982.0,4773.0,3880.0,4352.0,4659.0,4479.0,4581.0,4536.0,4583.0,
MEX.20.218_2,21231216.0,MEX,San Juan Quiotepec,0.01007,3369.0,3272.0,3327.0,4761.0,4299.0,4122.0,3992.0,4244.0,4305.0,4459.0,5006.0,4397.0,4250.0,4564.0,4413.0,4995.0,6032.0,5920.0,6057.0,6124.0,6172.0,6011.0,6202.0,6017.0,6514.0,6825.0,5774.0,6229.0,6473.0,6392.0,7433.0,6920.0,7359.0,
MEX.20.219_2,21231217.0,MEX,San Juan Sayultepec,0.0,8470.0,8600.0,8911.0,10807.0,10292.0,10062.0,10733.0,6456.0,6629.0,6544.0,5643.0,5981.0,5993.0,5940.0,6340.0,5993.0,6407.0,6277.0,6364.0,6198.0,6199.0,6382.0,6665.0,7715.0,7561.0,7996.0,6534.0,7204.0,13019.0,12246.0,13551.0,13106.0,13431.0,
MEX.20.220_2,21231218.0,MEX,San Juan Tabaá,0.00224,3017.0,3016.0,2795.0,3914.0,4678.0,4580.0,4421.0,4443.0,4361.0,4519.0,5039.0,5399.0,4159.0,3647.0,4744.0,3696.0,5227.0,4819.0,4752.0,4664.0,4572.0,4223.0,4669.0,4651.0,4866.0,5171.0,4151.0,4454.0,5087.0,4582.0,4975.0,5184.0,5313.0,
MEX.20.221_2,21231219.0,MEX,San Juan Tamazola,0.00464,5123.0,5601.0,5522.0,6501.0,5939.0,5583.0,5623.0,5545.0,5613.0,5564.0,6485.0,5779.0,5698.0,6263.0,6322.0,5965.0,6765.0,6410.0,6440.0,6113.0,6275.0,6593.0,7347.0,6771.0,7678.0,7863.0,6865.0,7166.0,7785.0,7203.0,6436.0,7363.0,7551.0,
MEX.20.222_2,21231220.0,MEX,San Juan Teita,0.00473,4809.0,4816.0,5081.0,6070.0,5745.0,5335.0,5242.0,5112.0,5094.0,5564.0,6307.0,6055.0,5657.0,6122.0,5928.0,5989.0,6587.0,6150.0,5908.0,6087.0,5757.0,5918.0,6500.0,6332.0,6918.0,6799.0,6251.0,6448.0,6772.0,6677.0,7428.0,7063.0,7291.0,
MEX.20.223_2,21231221.0,MEX,San Juan Teitipac,0.00384,6211.0,6294.0,5416.0,6739.0,6540.0,6143.0,6077.0,6164.0,5951.0,6398.0,5961.0,5166.0,4829.0,5781.0,6001.0,5789.0,6237.0,6166.0,6306.0,6136.0,6472.0,6604.0,6731.0,6477.0,7446.0,7166.0,6020.0,6662.0,11690.0,10843.0,11322.0,11153.0,11430.0,
MEX.20.224_2,21231222.0,MEX,San Juan Tepeuxila,0.00523,4703.0,4990.0,4890.0,5859.0,5423.0,5023.0,4975.0,4837.0,4837.0,5161.0,6005.0,5844.0,5602.0,5961.0,5673.0,5835.0,6345.0,5921.0,5774.0,5962.0,5626.0,5834.0,6304.0,6203.0,6720.0,6599.0,6191.0,6302.0,6939.0,6840.0,7438.0,7073.0,7318.0,
MEX.20.225_2,21231223.0,MEX,San Juan Teposcolula,0.0048,5252.0,5840.0,5724.0,6444.0,6139.0,6112.0,6405.0,6487.0,6618.0,6452.0,5390.0,6619.0,6503.0,7141.0,7055.0,6757.0,7448.0,7050.0,7282.0,6936.0,6960.0,7386.0,8131.0,7470.0,8351.0,8309.0,7174.0,7398.0,7845.0,8207.0,7670.0,8276.0,8452.0,
MEX.20.226_2,21231224.0,MEX,San Juan Yaeé,0.00039,3455.0,3149.0,2929.0,4490.0,4211.0,3976.0,3605.0,3722.0,3726.0,3989.0,4699.0,4172.0,3958.0,4116.0,3994.0,4059.0,4404.0,4081.0,3874.0,4021.0,3775.0,3905.0,4451.0,3936.0,4364.0,3951.0,3568.0,3936.0,4002.0,3975.0,4066.0,4061.0,4145.0,
MEX.20.227_2,21231225.0,MEX,San Juan Yatzona,0.00394,3362.0,3310.0,3423.0,4633.0,4175.0,4194.0,3989.0,4004.0,4061.0,4381.0,4287.0,4382.0,4078.0,4225.0,4142.0,4133.0,4574.0,4269.0,4165.0,4328.0,4191.0,4323.0,5065.0,4807.0,5231.0,5000.0,4622.0,4804.0,4914.0,4853.0,5019.0,5230.0,5244.0,
MEX.20.228_2,21231226.0,MEX,San Juan Yucuita,0.00245,5584.0,5825.0,5395.0,6671.0,6294.0,6206.0,6711.0,6649.0,6961.0,6821.0,5799.0,6326.0,6340.0,6600.0,6625.0,6376.0,6944.0,6563.0,6639.0,6467.0,6469.0,6616.0,7246.0,6913.0,7692.0,7647.0,6231.0,6585.0,6947.0,7070.0,7128.0,7609.0,7768.0,
MEX.20.229_2,21231227.0,MEX,San Lorenzo,0.00369,2785.0,2695.0,2611.0,3514.0,4544.0,4449.0,3660.0,3965.0,3369.0,4356.0,5323.0,5471.0,5388.0,6173.0,5981.0,5407.0,5562.0,5636.0,5575.0,5916.0,5369.0,5443.0,5796.0,6012.0,6022.0,5000.0,4873.0,4982.0,5386.0,5105.0,5221.0,4963.0,5076.0,
MEX.20.230_2,21231228.0,MEX,San Lorenzo Albarradas,0.00233,4042.0,3900.0,4088.0,4871.0,4818.0,4492.0,4892.0,4733.0,4925.0,5000.0,4245.0,4887.0,4922.0,5232.0,5127.0,5113.0,5409.0,5197.0,5173.0,5176.0,5116.0,5293.0,5869.0,5347.0,6401.0,6348.0,5013.0,4876.0,5188.0,4558.0,5481.0,5178.0,5306.0,
MEX.20.231_2,21231229.0,MEX,San Lorenzo Cacaotepec,0.00626,19566.0,19751.0,20431.0,16767.0,16368.0,14829.0,15201.0,15316.0,16385.0,16315.0,16239.0,16560.0,17114.0,17987.0,18853.0,17670.0,19840.0,18362.0,19000.0,17799.0,18514.0,19203.0,19780.0,19434.0,19949.0,23655.0,21069.0,22465.0,24414.0,23757.0,18989.0,23191.0,24512.0,
MEX.20.232_2,21231230.0,MEX,San Lorenzo Cuaunecuiltitla,0.00192,8153.0,8433.0,8570.0,8300.0,8469.0,7994.0,8808.0,9254.0,9391.0,10029.0,10554.0,10643.0,10838.0,8698.0,8607.0,7965.0,8899.0,8973.0,8253.0,8563.0,8785.0,8908.0,9583.0,8722.0,8902.0,9245.0,10225.0,11019.0,10982.0,10806.0,9774.0,9672.0,10023.0,
MEX.20.233_2,21231231.0,MEX,San Lorenzo Texmelúcan,0.00947,2447.0,2579.0,2635.0,3634.0,4453.0,4360.0,3692.0,4009.0,3693.0,3729.0,3957.0,4749.0,4468.0,5368.0,5588.0,4074.0,5111.0,5203.0,5926.0,5853.0,5774.0,4938.0,6164.0,6173.0,6463.0,5293.0,4651.0,5257.0,4379.0,5225.0,5343.0,5165.0,5537.0,
MEX.20.234_2,21231232.0,MEX,San Lorenzo Victoria,0.00646,4189.0,4070.0,3879.0,4150.0,4398.0,4237.0,4038.0,4252.0,4106.0,4099.0,3838.0,4564.0,4385.0,4473.0,5118.0,4384.0,5125.0,5053.0,5144.0,4770.0,5023.0,4940.0,5669.0,5730.0,6384.0,6103.0,5817.0,5278.0,5701.0,5416.0,5946.0,5627.0,6206.0,
MEX.20.235_2,21231233.0,MEX,San Lucas Camotlán,0.0048,3630.0,3449.0,2965.0,4431.0,4380.0,3985.0,4281.0,4410.0,4355.0,4578.0,4327.0,4708.0,4323.0,4182.0,4624.0,4195.0,5159.0,4676.0,4728.0,4920.0,4549.0,4590.0,5422.0,5199.0,5879.0,5470.0,4802.0,5034.0,5348.0,5075.0,5303.0,5526.0,5590.0,
MEX.20.236_2,21231234.0,MEX,San Lucas Ojitlán,0.0,4059.0,4217.0,4531.0,5312.0,5823.0,5962.0,6206.0,6482.0,6787.0,6161.0,5177.0,5625.0,6174.0,6453.0,6122.0,6213.0,5660.0,5663.0,5727.0,5560.0,5599.0,5451.0,5147.0,5375.0,5658.0,5295.0,5198.0,4927.0,5975.0,6115.0,6422.0,5807.0,5951.0,
MEX.20.237_2,21231235.0,MEX,San Lucas Quiaviní,0.00317,3649.0,4041.0,4368.0,5184.0,5595.0,5646.0,5757.0,4947.0,5291.0,5448.0,4102.0,4665.0,4436.0,5109.0,5073.0,4586.0,5833.0,5875.0,5954.0,5765.0,5802.0,5569.0,5657.0,5735.0,6186.0,6153.0,5082.0,5656.0,6063.0,5818.0,6679.0,5853.0,5978.0,
MEX.20.238_2,21231236.0,MEX,San Lucas Zoquiápam,0.00403,5086.0,4615.0,5063.0,6237.0,7261.0,6905.0,6925.0,7420.0,7298.0,6757.0,6486.0,7523.0,7811.0,9289.0,9003.0,8112.0,8537.0,8879.0,8843.0,7463.0,8153.0,9622.0,8450.0,9044.0,8177.0,8260.0,6559.0,6923.0,7357.0,7551.0,7742.0,8121.0,8450.0,
MEX.20.239_2,21231237.0,MEX,San Luis Amatlán,0.00264,4922.0,4875.0,5057.0,6455.0,6800.0,6374.0,6686.0,6209.0,5902.0,6275.0,7187.0,6924.0,6438.0,6911.0,7233.0,6634.0,7495.0,7190.0,7099.0,7246.0,7164.0,6968.0,7586.0,6931.0,7576.0,7942.0,6767.0,6503.0,7223.0,6894.0,7468.0,7431.0,7833.0,
MEX.20.240_2,21231238.0,MEX,San Marcial Ozolotepec,0.00372,3474.0,3462.0,3365.0,4010.0,3964.0,3472.0,3215.0,3602.0,3443.0,3663.0,4190.0,4224.0,3961.0,3893.0,4143.0,3937.0,4606.0,4088.0,3964.0,4089.0,3863.0,3987.0,4617.0,4369.0,4941.0,4512.0,3881.0,4254.0,4417.0,4262.0,4359.0,4534.0,4630.0,
MEX.20.241_2,21231239.0,MEX,San Marcos Arteaga,0.0,6207.0,6403.0,6708.0,7739.0,7969.0,7882.0,8618.0,8646.0,8935.0,8884.0,8516.0,8731.0,8186.0,8886.0,9488.0,8243.0,9908.0,9404.0,9612.0,8930.0,9351.0,8589.0,9810.0,7616.0,8296.0,8911.0,8199.0,7216.0,7912.0,7529.0,8561.0,8013.0,8008.0,
MEX.20.242_2,21231240.0,MEX,San Martín de los Cansecos,0.00199,5514.0,6570.0,4736.0,5846.0,6515.0,6153.0,7164.0,6876.0,7247.0,6432.0,6232.0,6097.0,5764.0,7236.0,6671.0,6961.0,6811.0,7200.0,6615.0,6375.0,6294.0,6758.0,7768.0,6578.0,6786.0,6480.0,6358.0,6792.0,7131.0,7855.0,7641.0,7402.0,7586.0,
MEX.20.243_2,21231241.0,MEX,San Martín Huamelúlpam,0.00199,4395.0,4600.0,4786.0,5216.0,4801.0,4703.0,5055.0,4958.0,4925.0,4787.0,5551.0,4620.0,4684.0,5040.0,5007.0,4870.0,5141.0,4944.0,4989.0,4761.0,4862.0,5187.0,5425.0,5105.0,5763.0,5782.0,4963.0,5240.0,5708.0,5033.0,5433.0,5435.0,5604.0,
MEX.20.244_2,21231242.0,MEX,San Martín Itunyoso,0.0,2625.0,2616.0,2808.0,3671.0,5933.0,5561.0,4551.0,4972.0,4370.0,4556.0,5345.0,5845.0,5422.0,6002.0,6576.0,4448.0,5560.0,5473.0,5893.0,5673.0,5861.0,5671.0,4788.0,5258.0,5426.0,4448.0,4294.0,4365.0,4421.0,4424.0,4525.0,3901.0,3813.0,
MEX.20.245_2,21231243.0,MEX,San Martín Lachilá,0.00417,4160.0,4372.0,4575.0,5346.0,5935.0,5630.0,5108.0,4918.0,4605.0,4505.0,3893.0,4708.0,4752.0,5007.0,5161.0,4667.0,5703.0,5568.0,5393.0,5314.0,5246.0,5224.0,5961.0,5366.0,6056.0,6067.0,5783.0,5268.0,5880.0,5631.0,5912.0,6160.0,6026.0,
MEX.20.246_2,21231244.0,MEX,San Martín Peras,0.00603,4140.0,3990.0,4332.0,5547.0,5193.0,5401.0,4958.0,4759.0,4775.0,4824.0,5140.0,4782.0,4437.0,5755.0,6185.0,5323.0,5860.0,5198.0,5272.0,5322.0,5565.0,5407.0,6330.0,6065.0,6443.0,6165.0,5842.0,5608.0,6069.0,7622.0,8004.0,7951.0,8148.0,
MEX.20.247_2,21231245.0,MEX,San Martín Tilcajete,0.00987,10290.0,11499.0,9394.0,9372.0,9453.0,7781.0,8036.0,6151.0,6618.0,6200.0,6328.0,9536.0,9568.0,10543.0,10153.0,11914.0,12702.0,11339.0,11200.0,10458.0,10913.0,11915.0,13805.0,12094.0,13194.0,13396.0,13683.0,14188.0,14025.0,13925.0,14454.0,15143.0,15519.0,
MEX.20.248_2,21231246.0,MEX,San Martín Toxpalan,0.0,4967.0,5046.0,5290.0,5163.0,6715.0,6574.0,7542.0,8011.0,8458.0,6899.0,6761.0,6629.0,6807.0,6575.0,6817.0,6859.0,6704.0,6449.0,6088.0,5809.0,5932.0,6345.0,5897.0,5393.0,5662.0,5306.0,6074.0,5893.0,7373.0,7031.0,8053.0,7308.0,7489.0,
MEX.20.249_2,21231247.0,MEX,San Martín Zacatepec,0.00572,3928.0,3688.0,3591.0,4270.0,4621.0,4169.0,4585.0,4335.0,4263.0,3933.0,3716.0,4110.0,4250.0,4492.0,4800.0,4415.0,4773.0,4831.0,5040.0,5781.0,5352.0,5222.0,5668.0,5341.0,5938.0,5078.0,5059.0,4868.0,5103.0,5022.0,6020.0,4909.0,5031.0,
MEX.20.250_2,21231248.0,MEX,San Mateo Cajonos,0.00233,4866.0,4430.0,4102.0,5228.0,5397.0,5284.0,6650.0,5656.0,5056.0,5643.0,5710.0,5756.0,4809.0,5129.0,5897.0,5047.0,6349.0,6100.0,5933.0,5881.0,5781.0,5079.0,6030.0,5889.0,6544.0,6257.0,5212.0,5813.0,6247.0,5575.0,5753.0,5994.0,6326.0,
MEX.20.251_2,21231249.0,MEX,San Mateo del Mar,0.00153,7118.0,7284.0,7617.0,8029.0,7886.0,8880.0,10285.0,10115.0,10203.0,10530.0,9810.0,9558.0,9524.0,9905.0,9982.0,10033.0,9865.0,9673.0,9799.0,9365.0,9829.0,9906.0,9585.0,9554.0,10627.0,10661.0,9601.0,9836.0,10429.0,9852.0,11075.0,10494.0,10754.0,
MEX.20.252_2,21231250.0,MEX,San Mateo Etlatongo,0.0,7183.0,7380.0,7944.0,9470.0,9470.0,9713.0,10571.0,10465.0,6254.0,6396.0,5315.0,5651.0,5316.0,5689.0,6020.0,5453.0,6003.0,6723.0,6090.0,5935.0,6749.0,7198.0,7171.0,7869.0,8840.0,7972.0,6323.0,6768.0,7052.0,6610.0,7692.0,7387.0,7496.0,
MEX.20.253_2,21231251.0,MEX,San Mateo Nejápam,0.0,6486.0,5849.0,6048.0,5852.0,6117.0,5815.0,5400.0,6716.0,6864.0,7258.0,7163.0,7703.0,7919.0,6645.0,6972.0,6968.0,6140.0,6138.0,6285.0,5925.0,6036.0,6119.0,5390.0,5484.0,5656.0,5670.0,6192.0,6332.0,6425.0,6958.0,6945.0,7264.0,7489.0,
MEX.20.254_2,21231252.0,MEX,San Mateo Peñasco,0.0,3226.0,3270.0,3557.0,5995.0,6006.0,5705.0,5313.0,6240.0,6281.0,6218.0,4868.0,5486.0,5439.0,5726.0,5772.0,5696.0,5349.0,5376.0,6125.0,5969.0,5206.0,4816.0,5486.0,5223.0,5462.0,5409.0,5301.0,5244.0,5692.0,5671.0,6864.0,5939.0,6064.0,
MEX.20.255_2,21231253.0,MEX,San Mateo Piñas,0.00977,3472.0,3395.0,3515.0,4963.0,4217.0,4402.0,4210.0,4266.0,4243.0,4287.0,4452.0,5118.0,4780.0,6008.0,6340.0,6038.0,7360.0,6566.0,5849.0,5735.0,5483.0,5581.0,6346.0,6029.0,6876.0,6803.0,6270.0,7182.0,7473.0,7436.0,7601.0,7458.0,7593.0,
MEX.20.256_2,21231254.0,MEX,San Mateo Río Hondo,0.0,3000.0,2998.0,2997.0,4328.0,4836.0,4763.0,4659.0,4661.0,4767.0,5060.0,4826.0,5062.0,4011.0,4255.0,5005.0,4022.0,5585.0,5093.0,5088.0,5148.0,4273.0,3495.0,4323.0,4182.0,4490.0,3818.0,3959.0,3970.0,4274.0,3925.0,4964.0,4385.0,4378.0,
MEX.20.257_2,21231255.0,MEX,San Mateo Sindihui,0.0038,5153.0,5168.0,5303.0,6316.0,5684.0,5325.0,5256.0,5066.0,5157.0,5698.0,6439.0,6024.0,5739.0,6046.0,5857.0,5977.0,6654.0,6147.0,6044.0,6198.0,5889.0,6046.0,6727.0,6556.0,7323.0,6713.0,6532.0,6561.0,6330.0,6307.0,6932.0,6545.0,6760.0,
MEX.20.258_2,21231256.0,MEX,San Mateo Tlapiltepec,0.00453,5846.0,5802.0,6144.0,7061.0,6599.0,6546.0,7062.0,6848.0,6959.0,7131.0,6094.0,7221.0,7106.0,7853.0,7597.0,7220.0,8076.0,7645.0,7708.0,7551.0,7511.0,7739.0,8521.0,7823.0,8870.0,8829.0,7693.0,7964.0,8574.0,8385.0,8507.0,8952.0,9144.0,
MEX.20.259_2,21231257.0,MEX,San Mateo Yoloxochitlán,0.00318,5095.0,4952.0,5230.0,6694.0,7446.0,6395.0,6704.0,7926.0,6983.0,6462.0,6212.0,7909.0,8013.0,8676.0,8525.0,8007.0,9160.0,8586.0,8752.0,7481.0,8120.0,8746.0,8175.0,8323.0,7578.0,7314.0,6758.0,6921.0,7926.0,8133.0,9177.0,9108.0,9377.0,
MEX.20.260_2,21231258.0,MEX,San Mateo Yucutindó,0.00984,2404.0,2283.0,2405.0,3659.0,3588.0,3976.0,3748.0,3789.0,3808.0,4506.0,4520.0,4658.0,4446.0,5876.0,5831.0,5797.0,7096.0,6484.0,6568.0,6431.0,6400.0,5920.0,5930.0,5670.0,6141.0,6034.0,5001.0,5647.0,6097.0,5854.0,6670.0,6050.0,7069.0,
MEX.20.261_2,21231259.0,MEX,San Melchor Betaza,0.00269,3292.0,3352.0,3722.0,4646.0,4835.0,4734.0,5007.0,5351.0,5541.0,5849.0,5907.0,6745.0,6974.0,6453.0,6355.0,6468.0,5858.0,5721.0,6229.0,6911.0,6109.0,5715.0,5734.0,5408.0,5983.0,5981.0,6039.0,6250.0,6434.0,5955.0,6090.0,6237.0,6369.0,
MEX.20.262_2,21231260.0,MEX,San Miguel Achiutla,0.00322,5051.0,5078.0,4983.0,5795.0,6675.0,6016.0,5713.0,5771.0,6198.0,6575.0,6297.0,6988.0,6754.0,7267.0,7522.0,6898.0,7633.0,7252.0,7660.0,7920.0,7131.0,6956.0,7285.0,7102.0,7679.0,6686.0,6365.0,6429.0,6871.0,6956.0,7220.0,7070.0,7063.0,
MEX.20.263_2,21231261.0,MEX,San Miguel Ahuehuetitlán,0.00609,4476.0,3803.0,3780.0,5149.0,4840.0,4386.0,4121.0,4828.0,4979.0,5320.0,5038.0,5108.0,5052.0,5790.0,6792.0,6282.0,6034.0,5671.0,5633.0,5694.0,5598.0,6408.0,6820.0,6413.0,6883.0,6948.0,5818.0,6198.0,6366.0,6186.0,6160.0,6705.0,6897.0,
MEX.20.264_2,21231262.0,MEX,San Miguel Aloápam,0.00748,4149.0,4310.0,4338.0,5227.0,6208.0,5703.0,5483.0,5094.0,4660.0,5001.0,6247.0,5577.0,5091.0,5320.0,5259.0,5099.0,6265.0,6637.0,6590.0,6728.0,6695.0,6615.0,7587.0,7010.0,7716.0,7751.0,6662.0,6859.0,7238.0,7006.0,7019.0,7702.0,7864.0,
MEX.20.265_2,21231263.0,MEX,San Miguel Amatitlán,0.00297,3984.0,3961.0,3856.0,5200.0,4847.0,5058.0,5058.0,5104.0,5325.0,5345.0,4260.0,5204.0,5186.0,5607.0,5544.0,5410.0,5727.0,5570.0,5588.0,5569.0,5459.0,5641.0,6042.0,5690.0,6318.0,6735.0,4992.0,5525.0,5916.0,4926.0,6043.0,5752.0,5871.0,
MEX.20.266_2,21231264.0,MEX,San Miguel Amatlán,0.0032,4137.0,4776.0,4338.0,4539.0,4793.0,4725.0,4385.0,4455.0,4416.0,4181.0,3502.0,4315.0,4020.0,5020.0,4682.0,4356.0,4951.0,4972.0,4809.0,4691.0,4686.0,4582.0,5219.0,4797.0,5471.0,5376.0,5011.0,4983.0,5256.0,5190.0,6345.0,5678.0,5372.0,
MEX.20.267_2,21231265.0,MEX,San Miguel Chicahua,0.0035,4600.0,4702.0,4310.0,5353.0,4860.0,5352.0,5154.0,5466.0,6054.0,5397.0,4540.0,5400.0,5730.0,6227.0,5823.0,5988.0,5939.0,5868.0,5901.0,5768.0,5768.0,6339.0,6780.0,6091.0,6821.0,6712.0,5628.0,5719.0,6186.0,5932.0,5443.0,5139.0,5267.0,
MEX.20.268_2,21231266.0,MEX,San Miguel Chimalapa,0.00413,5266.0,4930.0,4993.0,6339.0,6526.0,6162.0,6590.0,6240.0,5767.0,6289.0,5916.0,6288.0,5729.0,6127.0,6450.0,5899.0,6989.0,6695.0,6561.0,6892.0,6738.0,6553.0,7274.0,6757.0,7521.0,7384.0,6704.0,6842.0,7357.0,7213.0,7503.0,7624.0,7832.0,
MEX.20.269_2,21231267.0,MEX,San Miguel Coatlán,0.00258,3075.0,3347.0,3283.0,4423.0,5154.0,4714.0,4069.0,4256.0,4115.0,4267.0,4217.0,4764.0,4190.0,4575.0,5159.0,4278.0,4976.0,4799.0,5441.0,5542.0,5380.0,4938.0,5108.0,4749.0,5286.0,4399.0,3812.0,4707.0,4663.0,4598.0,4702.0,4496.0,4449.0,
MEX.20.270_2,21231268.0,MEX,San Miguel del Puerto,0.00445,4757.0,4475.0,4542.0,5797.0,5073.0,5008.0,5024.0,5301.0,5234.0,5690.0,5798.0,6029.0,5627.0,5937.0,5444.0,5422.0,6304.0,5728.0,5629.0,5350.0,5290.0,5443.0,6294.0,5976.0,6838.0,6924.0,6078.0,6236.0,6768.0,6383.0,7149.0,6760.0,6988.0,
MEX.20.271_2,21231269.0,MEX,San Miguel del Río,0.00228,5217.0,5413.0,5366.0,6425.0,6011.0,5672.0,5969.0,6042.0,6445.0,6208.0,5329.0,5964.0,6439.0,6696.0,6307.0,6299.0,6285.0,6015.0,6095.0,5881.0,5939.0,6547.0,7088.0,6684.0,7277.0,7223.0,6367.0,6460.0,6804.0,6256.0,6333.0,6894.0,7003.0,
MEX.20.272_2,21231270.0,MEX,San Miguel Ejutla,0.00927,2995.0,3587.0,3831.0,4424.0,5175.0,4914.0,5855.0,6164.0,6483.0,6116.0,5545.0,5835.0,6030.0,6093.0,5687.0,5750.0,6466.0,7002.0,7396.0,7198.0,7626.0,8732.0,12852.0,10992.0,8496.0,7989.0,5976.0,6393.0,6407.0,5957.0,6636.0,6412.0,6486.0,
MEX.20.273_2,21231271.0,MEX,San Miguel el Grande,0.0,3014.0,3041.0,2725.0,3882.0,5006.0,4902.0,5025.0,4890.0,4755.0,5032.0,5580.0,7084.0,6873.0,6209.0,6389.0,6276.0,5971.0,6057.0,6104.0,5796.0,6063.0,5051.0,5087.0,5087.0,5456.0,5311.0,4897.0,5018.0,5362.0,5120.0,5311.0,5534.0,5648.0,
MEX.20.274_2,21231272.0,MEX,San Miguel Huautla,0.0047,4906.0,4700.0,4720.0,5981.0,6390.0,6176.0,5969.0,6034.0,4997.0,6005.0,6010.0,6048.0,5108.0,5218.0,6007.0,5116.0,6687.0,6186.0,6013.0,5971.0,5925.0,5242.0,6528.0,6210.0,7032.0,6934.0,5913.0,6764.0,7296.0,7253.0,7018.0,7684.0,7846.0,
MEX.20.275_2,21231273.0,MEX,San Miguel Mixtepec,0.00268,4585.0,4693.0,4806.0,5362.0,5406.0,5138.0,5080.0,5090.0,5269.0,5353.0,4182.0,4976.0,4964.0,5279.0,5175.0,5106.0,5338.0,5123.0,5131.0,5231.0,5145.0,5546.0,5383.0,5070.0,5553.0,5920.0,5066.0,5547.0,6061.0,5699.0,6845.0,6236.0,6482.0,
MEX.20.276_2,21231274.0,MEX,San Miguel Panixtlahuaca,0.00505,2755.0,2247.0,2419.0,3391.0,4142.0,3917.0,3344.0,3546.0,3282.0,3158.0,4318.0,4304.0,4016.0,4768.0,3795.0,3786.0,5835.0,5347.0,5279.0,5462.0,5144.0,5323.0,4421.0,3695.0,4750.0,3975.0,3955.0,3871.0,4074.0,3870.0,3958.0,4011.0,4312.0,
MEX.20.277_2,21231275.0,MEX,San Miguel Peras,0.00554,3961.0,4184.0,4251.0,4241.0,4256.0,4008.0,4405.0,4520.0,4423.0,4262.0,4230.0,5359.0,5252.0,5095.0,5414.0,4944.0,5396.0,5311.0,5378.0,5186.0,5121.0,5225.0,5818.0,5376.0,5842.0,5850.0,5359.0,5434.0,5936.0,5683.0,6745.0,6064.0,6292.0,
MEX.20.278_2,21231276.0,MEX,San Miguel Piedras,0.0027,4648.0,4704.0,4988.0,5951.0,6769.0,6103.0,6219.0,6323.0,6285.0,6237.0,5711.0,6362.0,6465.0,6774.0,6819.0,6852.0,6985.0,6731.0,7107.0,7497.0,6925.0,6620.0,6774.0,6684.0,7224.0,7067.0,6538.0,6694.0,6924.0,6520.0,7242.0,6650.0,6519.0,
MEX.20.279_2,21231277.0,MEX,San Miguel Quetzaltepec,0.00326,4550.0,4653.0,4877.0,5388.0,5977.0,4740.0,4540.0,4601.0,4705.0,4880.0,5852.0,6194.0,4830.0,5229.0,4830.0,4423.0,5284.0,5091.0,5074.0,5244.0,4836.0,4571.0,5415.0,5218.0,6081.0,5924.0,5642.0,6445.0,6648.0,5995.0,6131.0,5554.0,5675.0,
MEX.20.280_2,21231278.0,MEX,San Miguel Santa Flor,0.00289,2915.0,2947.0,2475.0,3248.0,3826.0,3746.0,3192.0,3750.0,3352.0,3952.0,4563.0,4862.0,4294.0,4277.0,5270.0,4004.0,5210.0,4698.0,5117.0,4887.0,4987.0,4000.0,3889.0,4278.0,4334.0,4428.0,3730.0,3979.0,4398.0,3928.0,4289.0,4470.0,5259.0,
MEX.20.281_2,21231279.0,MEX,San Miguel Soyaltepec,0.0,4104.0,4164.0,4496.0,5081.0,5961.0,5459.0,6542.0,6596.0,6762.0,7076.0,5998.0,5929.0,6443.0,6165.0,6229.0,5792.0,6326.0,5794.0,5869.0,5693.0,5719.0,5855.0,6073.0,5690.0,6777.0,6317.0,5645.0,5608.0,5185.0,5325.0,5653.0,5890.0,6036.0,
MEX.20.282_2,21231280.0,MEX,San Miguel Suchixtepec,0.0,3689.0,3756.0,3078.0,3696.0,4931.0,4827.0,4723.0,5285.0,4695.0,5025.0,5533.0,6994.0,6688.0,5696.0,6188.0,5467.0,5333.0,5500.0,5929.0,6319.0,5778.0,5407.0,5657.0,5865.0,5541.0,5038.0,4534.0,4636.0,4279.0,5198.0,5316.0,4874.0,5302.0,
MEX.20.283_2,21231281.0,MEX,San Miguel Tecomatlán,0.0034,3946.0,4020.0,4217.0,5520.0,5010.0,5312.0,5297.0,5465.0,5737.0,5344.0,4373.0,5356.0,5579.0,5861.0,5839.0,5816.0,6092.0,5904.0,5931.0,5883.0,5790.0,6104.0,6821.0,6194.0,7196.0,7110.0,5603.0,5957.0,5973.0,5467.0,5963.0,5671.0,5811.0,
MEX.20.284_2,21231282.0,MEX,San Miguel Tenango,0.0,5856.0,5811.0,5880.0,7706.0,7876.0,7680.0,8663.0,6681.0,5801.0,7086.0,8159.0,7394.0,6636.0,7082.0,6481.0,6922.0,8059.0,7023.0,6746.0,6284.0,6574.0,5915.0,6908.0,6433.0,7307.0,7250.0,6065.0,6436.0,7062.0,6706.0,6929.0,7050.0,7196.0,
MEX.20.285_2,21231283.0,MEX,San Miguel Tequixtepec,0.00429,5779.0,6131.0,6489.0,7667.0,7396.0,7327.0,7365.0,7415.0,7539.0,7325.0,6287.0,7679.0,7559.0,8217.0,8095.0,7685.0,8609.0,8143.0,8320.0,8122.0,8108.0,8315.0,9076.0,8392.0,10066.0,9997.0,8599.0,8851.0,9355.0,9068.0,8739.0,9390.0,9593.0,
MEX.20.286_2,21231284.0,MEX,San Miguel Tilquiápam,0.00173,3768.0,4447.0,4673.0,5650.0,5902.0,5411.0,5024.0,5056.0,4982.0,4571.0,3834.0,4748.0,4687.0,5400.0,5487.0,5057.0,5582.0,5631.0,5604.0,5252.0,5190.0,5538.0,6002.0,5495.0,6043.0,6078.0,5007.0,4843.0,5129.0,4571.0,4739.0,4938.0,5486.0,
MEX.20.287_2,21231285.0,MEX,San Miguel Tlacamama,0.0,2680.0,2362.0,2473.0,3676.0,4422.0,3722.0,3412.0,3892.0,3718.0,3878.0,5087.0,5123.0,5745.0,6703.0,6268.0,4236.0,5019.0,4812.0,4722.0,4957.0,4701.0,5529.0,4496.0,4895.0,4547.0,3733.0,2946.0,3327.0,3097.0,2736.0,3299.0,3438.0,3480.0,
MEX.20.288_2,21231286.0,MEX,San Miguel Tlacotepec,0.00754,4443.0,4597.0,4620.0,5244.0,6186.0,6334.0,5656.0,5418.0,5605.0,5207.0,4424.0,5305.0,5408.0,6199.0,5899.0,5479.0,6031.0,5933.0,5927.0,6082.0,6133.0,6778.0,7551.0,7861.0,7787.0,8058.0,7185.0,7229.0,7825.0,7462.0,8081.0,7774.0,7967.0,
MEX.20.289_2,21231287.0,MEX,San Miguel Tulancingo,0.00417,5934.0,5990.0,6341.0,7334.0,6892.0,6833.0,7147.0,6929.0,6959.0,7016.0,5980.0,7105.0,6992.0,7730.0,7597.0,7220.0,8076.0,7645.0,7708.0,7551.0,7511.0,7739.0,8521.0,7823.0,8870.0,8829.0,7791.0,7964.0,8652.0,8385.0,8561.0,9008.0,9202.0,
MEX.20.290_2,21231288.0,MEX,San Miguel Yotao,0.00226,3812.0,3883.0,4334.0,5316.0,5255.0,4767.0,4647.0,4460.0,4173.0,3743.0,4902.0,5623.0,5071.0,4945.0,4791.0,4841.0,5087.0,4645.0,4540.0,4229.0,4424.0,4217.0,4953.0,4557.0,5041.0,5146.0,5163.0,5135.0,5482.0,5275.0,5395.0,5585.0,5723.0,
MEX.20.291_2,21231289.0,MEX,San Nicolás,0.00318,3436.0,3465.0,3532.0,4257.0,4436.0,4356.0,4301.0,4193.0,4328.0,4017.0,3310.0,4665.0,4699.0,4792.0,5161.0,5030.0,5436.0,4651.0,4796.0,4593.0,4287.0,4034.0,4685.0,4080.0,4966.0,4808.0,4455.0,4538.0,4945.0,4932.0,6008.0,5299.0,5442.0,
MEX.20.292_2,21231290.0,MEX,San Nicolás Hidalgo,0.00225,3547.0,3518.0,3438.0,4310.0,5043.0,5044.0,4843.0,5315.0,5132.0,5711.0,5035.0,5372.0,5703.0,7062.0,6176.0,6594.0,5718.0,5764.0,5395.0,5251.0,6452.0,6309.0,6548.0,5526.0,5960.0,5718.0,5493.0,5348.0,5480.0,5386.0,6100.0,5427.0,5631.0,
MEX.20.293_2,21231291.0,MEX,San Pablo Coatlán,0.00159,3845.0,3931.0,3778.0,4796.0,4919.0,4816.0,4509.0,4705.0,4336.0,4718.0,5609.0,6251.0,5862.0,5607.0,5606.0,5547.0,5769.0,5751.0,5715.0,6217.0,5509.0,5151.0,5604.0,5610.0,5889.0,6072.0,4980.0,5009.0,5349.0,5150.0,5309.0,5532.0,5628.0,
MEX.20.294_2,21231292.0,MEX,San Pablo Cuatro Venados,0.00284,3511.0,3742.0,3768.0,5100.0,4700.0,4789.0,5194.0,5245.0,5436.0,5754.0,4634.0,5410.0,4934.0,5714.0,5694.0,5524.0,5917.0,5645.0,5732.0,5656.0,5159.0,5681.0,6107.0,5835.0,6473.0,6321.0,4849.0,5406.0,5751.0,5107.0,5590.0,5508.0,5172.0,
MEX.20.295_2,21231293.0,MEX,San Pablo Etla,0.00426,11910.0,12521.0,12598.0,13869.0,13449.0,13045.0,13354.0,12817.0,13077.0,13558.0,13494.0,13641.0,13586.0,14887.0,22878.0,21017.0,24407.0,22731.0,23443.0,14493.0,15606.0,15667.0,17069.0,16045.0,17314.0,17759.0,14597.0,14730.0,15990.0,15597.0,14854.0,15664.0,16053.0,
MEX.20.296_2,21231294.0,MEX,San Pablo Huitzo,0.0082,5824.0,6092.0,4928.0,6434.0,5905.0,7509.0,7740.0,8138.0,8513.0,7949.0,6947.0,4637.0,4794.0,6013.0,6082.0,5365.0,5184.0,5470.0,5505.0,4927.0,5295.0,7309.0,9157.0,9005.0,10252.0,10566.0,10651.0,9214.0,12821.0,11566.0,10237.0,11474.0,11759.0,
MEX.20.297_2,21231295.0,MEX,San Pablo Huixtepec,0.01101,6521.0,6564.0,5719.0,6909.0,6433.0,5212.0,5127.0,5140.0,4623.0,4926.0,4465.0,4954.0,4285.0,6817.0,6235.0,6466.0,6739.0,6846.0,6704.0,6317.0,6431.0,6793.0,7560.0,5826.0,7291.0,7646.0,9632.0,10231.0,10268.0,11018.0,10924.0,11738.0,12080.0,
MEX.20.298_2,21231296.0,MEX,San Pablo Macuiltianguis,0.008,3940.0,3915.0,3751.0,4147.0,4099.0,3905.0,4335.0,5227.0,4990.0,5200.0,7259.0,6881.0,6312.0,5322.0,5476.0,5239.0,4651.0,4482.0,4398.0,5040.0,4434.0,4868.0,6241.0,5675.0,6586.0,6837.0,5943.0,7058.0,7741.0,7272.0,7363.0,7698.0,7740.0,
MEX.20.299_2,21231297.0,MEX,San Pablo Tijaltepec,0.0047,3654.0,3462.0,3339.0,4363.0,4313.0,3847.0,3620.0,3642.0,3686.0,4245.0,4944.0,4442.0,4190.0,4136.0,4136.0,4130.0,4698.0,4360.0,4240.0,4381.0,4021.0,4210.0,4631.0,4725.0,5390.0,5123.0,4240.0,4910.0,5139.0,4886.0,4997.0,5066.0,5152.0,
MEX.20.300_2,21231298.0,MEX,San Pablo Villa de Mitla,0.00549,3424.0,3839.0,4135.0,4746.0,5065.0,5544.0,5962.0,6007.0,5807.0,5961.0,4928.0,5214.0,5075.0,5515.0,5511.0,5111.0,5466.0,5533.0,6506.0,6279.0,5586.0,6282.0,7776.0,6085.0,6884.0,6599.0,5310.0,4762.0,5743.0,5979.0,7321.0,6726.0,8115.0,
MEX.20.301_2,21231299.0,MEX,San Pablo Yaganiza,0.00043,4404.0,4057.0,3967.0,5768.0,5757.0,5618.0,6877.0,5847.0,5383.0,5992.0,5964.0,5839.0,4882.0,5170.0,5882.0,5024.0,6308.0,6061.0,5979.0,5924.0,5826.0,5114.0,5889.0,5667.0,6272.0,5908.0,4867.0,5498.0,5904.0,5242.0,6680.0,5832.0,6102.0,
MEX.20.302_2,21231300.0,MEX,San Pedro Amuzgos,0.00431,2876.0,2705.0,2709.0,3866.0,4470.0,3254.0,2969.0,3474.0,3553.0,3534.0,4231.0,4549.0,5138.0,4895.0,3624.0,3918.0,3792.0,3731.0,3623.0,3940.0,3656.0,3492.0,4180.0,3863.0,4664.0,4301.0,3471.0,3492.0,4070.0,5534.0,5660.0,5663.0,5971.0,
MEX.20.303_2,21231301.0,MEX,San Pedro Apóstol,0.00338,6615.0,7832.0,6251.0,5237.0,5011.0,6282.0,8258.0,8626.0,8766.0,8083.0,8524.0,8541.0,8207.0,9341.0,15257.0,8926.0,8928.0,8404.0,8311.0,7842.0,8443.0,8794.0,10466.0,8572.0,10046.0,10454.0,8120.0,9384.0,9794.0,9558.0,8528.0,9549.0,9827.0,
MEX.20.304_2,21231302.0,MEX,San Pedro Atoyac,0.0,2462.0,2272.0,2132.0,3013.0,4251.0,3498.0,3382.0,3914.0,5529.0,5382.0,6002.0,6393.0,6488.0,7785.0,7084.0,6404.0,6779.0,6539.0,6494.0,6834.0,6403.0,6438.0,6714.0,6967.0,6598.0,5793.0,4170.0,3126.0,3556.0,3264.0,4794.0,4759.0,4763.0,
MEX.20.305_2,21231303.0,MEX,San Pedro Cajonos,0.0,2788.0,2909.0,2822.0,3838.0,4859.0,4365.0,3968.0,4270.0,3792.0,4327.0,3797.0,4110.0,3584.0,4100.0,4774.0,3370.0,4954.0,4463.0,4947.0,4717.0,4866.0,3875.0,3820.0,3922.0,4438.0,3775.0,3209.0,3367.0,3670.0,3315.0,3547.0,3696.0,3801.0,
MEX.20.306_2,21231304.0,MEX,San Pedro Comitancillo,0.00731,8876.0,9154.0,7943.0,9516.0,9309.0,8325.0,8646.0,8231.0,8575.0,8516.0,7622.0,8945.0,8526.0,9105.0,9527.0,9130.0,9812.0,9720.0,9963.0,9730.0,9923.0,10545.0,11650.0,12154.0,12722.0,13261.0,10777.0,11803.0,12726.0,11962.0,12943.0,12779.0,13168.0,
MEX.20.307_2,21231305.0,MEX,San Pedro Coxcaltepec Cántaros,-0.00246,5509.0,5237.0,5549.0,6409.0,5998.0,5960.0,6415.0,6216.0,6353.0,6374.0,5472.0,6276.0,6061.0,6771.0,6506.0,6245.0,6860.0,6107.0,6373.0,6254.0,6010.0,6090.0,5520.0,5505.0,5695.0,5550.0,4397.0,4466.0,4803.0,4594.0,5509.0,4919.0,5041.0,
MEX.20.308_2,21231306.0,MEX,San Pedro el Alto,-0.00378,3568.0,3710.0,4432.0,6394.0,7357.0,6533.0,5988.0,6144.0,5831.0,6289.0,6097.0,6997.0,6428.0,7631.0,6492.0,6029.0,5659.0,5633.0,6498.0,7084.0,6332.0,5653.0,4683.0,4636.0,4805.0,4746.0,5378.0,4861.0,5115.0,5419.0,5542.0,5190.0,5296.0,
MEX.20.309_2,21231307.0,MEX,San Pedro Huamelula,0.0,4083.0,4264.0,4520.0,5023.0,6021.0,5451.0,4862.0,4957.0,4636.0,4977.0,5554.0,4901.0,4626.0,4898.0,4430.0,4697.0,4680.0,4608.0,4496.0,5034.0,4388.0,4361.0,4800.0,4442.0,4820.0,4772.0,4464.0,5255.0,5825.0,5289.0,6113.0,5708.0,5952.0,
MEX.20.310_2,21231308.0,MEX,San Pedro Huilotepec,0.00727,11035.0,11212.0,11512.0,11150.0,10756.0,9788.0,9588.0,9222.0,9762.0,9825.0,10191.0,10434.0,10426.0,10685.0,11849.0,10493.0,12897.0,11586.0,11728.0,10658.0,11548.0,12399.0,13930.0,12607.0,14156.0,14501.0,13536.0,14194.0,15465.0,15351.0,12438.0,14272.0,14626.0,
MEX.20.311_2,21231309.0,MEX,San Pedro Ixcatlán,0.0,6775.0,7072.0,7577.0,8753.0,12514.0,11818.0,10241.0,9829.0,10279.0,9433.0,7995.0,8676.0,9654.0,9020.0,9808.0,8745.0,9224.0,8428.0,7931.0,7291.0,7806.0,8406.0,7877.0,8006.0,8353.0,8171.0,10607.0,11048.0,10698.0,9513.0,10219.0,10868.0,9651.0,
MEX.20.312_2,21231310.0,MEX,San Pedro Ixtlahuaca,0.00536,18772.0,20770.0,21472.0,18576.0,17118.0,16659.0,16983.0,16300.0,17367.0,16302.0,16225.0,17039.0,17611.0,18552.0,19442.0,18162.0,20513.0,18961.0,19609.0,18366.0,19108.0,19786.0,21559.0,20211.0,21837.0,25649.0,21783.0,23255.0,25161.0,23661.0,18624.0,22787.0,24099.0,
MEX.20.313_2,21231311.0,MEX,San Pedro Jaltepetongo,0.004,5146.0,5017.0,5210.0,6411.0,6662.0,6239.0,6515.0,6186.0,5832.0,6190.0,6668.0,6415.0,5878.0,6301.0,7099.0,6501.0,7571.0,7204.0,6923.0,7187.0,7348.0,7215.0,8054.0,7269.0,8020.0,7971.0,6996.0,6651.0,7432.0,6815.0,7214.0,6750.0,7048.0,
MEX.20.314_2,21231312.0,MEX,San Pedro Jicayán,0.01113,1698.0,2208.0,2011.0,3224.0,3187.0,2855.0,3141.0,3480.0,3537.0,3971.0,5004.0,4817.0,4599.0,4651.0,4288.0,4117.0,4121.0,3987.0,3796.0,3577.0,3463.0,3381.0,3396.0,4281.0,4400.0,3669.0,5647.0,7731.0,14805.0,14209.0,14539.0,14220.0,14563.0,
MEX.20.315_2,21231313.0,MEX,San Pedro Jocotipac,0.00454,4906.0,4938.0,4970.0,6268.0,6390.0,6176.0,5969.0,6034.0,5294.0,6005.0,6010.0,6048.0,5108.0,5218.0,6007.0,5116.0,6687.0,6186.0,6120.0,5971.0,5859.0,5176.0,6528.0,6280.0,7549.0,7443.0,5831.0,6681.0,7517.0,7165.0,7018.0,7658.0,7819.0,
MEX.20.316_2,21231314.0,MEX,San Pedro Juchatengo,0.00367,3131.0,3734.0,3676.0,4637.0,5818.0,5382.0,5392.0,5201.0,4709.0,5768.0,5717.0,6273.0,5832.0,6914.0,7571.0,6151.0,7674.0,7051.0,7497.0,7239.0,7305.0,6674.0,6577.0,6670.0,7341.0,6618.0,5054.0,5562.0,5778.0,5190.0,6210.0,6062.0,6067.0,
MEX.20.317_2,21231315.0,MEX,San Pedro Mártir,0.00399,10142.0,11273.0,8711.0,9627.0,8247.0,6688.0,6360.0,6005.0,6422.0,6332.0,6947.0,6938.0,7140.0,7190.0,7804.0,6629.0,7620.0,7491.0,7116.0,6575.0,6941.0,7236.0,7710.0,7430.0,8226.0,8303.0,7747.0,8612.0,8251.0,7919.0,8875.0,9247.0,9477.0,
MEX.20.318_2,21231316.0,MEX,San Pedro Mártir Quiechapa,0.00367,5278.0,5243.0,5326.0,6628.0,6604.0,6202.0,6054.0,5939.0,5820.0,6193.0,6895.0,6687.0,6402.0,6943.0,6659.0,6673.0,7323.0,6937.0,6806.0,6659.0,6318.0,6483.0,7125.0,6872.0,7544.0,7519.0,6912.0,7137.0,7553.0,7422.0,7833.0,7563.0,7820.0,
MEX.20.319_2,21231317.0,MEX,San Pedro Mártir Yucuxaco,0.00385,4366.0,4053.0,3797.0,5340.0,5224.0,4989.0,6349.0,6043.0,5799.0,6473.0,6104.0,6523.0,5991.0,6396.0,6778.0,6171.0,7123.0,6884.0,6788.0,6721.0,6629.0,6468.0,7394.0,6698.0,7382.0,7702.0,6261.0,6141.0,6614.0,6293.0,7260.0,6771.0,7008.0,
MEX.20.320_2,21231318.0,MEX,San Pedro Mixtepec -Dto. 22 -,0.00228,3329.0,3661.0,3421.0,4042.0,4927.0,7034.0,6992.0,7194.0,6914.0,7582.0,11726.0,12205.0,11810.0,12831.0,12528.0,11836.0,13037.0,12345.0,12650.0,11503.0,11867.0,11739.0,12912.0,11843.0,12369.0,11715.0,10350.0,10541.0,11591.0,11479.0,11659.0,11969.0,12250.0,
MEX.20.321_2,21231319.0,MEX,San Pedro Mixtepec -Dto. 26 -,0.00072,4308.0,3635.0,3482.0,3960.0,4612.0,2966.0,2819.0,3004.0,2900.0,3472.0,5034.0,5340.0,5252.0,4572.0,4542.0,4691.0,5159.0,4507.0,4462.0,4006.0,3894.0,3924.0,4509.0,3667.0,4485.0,3848.0,3306.0,4063.0,4190.0,4773.0,4881.0,4952.0,5096.0,
MEX.20.322_2,21231320.0,MEX,San Pedro Molinos,0.0,3480.0,3844.0,3762.0,5223.0,6033.0,5907.0,5726.0,6263.0,5823.0,6171.0,5676.0,6926.0,6197.0,5626.0,6062.0,5763.0,5659.0,5612.0,6145.0,7065.0,6414.0,5151.0,5198.0,4923.0,5568.0,5433.0,5098.0,5310.0,5596.0,5348.0,5494.0,5724.0,5830.0,
MEX.20.323_2,21231321.0,MEX,San Pedro Nopala,0.00322,5824.0,5841.0,6085.0,6461.0,6424.0,6384.0,6802.0,6587.0,6472.0,6650.0,5848.0,6787.0,6545.0,7089.0,7080.0,6742.0,7440.0,7015.0,7041.0,7885.0,7039.0,7242.0,7799.0,7206.0,7992.0,7890.0,6897.0,7055.0,7606.0,7369.0,7197.0,7763.0,7927.0,
MEX.20.324_2,21231322.0,MEX,San Pedro Ocopetatillo,-0.00713,4568.0,3943.0,5494.0,7961.0,9497.0,8375.0,6868.0,6858.0,6361.0,5239.0,5900.0,6672.0,6421.0,5300.0,4993.0,5151.0,5012.0,4826.0,5203.0,4932.0,4477.0,4263.0,4598.0,4330.0,4395.0,4504.0,4254.0,4281.0,4566.0,4438.0,5427.0,4291.0,4865.0,
MEX.20.325_2,21231323.0,MEX,San Pedro Ocotepec,0.00231,3983.0,3748.0,3659.0,4536.0,5899.0,4952.0,4078.0,4566.0,4432.0,4363.0,6139.0,6498.0,6061.0,5615.0,5684.0,5686.0,5761.0,6017.0,5871.0,5996.0,4980.0,4069.0,5623.0,4637.0,5504.0,5248.0,5162.0,5188.0,5414.0,5587.0,5713.0,5854.0,5999.0,
MEX.20.326_2,21231324.0,MEX,San Pedro Pochutla,0.02317,2973.0,3351.0,3164.0,4888.0,6441.0,5309.0,5170.0,4962.0,5075.0,4764.0,5216.0,5793.0,4903.0,5308.0,7765.0,7020.0,8763.0,8055.0,13476.0,12533.0,13117.0,13799.0,15886.0,13816.0,14296.0,13978.0,12632.0,12944.0,13195.0,12138.0,12614.0,12537.0,12848.0,
MEX.20.327_2,21231325.0,MEX,San Pedro Quiatoni,0.0,4107.0,4019.0,4169.0,5940.0,5899.0,6017.0,6802.0,5769.0,5058.0,5736.0,5709.0,5632.0,4719.0,5010.0,5671.0,4876.0,6075.0,5844.0,5664.0,5645.0,5519.0,4850.0,5912.0,5540.0,6011.0,5676.0,4868.0,5151.0,5463.0,5187.0,6255.0,5389.0,5706.0,
MEX.20.328_2,21231326.0,MEX,San Pedro Sochiápam,0.0,2614.0,2329.0,2336.0,3002.0,4735.0,4636.0,3501.0,3828.0,4260.0,3955.0,5294.0,5583.0,5408.0,5576.0,5894.0,4239.0,4645.0,4767.0,4675.0,4810.0,4417.0,4881.0,4768.0,4599.0,5087.0,4615.0,4615.0,4655.0,4945.0,4280.0,4378.0,4545.0,4585.0,
MEX.20.329_2,21231327.0,MEX,San Pedro Tapanatepec,0.0,2955.0,2764.0,2871.0,4409.0,6164.0,5646.0,5678.0,5921.0,5906.0,5665.0,6246.0,6297.0,6214.0,5883.0,5714.0,4913.0,5774.0,5765.0,5676.0,5515.0,5480.0,5353.0,5321.0,4910.0,5282.0,5181.0,5307.0,5387.0,4960.0,7103.0,9687.0,8603.0,9335.0,
MEX.20.330_2,21231328.0,MEX,San Pedro Taviche,0.00483,5003.0,5029.0,5083.0,5848.0,5806.0,5470.0,5524.0,5593.0,5281.0,5959.0,5595.0,6017.0,5575.0,6009.0,6143.0,5730.0,7075.0,6789.0,6656.0,6564.0,6670.0,6438.0,7121.0,6826.0,7325.0,7437.0,6535.0,6310.0,6833.0,6433.0,6791.0,6792.0,6980.0,
MEX.20.331_2,21231329.0,MEX,San Pedro Teozacoalco,0.0045,4946.0,5202.0,5318.0,6417.0,6480.0,6195.0,5909.0,5895.0,5713.0,5988.0,5781.0,6577.0,6244.0,6723.0,6602.0,6548.0,7340.0,7059.0,6930.0,7164.0,6753.0,6788.0,7416.0,7234.0,7791.0,7831.0,7218.0,7042.0,7483.0,7340.0,7692.0,7409.0,7610.0,
MEX.20.332_2,21231330.0,MEX,San Pedro Teutila,0.00649,3679.0,4576.0,4013.0,5582.0,6880.0,7851.0,8048.0,6481.0,6629.0,6287.0,5284.0,4999.0,4177.0,7118.0,6967.0,6532.0,7754.0,7767.0,7864.0,7393.0,7542.0,6815.0,9883.0,9838.0,8403.0,8503.0,7822.0,7986.0,8112.0,8867.0,9582.0,8527.0,8739.0,
MEX.20.333_2,21231331.0,MEX,San Pedro Tidaá,0.00374,4324.0,4674.0,4638.0,5431.0,5776.0,5096.0,5157.0,5217.0,4410.0,4581.0,5764.0,5078.0,4835.0,4835.0,4519.0,4747.0,5970.0,5725.0,5458.0,5642.0,5394.0,5172.0,6023.0,5597.0,6190.0,6333.0,5242.0,5559.0,5872.0,5420.0,6517.0,6026.0,6210.0,
MEX.20.334_2,21231332.0,MEX,San Pedro Topiltepec,0.0031,5633.0,5805.0,6027.0,6446.0,6424.0,6401.0,6820.0,6605.0,6472.0,6650.0,5848.0,6787.0,6545.0,7089.0,7080.0,6742.0,7623.0,7163.0,7192.0,7071.0,7008.0,7160.0,7938.0,7333.0,8133.0,8032.0,7009.0,7168.0,7710.0,7156.0,6984.0,7536.0,7693.0,
MEX.20.335_2,21231333.0,MEX,San Pedro Totolápam,0.00203,5337.0,5316.0,5360.0,6999.0,7256.0,6913.0,8047.0,6985.0,6165.0,7177.0,7254.0,7313.0,6350.0,6757.0,7434.0,6533.0,8087.0,7504.0,7303.0,7173.0,7221.0,6551.0,7844.0,7373.0,8231.0,8043.0,7191.0,7363.0,7805.0,7570.0,7678.0,7713.0,8059.0,
MEX.20.336_2,21231334.0,MEX,San Pedro y San Pablo Ayutla,0.00493,3980.0,4072.0,4097.0,4271.0,4544.0,4252.0,5031.0,4602.0,4221.0,4683.0,4300.0,5403.0,5136.0,4911.0,5386.0,4824.0,5234.0,5133.0,4987.0,4909.0,5114.0,4600.0,5323.0,4966.0,5682.0,5314.0,5499.0,5374.0,5762.0,5661.0,7601.0,6697.0,7041.0,
MEX.20.337_2,21231335.0,MEX,San Pedro y San Pablo Teposcolul,0.00158,4044.0,3859.0,3782.0,6010.0,5291.0,5390.0,5195.0,5099.0,5537.0,5220.0,4245.0,5035.0,5274.0,5762.0,5390.0,5493.0,5690.0,5062.0,5127.0,5047.0,4996.0,5523.0,6173.0,5188.0,5929.0,5597.0,4822.0,5282.0,5723.0,5433.0,5904.0,5684.0,5825.0,
MEX.20.338_2,21231336.0,MEX,San Pedro y San Pablo Tequixtepe,0.00411,5954.0,5815.0,5697.0,6197.0,5919.0,6095.0,6225.0,5941.0,6375.0,5956.0,5189.0,5457.0,5740.0,6432.0,6616.0,6083.0,6934.0,6573.0,6747.0,5838.0,6511.0,6595.0,7424.0,6983.0,7489.0,7549.0,6494.0,6868.0,7844.0,7535.0,7433.0,7845.0,8011.0,
MEX.20.339_2,21231337.0,MEX,San Pedro Yaneri,0.00553,5049.0,4742.0,4905.0,5800.0,5633.0,5403.0,5444.0,5354.0,5287.0,5707.0,5869.0,6140.0,5491.0,6056.0,5912.0,5628.0,6887.0,6322.0,6181.0,6197.0,6023.0,6142.0,6866.0,6684.0,7697.0,7464.0,6925.0,6928.0,7529.0,7299.0,7661.0,7301.0,7433.0,
MEX.20.340_2,21231338.0,MEX,San Pedro Yólox,0.00189,5051.0,5041.0,4983.0,5795.0,6675.0,6016.0,5675.0,5735.0,5586.0,6651.0,6373.0,6273.0,6002.0,6608.0,7580.0,6501.0,7527.0,7183.0,7643.0,7311.0,7448.0,5745.0,6180.0,5894.0,6810.0,6422.0,5589.0,5446.0,5952.0,5627.0,5947.0,5931.0,6048.0,
MEX.20.341_2,21231339.0,MEX,San Pedro Yucunama,0.00455,4816.0,4709.0,4944.0,6043.0,5961.0,5938.0,6074.0,6073.0,6277.0,6116.0,5152.0,6182.0,6194.0,7086.0,6938.0,6702.0,7258.0,6814.0,6908.0,6860.0,6845.0,7100.0,7689.0,6979.0,7851.0,7844.0,6738.0,6954.0,7317.0,7725.0,7495.0,7858.0,8063.0,
MEX.20.342_2,21231340.0,MEX,San Raymundo Jalpan,0.00534,10826.0,10449.0,10964.0,8758.0,8499.0,6872.0,7185.0,6935.0,11040.0,7523.0,11387.0,11951.0,12021.0,12196.0,13656.0,12015.0,14290.0,13575.0,13802.0,12465.0,13449.0,13450.0,14160.0,13779.0,14335.0,14782.0,12963.0,13096.0,14233.0,13721.0,14189.0,14723.0,15077.0,
MEX.20.343_2,21231341.0,MEX,San Sebastián Abasolo,0.0,6496.0,6628.0,5336.0,6458.0,8807.0,7737.0,7650.0,7342.0,8362.0,7795.0,4495.0,4842.0,5027.0,5321.0,5016.0,5114.0,4885.0,5033.0,4918.0,4926.0,4792.0,5276.0,5606.0,5290.0,6276.0,6368.0,5551.0,5880.0,6591.0,6642.0,8331.0,7769.0,7831.0,
MEX.20.344_2,21231342.0,MEX,San Sebastián Coatlán,0.00824,3436.0,3204.0,3227.0,4520.0,4199.0,4282.0,4222.0,4264.0,4228.0,4419.0,4481.0,4636.0,4303.0,4453.0,4546.0,4353.0,5890.0,5447.0,5357.0,5255.0,5220.0,5325.0,7143.0,5778.0,6581.0,6404.0,6504.0,5795.0,6080.0,5739.0,6703.0,5981.0,5566.0,
MEX.20.345_2,21231343.0,MEX,San Sebastián Ixcapa,0.00403,2853.0,2657.0,2665.0,3526.0,3937.0,3854.0,3409.0,3627.0,3706.0,3816.0,4909.0,5126.0,5074.0,4857.0,4440.0,4796.0,5072.0,4628.0,4531.0,4834.0,4465.0,4771.0,4712.0,4599.0,5087.0,4615.0,4665.0,4700.0,5011.0,4770.0,4903.0,5109.0,5163.0,
MEX.20.346_2,21231344.0,MEX,San Sebastián Nicananduta,0.001,3685.0,3642.0,4540.0,4904.0,6798.0,5580.0,5393.0,5584.0,5477.0,5914.0,6861.0,6380.0,6082.0,6244.0,5566.0,5032.0,5903.0,5725.0,5458.0,5642.0,5318.0,5172.0,5845.0,5650.0,6248.0,6391.0,5264.0,5559.0,6159.0,5518.0,6517.0,6026.0,6210.0,
MEX.20.347_2,21231345.0,MEX,San Sebastián Río Hondo,0.00312,3209.0,3108.0,3278.0,4854.0,4940.0,4896.0,4277.0,4450.0,3736.0,4534.0,4055.0,4204.0,3569.0,3607.0,4018.0,3578.0,4570.0,4118.0,4066.0,4216.0,3980.0,3444.0,4333.0,4009.0,4703.0,4405.0,3303.0,3989.0,4383.0,4597.0,5219.0,5135.0,5262.0,
MEX.20.348_2,21231346.0,MEX,San Sebastián Tecomaxtlahuaca,0.0,3316.0,3038.0,3062.0,3902.0,4294.0,4204.0,5210.0,4717.0,4589.0,5086.0,5372.0,5670.0,5292.0,5970.0,5186.0,4602.0,5600.0,5875.0,5413.0,5282.0,5291.0,4439.0,4800.0,4819.0,5248.0,5070.0,4724.0,4605.0,4934.0,4485.0,4634.0,4828.0,4983.0,
MEX.20.349_2,21231347.0,MEX,San Sebastián Teitipac,0.00483,6637.0,5819.0,5199.0,6163.0,6327.0,5042.0,4872.0,5037.0,5400.0,5137.0,4985.0,5295.0,5620.0,5726.0,5592.0,5843.0,6239.0,6472.0,6117.0,5895.0,5922.0,6314.0,8086.0,7367.0,8117.0,8871.0,5880.0,6774.0,6820.0,5779.0,5910.0,6123.0,6275.0,
MEX.20.350_2,21231348.0,MEX,San Sebastián Tutla,0.00479,19033.0,19310.0,19968.0,16206.0,15817.0,14829.0,15081.0,14475.0,15243.0,15424.0,15351.0,15682.0,15956.0,17150.0,18008.0,16463.0,18955.0,17507.0,18131.0,16952.0,17668.0,17981.0,17397.0,18197.0,17535.0,21244.0,20318.0,21699.0,22081.0,20685.0,17333.0,19873.0,21113.0,
MEX.20.351_2,21231349.0,MEX,San Simón Almolongas,0.00393,3852.0,3746.0,4191.0,4428.0,4889.0,4104.0,4762.0,4624.0,4641.0,4502.0,3941.0,5006.0,5178.0,5175.0,4856.0,4484.0,4962.0,4919.0,4785.0,4869.0,5249.0,5156.0,5176.0,5254.0,5705.0,5381.0,4974.0,5112.0,5375.0,5262.0,6464.0,5658.0,5797.0,
MEX.20.352_2,21231350.0,MEX,San Simón Zahuatlán,0.00327,3997.0,4329.0,4203.0,5133.0,5093.0,4911.0,4972.0,5048.0,5118.0,5117.0,4388.0,5438.0,5457.0,5678.0,5846.0,5644.0,6043.0,5676.0,5679.0,5476.0,5358.0,5340.0,5678.0,5351.0,6625.0,6768.0,4863.0,5791.0,6019.0,5676.0,5767.0,5171.0,5299.0,
MEX.20.353_2,21231351.0,MEX,San Vicente Coatlán,0.00335,3570.0,3395.0,3135.0,4327.0,4722.0,4623.0,4668.0,4719.0,4266.0,4460.0,5805.0,5786.0,5131.0,4605.0,5285.0,4461.0,5168.0,5249.0,5386.0,5514.0,4917.0,5004.0,5382.0,4172.0,5506.0,5016.0,4790.0,5433.0,6148.0,5142.0,5497.0,5728.0,5116.0,
MEX.20.354_2,21231352.0,MEX,San Vicente Lachixío,0.00076,4012.0,3819.0,3494.0,4540.0,4972.0,4868.0,4954.0,5085.0,4406.0,4984.0,5940.0,4734.0,3913.0,3900.0,4629.0,3973.0,5578.0,4732.0,4710.0,4756.0,4589.0,3824.0,5045.0,4272.0,5273.0,4963.0,3770.0,4388.0,4743.0,4672.0,5329.0,5035.0,5160.0,
MEX.20.355_2,21231353.0,MEX,San Vicente Nuñú,0.0053,5623.0,5660.0,5911.0,5624.0,5187.0,4950.0,4858.0,5142.0,5263.0,4977.0,4353.0,5280.0,5435.0,5647.0,5821.0,5545.0,5774.0,5660.0,5735.0,5449.0,5762.0,6005.0,6488.0,6081.0,6889.0,6935.0,5904.0,6025.0,6835.0,7720.0,8005.0,8320.0,8526.0,
MEX.20.356_2,21231354.0,MEX,Santa Ana,0.00683,3816.0,4042.0,4422.0,5016.0,5270.0,5075.0,4424.0,4974.0,4682.0,4219.0,3974.0,4598.0,4577.0,5802.0,5503.0,4892.0,5630.0,5585.0,5630.0,5493.0,5997.0,5961.0,5638.0,6468.0,7042.0,6749.0,5744.0,6034.0,6615.0,6411.0,7270.0,6873.0,6312.0,
MEX.20.357_2,21231355.0,MEX,Santa Ana Ateixtlahuaca,-0.0075,3793.0,3595.0,3752.0,4723.0,5698.0,5579.0,4673.0,4965.0,5013.0,5065.0,5041.0,5089.0,5141.0,4628.0,4312.0,4392.0,4267.0,4649.0,4460.0,4371.0,4346.0,3755.0,3643.0,3832.0,3906.0,3646.0,3384.0,3438.0,3412.0,3278.0,3416.0,3559.0,3636.0,
MEX.20.358_2,21231356.0,MEX,Santa Ana Cuauhtémoc,0.0,3045.0,2948.0,3387.0,4736.0,6714.0,5853.0,6707.0,5605.0,4983.0,5478.0,6235.0,6285.0,4963.0,5090.0,5599.0,4213.0,6178.0,5999.0,5879.0,5680.0,5541.0,4393.0,5623.0,5281.0,5755.0,5134.0,5778.0,5378.0,5469.0,5298.0,5418.0,5603.0,5925.0,
MEX.20.359_2,21231357.0,MEX,Santa Ana del Valle,0.01755,4669.0,2840.0,3363.0,4224.0,4175.0,3748.0,4687.0,4148.0,4936.0,4749.0,5219.0,5409.0,5467.0,5988.0,5923.0,5750.0,6274.0,7474.0,7578.0,8220.0,9402.0,8942.0,9180.0,8981.0,9545.0,9948.0,9889.0,10345.0,10106.0,9522.0,9354.0,10468.0,10854.0,
MEX.20.360_2,21231358.0,MEX,Santa Ana Tavela,0.00977,3286.0,3301.0,3472.0,4856.0,4484.0,4385.0,4135.0,3953.0,4002.0,4234.0,4890.0,4948.0,4781.0,5693.0,5570.0,5699.0,6166.0,6242.0,6493.0,6531.0,6327.0,6199.0,6824.0,6491.0,7099.0,6909.0,6270.0,6741.0,7083.0,7114.0,7791.0,7761.0,7908.0,
MEX.20.361_2,21231359.0,MEX,Santa Ana Tlapacoyan,0.00193,3705.0,4124.0,4136.0,4527.0,4771.0,4502.0,5408.0,5477.0,5383.0,5221.0,4325.0,5100.0,4813.0,5697.0,5730.0,5261.0,5625.0,5637.0,5698.0,5526.0,5638.0,5417.0,5623.0,5912.0,6201.0,5588.0,4388.0,4956.0,5222.0,4881.0,6059.0,5381.0,5515.0,
MEX.20.362_2,21231360.0,MEX,Santa Ana Yareni,0.00771,6456.0,6550.0,6560.0,7374.0,6329.0,5920.0,6073.0,6156.0,7142.0,6128.0,4951.0,5764.0,6586.0,6407.0,6279.0,5677.0,6572.0,6881.0,7602.0,7363.0,7557.0,9061.0,9681.0,8874.0,10048.0,9913.0,8507.0,8799.0,9516.0,9224.0,7418.0,8504.0,8686.0,
MEX.20.363_2,21231361.0,MEX,Santa Ana Zegache,0.00758,9920.0,9900.0,9465.0,9089.0,8112.0,7775.0,6199.0,6581.0,7031.0,6615.0,7273.0,7333.0,7351.0,6426.0,6803.0,6860.0,6807.0,7859.0,8051.0,7631.0,7787.0,7542.0,9816.0,7994.0,8891.0,9125.0,9957.0,10422.0,10577.0,10194.0,10931.0,11334.0,11615.0,
MEX.20.364_2,21231362.0,MEX,Santa Catalina Quierí,0.00337,3589.0,3798.0,3637.0,5713.0,5613.0,5436.0,5084.0,4859.0,4997.0,5369.0,5833.0,6222.0,5438.0,5923.0,5903.0,5243.0,6102.0,5422.0,5318.0,5440.0,5196.0,5390.0,5708.0,5647.0,6512.0,6014.0,5643.0,5791.0,6281.0,6223.0,6945.0,6385.0,6494.0,
MEX.20.365_2,21231363.0,MEX,Santa Catarina Cuixtla,0.00612,5775.0,5938.0,5299.0,6141.0,7315.0,6845.0,6389.0,6640.0,7106.0,6147.0,5969.0,6781.0,7108.0,9046.0,9181.0,6949.0,7369.0,7292.0,7426.0,7358.0,8106.0,7863.0,8080.0,7405.0,8206.0,9736.0,8038.0,8100.0,8818.0,8387.0,10601.0,10484.0,10744.0,
MEX.20.366_2,21231364.0,MEX,Santa Catarina Ixtepeji,0.00493,8591.0,8784.0,9042.0,10597.0,9904.0,9797.0,10454.0,10131.0,10384.0,10517.0,9626.0,10271.0,10193.0,10773.0,11063.0,10515.0,11807.0,11083.0,11735.0,10730.0,10916.0,11692.0,12714.0,12052.0,13268.0,13422.0,11333.0,12015.0,12818.0,12076.0,12415.0,13131.0,13427.0,
MEX.20.367_2,21231365.0,MEX,Santa Catarina Juquila,0.00257,3529.0,3299.0,3421.0,4640.0,5312.0,4115.0,4071.0,4804.0,4616.0,5046.0,6457.0,5833.0,5444.0,5583.0,5059.0,4599.0,4828.0,4783.0,5122.0,5604.0,5184.0,4728.0,5891.0,5009.0,6026.0,5503.0,5044.0,5049.0,5306.0,5243.0,5940.0,4713.0,4857.0,
MEX.20.368_2,21231366.0,MEX,Santa Catarina Lachatao,0.00269,3952.0,4483.0,4462.0,5539.0,5305.0,5702.0,5434.0,5555.0,5711.0,5558.0,5020.0,5529.0,5557.0,6618.0,5871.0,6255.0,6731.0,6437.0,5940.0,5850.0,5788.0,6034.0,7257.0,5925.0,6570.0,6458.0,6106.0,5627.0,6014.0,6450.0,6141.0,6037.0,6212.0,
MEX.20.369_2,21231367.0,MEX,Santa Catarina Loxicha,0.00096,3178.0,3133.0,3374.0,4532.0,3784.0,3954.0,3516.0,3587.0,3790.0,4030.0,4713.0,4211.0,4000.0,4072.0,3948.0,4112.0,4628.0,3999.0,3873.0,4020.0,3774.0,3823.0,4361.0,4071.0,4512.0,4200.0,4013.0,3986.0,4110.0,4081.0,4173.0,3949.0,4030.0,
MEX.20.370_2,21231368.0,MEX,Santa Catarina Mechoacán,0.0,2239.0,2394.0,2383.0,4016.0,5451.0,5347.0,4601.0,4704.0,4668.0,4594.0,5515.0,5161.0,4212.0,4256.0,3783.0,3978.0,5548.0,5000.0,4831.0,4875.0,4707.0,3529.0,3324.0,3896.0,4664.0,3770.0,4062.0,4130.0,4424.0,4554.0,5225.0,5444.0,5423.0,
MEX.20.371_2,21231369.0,MEX,Santa Catarina Minas,0.0025,5398.0,5712.0,6114.0,6961.0,7329.0,7247.0,8760.0,8748.0,9879.0,9918.0,9486.0,9231.0,9202.0,9254.0,9610.0,9411.0,9398.0,9044.0,9484.0,9074.0,8907.0,8963.0,9496.0,9415.0,10241.0,10115.0,9108.0,9546.0,10120.0,9576.0,10918.0,10169.0,10140.0,
MEX.20.372_2,21231370.0,MEX,Santa Catarina Quiané,0.01003,9048.0,9662.0,7650.0,7359.0,7430.0,6841.0,6411.0,6011.0,6680.0,6420.0,6583.0,10067.0,10069.0,10099.0,10153.0,11914.0,12702.0,11339.0,11523.0,10759.0,11228.0,11915.0,13805.0,12124.0,13194.0,13396.0,13683.0,13442.0,14952.0,13212.0,14126.0,14801.0,15169.0,
MEX.20.373_2,21231371.0,MEX,Santa Catarina Quioquitani,0.0,3883.0,3841.0,3903.0,4521.0,5555.0,4646.0,4131.0,4642.0,3812.0,4265.0,5365.0,5548.0,5461.0,4222.0,4209.0,4273.0,4389.0,4343.0,4013.0,4720.0,4208.0,4286.0,4799.0,4749.0,5178.0,4641.0,3985.0,4642.0,4295.0,4045.0,4137.0,4221.0,4309.0,
MEX.20.374_2,21231372.0,MEX,Santa Catarina Tayata,0.00566,3883.0,3736.0,3665.0,5775.0,6233.0,5789.0,6088.0,5881.0,5623.0,6514.0,7743.0,6636.0,6288.0,6840.0,7158.0,6622.0,7681.0,7364.0,7556.0,7081.0,7002.0,7048.0,8070.0,7269.0,8020.0,8328.0,7208.0,6970.0,7783.0,6623.0,7322.0,7123.0,7590.0,
MEX.20.375_2,21231373.0,MEX,Santa Catarina Ticuá,0.00483,3635.0,3528.0,3703.0,4448.0,5397.0,5117.0,4648.0,5073.0,4667.0,5328.0,5554.0,5806.0,6336.0,7579.0,6054.0,6502.0,5726.0,5946.0,6429.0,6426.0,6722.0,7522.0,6688.0,6437.0,5988.0,5492.0,5380.0,5611.0,5430.0,5412.0,5535.0,5628.0,5867.0,
MEX.20.376_2,21231374.0,MEX,Santa Catarina Yosonotú,0.0,4445.0,4679.0,5116.0,6929.0,8174.0,6880.0,5693.0,6632.0,6542.0,5227.0,5948.0,7157.0,6542.0,5311.0,6414.0,6277.0,5669.0,5950.0,6448.0,7226.0,7115.0,6523.0,5791.0,5822.0,5912.0,5786.0,5937.0,6168.0,6338.0,5726.0,5856.0,6051.0,6179.0,
MEX.20.377_2,21231375.0,MEX,Santa Catarina Zapoquila,0.00097,8073.0,8147.0,8379.0,9187.0,8132.0,7670.0,7656.0,7560.0,8535.0,7857.0,6976.0,8103.0,8834.0,8941.0,7138.0,6453.0,7461.0,7209.0,7252.0,8015.0,7067.0,7631.0,8300.0,7714.0,8639.0,8689.0,7564.0,7686.0,9808.0,9508.0,9039.0,10280.0,10505.0,
MEX.20.378_2,21231376.0,MEX,Santa Cruz Acatepec,0.0048,4983.0,4764.0,5157.0,6608.0,6796.0,6848.0,7111.0,7132.0,6835.0,6772.0,6424.0,7601.0,7657.0,9133.0,8302.0,7551.0,8987.0,8391.0,8543.0,8267.0,8942.0,8069.0,8878.0,8164.0,8594.0,7348.0,6584.0,6640.0,7311.0,7113.0,8820.0,8304.0,8554.0,
MEX.20.379_2,21231377.0,MEX,Santa Cruz Amilpas,0.00479,19566.0,19310.0,19968.0,16206.0,15817.0,14829.0,15081.0,14475.0,15243.0,15424.0,15351.0,15682.0,15956.0,17150.0,18008.0,16463.0,18955.0,17507.0,18131.0,16952.0,17668.0,17981.0,17397.0,18197.0,17535.0,21244.0,20318.0,21699.0,22081.0,20685.0,17333.0,19873.0,21113.0,
MEX.20.380_2,21231378.0,MEX,Santa Cruz de Bravo,0.00448,6221.0,6325.0,6254.0,7477.0,6969.0,6575.0,6990.0,7185.0,8143.0,7019.0,6090.0,7212.0,8014.0,8014.0,7870.0,7942.0,8001.0,7707.0,7976.0,7535.0,7772.0,8862.0,9695.0,8962.0,10158.0,10229.0,8831.0,8988.0,8412.0,8152.0,7477.0,8606.0,8596.0,
MEX.20.381_2,21231379.0,MEX,Santa Cruz Itundujia,0.00158,2250.0,2105.0,2282.0,3961.0,3792.0,4228.0,3891.0,4048.0,4361.0,4385.0,4313.0,4194.0,4069.0,4509.0,4510.0,4400.0,5099.0,4656.0,4560.0,4526.0,4443.0,4574.0,4370.0,4168.0,4765.0,4186.0,4070.0,4144.0,4067.0,3952.0,4041.0,4051.0,4141.0,
MEX.20.382_2,21231380.0,MEX,Santa Cruz Mixtepec,0.00495,4140.0,4330.0,4046.0,4452.0,4341.0,3763.0,4064.0,3923.0,4146.0,3840.0,3295.0,4108.0,3886.0,4224.0,4326.0,3237.0,3835.0,4010.0,4056.0,5190.0,5775.0,5752.0,5685.0,5912.0,5788.0,5586.0,4749.0,4608.0,4794.0,4884.0,5826.0,5173.0,5279.0,
MEX.20.383_2,21231381.0,MEX,Santa Cruz Nundaco,0.01277,3123.0,3132.0,3274.0,3718.0,3800.0,3720.0,4025.0,4317.0,4485.0,4331.0,4895.0,5130.0,4664.0,4760.0,4801.0,4152.0,5386.0,6025.0,5719.0,5051.0,5664.0,6744.0,7457.0,6450.0,6792.0,6204.0,5439.0,5650.0,6710.0,8495.0,9695.0,9786.0,10029.0,
MEX.20.384_2,21231382.0,MEX,Santa Cruz Papalutla,0.0088,6016.0,6395.0,4951.0,5988.0,6193.0,5204.0,5557.0,5008.0,5741.0,5932.0,5620.0,6839.0,6950.0,6949.0,6869.0,7747.0,9547.0,9210.0,9238.0,8586.0,7931.0,8872.0,9243.0,8857.0,9555.0,9631.0,8290.0,9162.0,6026.0,5703.0,6571.0,6518.0,6679.0,
MEX.20.385_2,21231383.0,MEX,Santa Cruz Tacache de Mina,0.0,3861.0,4193.0,4481.0,5297.0,5506.0,5719.0,4889.0,5520.0,6285.0,5050.0,4153.0,4877.0,4884.0,5817.0,5457.0,5942.0,5999.0,5418.0,5275.0,5114.0,5140.0,5372.0,5150.0,4872.0,5609.0,5568.0,4925.0,4867.0,5147.0,4803.0,5689.0,5206.0,5363.0,
MEX.20.386_2,21231384.0,MEX,Santa Cruz Tacahua,0.00574,3463.0,3227.0,3656.0,5049.0,4515.0,5301.0,5338.0,5309.0,5354.0,5764.0,5696.0,5913.0,5627.0,6073.0,6169.0,5426.0,6345.0,6064.0,5958.0,5811.0,5805.0,6048.0,6763.0,6607.0,7048.0,7142.0,6078.0,6384.0,7001.0,6604.0,7315.0,6979.0,7212.0,
MEX.20.387_2,21231385.0,MEX,Santa Cruz Tayata,0.00274,5240.0,5313.0,5305.0,6056.0,7204.0,6411.0,6312.0,5923.0,5555.0,6082.0,7410.0,6920.0,6361.0,6582.0,6559.0,6313.0,7526.0,6922.0,5861.0,6305.0,5711.0,5734.0,6474.0,6100.0,6765.0,6710.0,6916.0,6984.0,7668.0,7208.0,7104.0,7625.0,7930.0,
MEX.20.388_2,21231386.0,MEX,Santa Cruz Xitla,0.00778,5613.0,5534.0,6226.0,6933.0,6076.0,6206.0,6482.0,6181.0,6195.0,6493.0,6462.0,8409.0,10787.0,13346.0,14107.0,9610.0,8654.0,9346.0,9622.0,9211.0,9494.0,8847.0,9826.0,8916.0,9873.0,9422.0,7861.0,9247.0,9976.0,10534.0,10515.0,10964.0,11235.0,
MEX.20.389_2,21231387.0,MEX,Santa Cruz Xoxocotlán,0.00521,19033.0,19310.0,19968.0,16206.0,15817.0,14829.0,15081.0,14475.0,15243.0,15424.0,15351.0,15682.0,15956.0,17150.0,18008.0,16463.0,18955.0,17507.0,18131.0,16952.0,17668.0,17981.0,17397.0,18197.0,17535.0,21244.0,20318.0,21699.0,22081.0,20685.0,18171.0,22303.0,23603.0,
MEX.20.390_2,21231388.0,MEX,Santa Cruz Zenzontepec,0.0,3263.0,2852.0,2712.0,3448.0,5190.0,4704.0,4079.0,4534.0,5034.0,5217.0,5294.0,5771.0,6048.0,5200.0,4746.0,5049.0,5377.0,5119.0,5032.0,5485.0,4904.0,5434.0,4808.0,4402.0,4845.0,4416.0,4249.0,4216.0,4857.0,4476.0,4718.0,4917.0,4966.0,
MEX.20.391_2,21231389.0,MEX,Santa Gertrudis,0.00937,6083.0,5969.0,4930.0,6387.0,6955.0,4865.0,4996.0,5207.0,5498.0,7539.0,6794.0,7509.0,4823.0,5661.0,5959.0,5412.0,7396.0,6306.0,6970.0,6535.0,6773.0,6747.0,8279.0,5862.0,7291.0,7646.0,9538.0,9256.0,10249.0,11957.0,10289.0,11706.0,12029.0,
MEX.20.392_2,21231390.0,MEX,Santa Inés de Zaragoza,0.00309,4181.0,4309.0,4363.0,5706.0,5476.0,5422.0,6399.0,6350.0,6323.0,6715.0,5693.0,6187.0,6132.0,6686.0,6681.0,6453.0,7150.0,6796.0,6889.0,6735.0,6421.0,6566.0,7024.0,6793.0,7497.0,7489.0,6391.0,6906.0,7250.0,6836.0,6823.0,7146.0,7260.0,
MEX.20.393_2,21231391.0,MEX,Santa Inés del Monte,0.00911,7290.0,7774.0,6349.0,6714.0,6262.0,4782.0,4870.0,4695.0,5057.0,4737.0,4972.0,4757.0,5118.0,7343.0,7319.0,6763.0,8574.0,9737.0,9886.0,8859.0,9068.0,9177.0,10033.0,9546.0,9662.0,10038.0,9466.0,9181.0,9859.0,10769.0,9953.0,11283.0,11904.0,
MEX.20.394_2,21231392.0,MEX,Santa Inés Yatzeche,0.01061,6083.0,5921.0,5161.0,6379.0,6817.0,4865.0,5155.0,5500.0,5498.0,4962.0,6794.0,7363.0,4823.0,5661.0,5959.0,5412.0,7109.0,6306.0,6970.0,6535.0,6792.0,6793.0,8279.0,5862.0,7824.0,8184.0,9538.0,9361.0,12312.0,11957.0,10126.0,11706.0,12029.0,
MEX.20.395_2,21231393.0,MEX,Santa Lucía del Camino,0.00479,19033.0,19310.0,19968.0,16206.0,15817.0,14829.0,15081.0,14475.0,15243.0,15424.0,15351.0,15682.0,15956.0,17150.0,18008.0,16463.0,18955.0,17507.0,18131.0,16952.0,17668.0,17981.0,17397.0,18197.0,17535.0,21244.0,20318.0,21699.0,22081.0,20685.0,17333.0,19873.0,21113.0,
MEX.20.396_2,21231394.0,MEX,Santa Lucía Miahuatlán,0.00196,3591.0,3253.0,2764.0,4055.0,4545.0,4269.0,4211.0,4371.0,3821.0,4855.0,4526.0,4688.0,3436.0,3630.0,4525.0,3480.0,5197.0,4642.0,4600.0,4655.0,4391.0,3304.0,4529.0,4281.0,5068.0,4888.0,3626.0,4197.0,4704.0,4104.0,4246.0,4424.0,5311.0,
MEX.20.397_2,21231395.0,MEX,Santa Lucía Monteverde,0.0,4161.0,3821.0,4454.0,5192.0,5922.0,4669.0,3669.0,4132.0,3844.0,4547.0,6089.0,6090.0,5352.0,6387.0,5545.0,5029.0,5608.0,5801.0,5730.0,6389.0,5889.0,5675.0,5551.0,5137.0,5680.0,5471.0,5438.0,5077.0,5289.0,5282.0,5402.0,5428.0,5546.0,
MEX.20.398_2,21231396.0,MEX,Santa Lucía Ocotlán,0.00977,2904.0,4135.0,3932.0,4020.0,4911.0,4685.0,5375.0,5213.0,4791.0,5000.0,5460.0,5711.0,5256.0,6085.0,5979.0,5857.0,6249.0,6795.0,6444.0,6078.0,5677.0,6096.0,6010.0,6448.0,6750.0,6934.0,7975.0,6904.0,8550.0,9808.0,8108.0,9240.0,9469.0,
MEX.20.399_2,21231397.0,MEX,Santa Magdalena Jicotlán,0.00461,5857.0,5672.0,6007.0,6975.0,6731.0,6509.0,6968.0,6758.0,6844.0,6869.0,5957.0,6920.0,6860.0,7708.0,7577.0,7277.0,8088.0,7650.0,7687.0,7532.0,7491.0,7802.0,8591.0,7900.0,8955.0,8819.0,7723.0,7877.0,8480.0,8232.0,8441.0,8832.0,9022.0,
MEX.20.400_2,21231398.0,MEX,Santa María Alotepec,0.00313,4578.0,4407.0,4006.0,4645.0,5478.0,4240.0,3825.0,4126.0,3763.0,4682.0,6136.0,6538.0,5663.0,4394.0,5055.0,4452.0,6522.0,6035.0,5953.0,6305.0,5622.0,5492.0,5773.0,5083.0,6113.0,5909.0,5832.0,5957.0,5503.0,5479.0,5603.0,5645.0,5768.0,
MEX.20.401_2,21231399.0,MEX,Santa María Apazco,0.00302,5119.0,5234.0,5203.0,5588.0,6334.0,5227.0,5277.0,5645.0,5445.0,5819.0,7153.0,6662.0,6248.0,6570.0,6191.0,6267.0,6525.0,6127.0,6024.0,5975.0,5689.0,5599.0,6183.0,6304.0,6660.0,6807.0,5973.0,6108.0,6582.0,6185.0,6842.0,6827.0,6982.0,
MEX.20.402_2,21231400.0,MEX,Santa María Atzompa,0.00623,19033.0,19310.0,19968.0,16206.0,15817.0,14829.0,15201.0,15316.0,16385.0,15424.0,15351.0,16560.0,17114.0,17987.0,18853.0,17670.0,19840.0,18362.0,19000.0,17799.0,18514.0,19203.0,19780.0,19434.0,19949.0,23655.0,21069.0,22465.0,24414.0,22950.0,18171.0,22303.0,23603.0,
MEX.20.403_2,21231401.0,MEX,Santa María Camotlán,0.00368,10537.0,10653.0,9563.0,11713.0,11041.0,10289.0,10335.0,10116.0,10378.0,10496.0,9213.0,10192.0,10001.0,10546.0,11163.0,10289.0,11693.0,11003.0,11251.0,10615.0,10911.0,11130.0,12058.0,11595.0,12786.0,13470.0,11592.0,12053.0,12975.0,12210.0,13437.0,13161.0,12301.0,
MEX.20.404_2,21231402.0,MEX,Santa María Chachoápam,0.00383,5373.0,5814.0,5957.0,6926.0,6713.0,6684.0,6762.0,6881.0,7092.0,6982.0,5874.0,7097.0,7158.0,7742.0,7638.0,7467.0,8124.0,7686.0,7365.0,7144.0,7177.0,7426.0,8235.0,7621.0,8470.0,8430.0,7276.0,7501.0,8581.0,8317.0,7971.0,8446.0,8626.0,
MEX.20.405_2,21231403.0,MEX,Santa María Chilchotla,0.00116,2534.0,2367.0,3038.0,3550.0,4806.0,4241.0,5062.0,4916.0,4549.0,5046.0,5238.0,5153.0,5123.0,5527.0,5102.0,5193.0,5146.0,4025.0,4092.0,3928.0,3619.0,3181.0,4798.0,4233.0,4878.0,4554.0,4734.0,4832.0,4793.0,4816.0,5957.0,5204.0,5292.0,
MEX.20.406_2,21231404.0,MEX,Santa María Chimalapa,0.00425,5010.0,4765.0,5053.0,6049.0,5837.0,5654.0,5347.0,5194.0,5034.0,5836.0,5792.0,6100.0,5158.0,5609.0,5489.0,5480.0,6314.0,5558.0,5416.0,5517.0,5278.0,5432.0,6672.0,6151.0,7081.0,6822.0,6188.0,6391.0,7209.0,7111.0,7738.0,7306.0,7438.0,
MEX.20.407_2,21231405.0,MEX,Santa María Colotepec,0.0,3751.0,4371.0,5793.0,7122.0,7887.0,12440.0,11075.0,11676.0,12533.0,11564.0,10705.0,11128.0,11238.0,12269.0,12081.0,11092.0,12809.0,12156.0,13282.0,12366.0,12980.0,12741.0,14001.0,12829.0,11346.0,11341.0,8357.0,8883.0,9409.0,9262.0,9705.0,9814.0,10047.0,
MEX.20.408_2,21231406.0,MEX,Santa María Cortijo,0.00575,2829.0,2528.0,2462.0,3552.0,3512.0,3417.0,3276.0,3106.0,3780.0,3961.0,4384.0,4571.0,4565.0,3950.0,3715.0,3868.0,4523.0,4217.0,4315.0,4564.0,3996.0,3736.0,5667.0,4513.0,5048.0,5195.0,4224.0,4942.0,4646.0,3869.0,4255.0,4434.0,4726.0,
MEX.20.409_2,21231407.0,MEX,Santa María Coyotepec,0.00309,10694.0,9836.0,8828.0,12144.0,11809.0,11080.0,11358.0,11034.0,11243.0,11504.0,11450.0,11723.0,11795.0,11968.0,13366.0,11768.0,14046.0,13301.0,13522.0,12170.0,13176.0,13134.0,13143.0,13426.0,13268.0,13679.0,12036.0,12154.0,13185.0,12727.0,12868.0,13311.0,13641.0,
MEX.20.410_2,21231408.0,MEX,Santa María del Rosario,0.0,4783.0,4882.0,4708.0,5216.0,4970.0,4525.0,5010.0,4792.0,4708.0,4863.0,6837.0,6370.0,6072.0,6190.0,5367.0,4950.0,5865.0,5561.0,5355.0,4988.0,5218.0,5427.0,5840.0,5230.0,5636.0,5692.0,4739.0,4826.0,5258.0,4940.0,5398.0,5341.0,5507.0,
MEX.20.411_2,21231409.0,MEX,Santa María del Tule,0.00736,10808.0,13440.0,13174.0,12196.0,12014.0,10850.0,9332.0,9020.0,9295.0,11388.0,10858.0,10716.0,10565.0,11435.0,12066.0,11219.0,12069.0,11758.0,11952.0,10746.0,11646.0,12418.0,13425.0,14560.0,13656.0,14073.0,14064.0,13786.0,14996.0,14930.0,15702.0,16160.0,16561.0,
MEX.20.412_2,21231410.0,MEX,Santa María Ecatepec,0.00491,4923.0,4814.0,4923.0,6122.0,5972.0,5621.0,5557.0,5529.0,5253.0,5907.0,5998.0,6355.0,6002.0,6528.0,6272.0,6377.0,6941.0,6492.0,6354.0,6538.0,6191.0,6380.0,6977.0,6724.0,7395.0,7394.0,6744.0,6848.0,7322.0,7135.0,7620.0,7340.0,7592.0,
MEX.20.413_2,21231411.0,MEX,Santa María Guelacé,0.00351,6970.0,7492.0,6755.0,7277.0,7620.0,6298.0,6453.0,6065.0,6401.0,6409.0,6589.0,6668.0,6840.0,7265.0,7887.0,6882.0,7458.0,7508.0,6393.0,5849.0,6229.0,6687.0,7429.0,6822.0,7309.0,7545.0,8236.0,7470.0,9109.0,9931.0,10356.0,11458.0,11742.0,
MEX.20.414_2,21231412.0,MEX,Santa María Guienagati,0.00371,5544.0,5772.0,5617.0,6431.0,5777.0,5447.0,5678.0,5527.0,5742.0,5538.0,6368.0,5553.0,5765.0,6020.0,6094.0,5776.0,6406.0,6084.0,6195.0,5884.0,6036.0,6322.0,6874.0,6493.0,7370.0,7552.0,6617.0,6558.0,7461.0,7187.0,6539.0,7431.0,7874.0,
MEX.20.415_2,21231413.0,MEX,Santa María Huatulco,0.00477,3334.0,3570.0,3771.0,4880.0,5813.0,5257.0,5254.0,5504.0,4799.0,4913.0,5518.0,5463.0,5028.0,6084.0,5987.0,5412.0,5798.0,5255.0,5163.0,5128.0,5058.0,5165.0,5711.0,5190.0,5474.0,5074.0,7026.0,7367.0,9889.0,9796.0,9061.0,9565.0,9780.0,
MEX.20.416_2,21231414.0,MEX,Santa María Huazolotitlán,0.00602,3132.0,2783.0,2938.0,3939.0,3894.0,3519.0,3659.0,3414.0,3064.0,4273.0,4821.0,4919.0,4197.0,4265.0,4873.0,3750.0,5946.0,5649.0,5579.0,5519.0,5437.0,3496.0,3747.0,4142.0,4620.0,3739.0,3480.0,3526.0,5076.0,5521.0,6273.0,4978.0,5092.0,
MEX.20.417_2,21231415.0,MEX,Santa María Ipalapa,0.0,2377.0,2169.0,2227.0,3535.0,6075.0,5948.0,5709.0,6988.0,7339.0,6842.0,7618.0,8715.0,9396.0,9603.0,8924.0,9232.0,8920.0,9236.0,9219.0,9327.0,8927.0,9414.0,9927.0,8407.0,5374.0,4607.0,4099.0,4050.0,5158.0,4734.0,4841.0,4633.0,4720.0,
MEX.20.418_2,21231416.0,MEX,Santa María Ixcatlán,0.00057,5926.0,6186.0,6172.0,7194.0,8279.0,7404.0,7231.0,7337.0,7243.0,7808.0,7535.0,8258.0,8040.0,8531.0,7431.0,6718.0,7502.0,7248.0,7656.0,7229.0,7562.0,7235.0,7399.0,7234.0,7803.0,7674.0,7086.0,7034.0,7523.0,7300.0,8222.0,7824.0,7701.0,
MEX.20.419_2,21231417.0,MEX,Santa María Jacatepec,0.00429,3803.0,4323.0,4749.0,5552.0,5805.0,5411.0,4999.0,5056.0,4998.0,4614.0,3883.0,4790.0,4584.0,5358.0,5065.0,4814.0,5361.0,5420.0,5547.0,5430.0,5405.0,5395.0,6887.0,5417.0,6277.0,6150.0,5480.0,6271.0,6367.0,5137.0,6274.0,5672.0,6118.0,
MEX.20.420_2,21231418.0,MEX,Santa María Jalapa del Marqués,0.0,3673.0,4029.0,4038.0,4987.0,5634.0,5814.0,5568.0,5926.0,6679.0,5334.0,4903.0,5181.0,5365.0,5460.0,5711.0,5006.0,5699.0,5706.0,6057.0,5778.0,5902.0,5626.0,5278.0,6135.0,6286.0,5876.0,4241.0,4442.0,4691.0,4926.0,5037.0,5212.0,5341.0,
MEX.20.421_2,21231419.0,MEX,Santa María Jaltianguis,0.00183,3702.0,3968.0,4220.0,5599.0,4982.0,5216.0,5202.0,5263.0,5505.0,5417.0,4255.0,5226.0,5205.0,5694.0,5625.0,5418.0,5745.0,5517.0,5601.0,5503.0,5458.0,5667.0,5909.0,5346.0,6041.0,5822.0,4738.0,4976.0,5325.0,4930.0,5907.0,5521.0,5658.0,
MEX.20.422_2,21231420.0,MEX,Santa María la Asunción,0.00455,4273.0,4866.0,5121.0,6093.0,6240.0,5350.0,5255.0,6287.0,6099.0,5278.0,6648.0,8797.0,8272.0,8745.0,9417.0,7366.0,8512.0,9313.0,9383.0,7409.0,8314.0,7992.0,9719.0,9207.0,8504.0,8646.0,7694.0,7331.0,7961.0,5868.0,6994.0,6877.0,6563.0,
MEX.20.423_2,21231421.0,MEX,Santa María Lachixío,0.00428,2895.0,2818.0,2353.0,3296.0,3957.0,3874.0,3702.0,3786.0,3791.0,3928.0,4822.0,4975.0,3793.0,3740.0,4657.0,3397.0,5279.0,4732.0,4720.0,4690.0,4599.0,3302.0,3852.0,4098.0,4288.0,4526.0,3626.0,4461.0,4970.0,4479.0,4812.0,5014.0,5155.0,
MEX.20.424_2,21231422.0,MEX,Santa María Mixtequilla,0.00513,9393.0,9743.0,8808.0,10401.0,10278.0,8991.0,8600.0,8370.0,8401.0,8382.0,7644.0,8636.0,8426.0,9152.0,9602.0,8572.0,10445.0,10000.0,9900.0,9524.0,9647.0,9706.0,10646.0,10074.0,11423.0,11749.0,10735.0,10818.0,11646.0,11015.0,11935.0,11641.0,11930.0,
MEX.20.425_2,21231423.0,MEX,Santa María Nativitas,0.00397,6273.0,6704.0,6717.0,7804.0,7616.0,7568.0,7354.0,7389.0,7571.0,7518.0,6405.0,7673.0,7698.0,8256.0,8262.0,7958.0,8813.0,8310.0,8413.0,8113.0,8198.0,8596.0,9845.0,8879.0,9955.0,9885.0,8542.0,8851.0,8964.0,8688.0,8303.0,8984.0,9178.0,
MEX.20.426_2,21231424.0,MEX,Santa María Nduayaco,0.00181,5872.0,5923.0,6025.0,7442.0,5170.0,5080.0,4932.0,5204.0,5505.0,4912.0,4013.0,4903.0,5134.0,5426.0,5293.0,5273.0,5379.0,5291.0,5360.0,5098.0,5223.0,5706.0,5993.0,5503.0,6139.0,6023.0,5075.0,5272.0,5687.0,5397.0,7082.0,7379.0,7562.0,
MEX.20.427_2,21231425.0,MEX,Santa María Ozolotepec,0.00189,3474.0,3399.0,2941.0,3987.0,4160.0,3940.0,3579.0,3653.0,3729.0,3914.0,4608.0,4104.0,3640.0,3908.0,3752.0,3895.0,4363.0,4033.0,3898.0,4228.0,3992.0,4130.0,4495.0,4332.0,4834.0,4300.0,3649.0,3886.0,3947.0,3922.0,4011.0,4115.0,4201.0,
MEX.20.428_2,21231426.0,MEX,Santa María Pápalo,0.00257,3664.0,3549.0,3127.0,4187.0,4138.0,3871.0,3944.0,4003.0,3978.0,4237.0,4088.0,4165.0,3929.0,4278.0,4099.0,4234.0,4678.0,4357.0,4254.0,4410.0,4145.0,4200.0,4460.0,4327.0,4787.0,4521.0,4001.0,4338.0,4520.0,4455.0,4556.0,4618.0,4732.0,
MEX.20.429_2,21231427.0,MEX,Santa María Peñoles,0.00228,4851.0,4786.0,4924.0,5085.0,5231.0,4982.0,5732.0,5533.0,5523.0,5332.0,4380.0,5175.0,5070.0,5343.0,5414.0,5275.0,5620.0,5341.0,5397.0,5313.0,5259.0,5461.0,5928.0,5518.0,6108.0,5838.0,4560.0,5135.0,5508.0,5108.0,6172.0,5837.0,5982.0,
MEX.20.430_2,21231428.0,MEX,Santa María Petapa,0.00171,5566.0,5494.0,4697.0,6091.0,5553.0,5074.0,6161.0,6038.0,5700.0,6248.0,7292.0,6275.0,6202.0,6462.0,6615.0,6025.0,7505.0,7285.0,6733.0,6230.0,6574.0,6540.0,7814.0,6762.0,6450.0,6509.0,5437.0,5655.0,5635.0,5503.0,6425.0,6095.0,6138.0,
MEX.20.431_2,21231429.0,MEX,Santa María Quiegolani,0.00396,4870.0,4284.0,4472.0,5702.0,5679.0,5317.0,5344.0,4704.0,4594.0,5021.0,5391.0,5563.0,5169.0,5521.0,5373.0,5397.0,5971.0,5322.0,5176.0,5311.0,5044.0,5179.0,6048.0,5575.0,6552.0,6123.0,5584.0,5936.0,6360.0,6228.0,7346.0,6910.0,7032.0,
MEX.20.432_2,21231430.0,MEX,Santa María Sola,0.00565,3943.0,3975.0,4006.0,5353.0,5753.0,5533.0,5806.0,5469.0,5047.0,5420.0,5395.0,5393.0,4908.0,5457.0,5747.0,5209.0,6200.0,5981.0,6376.0,6326.0,6213.0,5976.0,7381.0,6011.0,7222.0,7438.0,6682.0,6769.0,7271.0,6659.0,6786.0,6215.0,6675.0,
MEX.20.433_2,21231431.0,MEX,Santa María Tataltepec,0.00281,4973.0,5228.0,5165.0,6335.0,7450.0,6610.0,6418.0,6516.0,6385.0,6771.0,6568.0,8349.0,8130.0,8629.0,7534.0,6811.0,7497.0,7263.0,7761.0,7230.0,7563.0,7214.0,7376.0,7295.0,7880.0,7710.0,7232.0,7306.0,7699.0,7480.0,8273.0,7715.0,7812.0,
MEX.20.434_2,21231432.0,MEX,Santa María Tecomavaca,0.00674,3858.0,3846.0,3806.0,4625.0,4763.0,4438.0,4911.0,4974.0,4723.0,5544.0,5314.0,5586.0,5204.0,5766.0,5880.0,5495.0,6553.0,6353.0,6405.0,6350.0,6227.0,6118.0,6608.0,6417.0,6684.0,6831.0,5940.0,6301.0,6777.0,6504.0,7180.0,6987.0,7146.0,
MEX.20.435_2,21231433.0,MEX,Santa María Temaxcalapa,0.00144,3369.0,3174.0,3182.0,4814.0,4097.0,4362.0,3998.0,4007.0,4056.0,4403.0,4982.0,4519.0,4298.0,4457.0,4316.0,4432.0,4864.0,4507.0,4354.0,4503.0,4242.0,4362.0,4640.0,4442.0,4930.0,4601.0,4174.0,4448.0,4573.0,4398.0,4498.0,4643.0,4759.0,
MEX.20.436_2,21231434.0,MEX,Santa María Temaxcaltepec,0.00666,2933.0,2860.0,2919.0,3691.0,4337.0,3747.0,3086.0,3634.0,3182.0,3779.0,4969.0,4490.0,4424.0,5701.0,4312.0,4240.0,4816.0,4726.0,4558.0,4831.0,4476.0,5279.0,5917.0,5306.0,5615.0,5261.0,4918.0,5245.0,5435.0,4830.0,4940.0,4649.0,4782.0,
MEX.20.437_2,21231435.0,MEX,Santa María Teopoxco,0.00146,7873.0,7902.0,8164.0,8177.0,8359.0,7423.0,8247.0,8591.0,9009.0,8952.0,8992.0,10119.0,9710.0,8359.0,8721.0,8333.0,8021.0,8062.0,8084.0,7710.0,8464.0,8666.0,9275.0,8011.0,8095.0,8470.0,10287.0,9994.0,9943.0,9898.0,8796.0,9049.0,9048.0,
MEX.20.438_2,21231436.0,MEX,Santa María Tepantlali,0.00399,3686.0,3573.0,3100.0,4106.0,4315.0,4225.0,4680.0,4616.0,4094.0,4621.0,5667.0,5785.0,4896.0,4232.0,5402.0,4451.0,5691.0,5947.0,5962.0,6123.0,6116.0,5222.0,5467.0,5470.0,5416.0,5097.0,4863.0,4521.0,4754.0,4488.0,4590.0,4552.0,4692.0,
MEX.20.439_2,21231437.0,MEX,Santa María Texcatitlán,0.00209,5808.0,5456.0,5507.0,6866.0,7025.0,5938.0,5784.0,5850.0,4901.0,6042.0,7194.0,6169.0,5067.0,5389.0,6171.0,5226.0,6685.0,6357.0,6206.0,6393.0,6593.0,5947.0,7651.0,6202.0,6506.0,6382.0,5619.0,5725.0,6172.0,6913.0,7851.0,7414.0,6602.0,
MEX.20.440_2,21231438.0,MEX,Santa María Tlahuitoltepec,0.00102,3733.0,4614.0,4463.0,4954.0,5507.0,5392.0,5267.0,5405.0,4065.0,4612.0,7094.0,6496.0,5660.0,5802.0,5499.0,4628.0,5780.0,5791.0,5643.0,5098.0,4619.0,4224.0,4967.0,4481.0,5469.0,6398.0,5066.0,5170.0,5273.0,5253.0,5498.0,5729.0,5982.0,
MEX.20.441_2,21231439.0,MEX,Santa María Tlalixtac,0.00158,3116.0,2994.0,3164.0,4066.0,6512.0,5458.0,5683.0,5323.0,5462.0,5468.0,6789.0,6321.0,5204.0,5505.0,5562.0,4669.0,5934.0,6719.0,6655.0,6405.0,6485.0,5670.0,5522.0,5335.0,5663.0,5607.0,5163.0,5444.0,6445.0,5904.0,7128.0,5785.0,6181.0,
MEX.20.442_2,21231440.0,MEX,Santa María Tonameca,0.00358,3417.0,3551.0,3287.0,4797.0,5249.0,4215.0,3330.0,3687.0,3055.0,3285.0,4357.0,4489.0,3865.0,4446.0,3492.0,3371.0,4013.0,3553.0,3462.0,3755.0,3548.0,2986.0,3905.0,3825.0,4851.0,4199.0,3963.0,4168.0,4514.0,4332.0,4430.0,4554.0,4594.0,
MEX.20.443_2,21231441.0,MEX,Santa María Totolapilla,0.00372,5156.0,5422.0,5434.0,5874.0,6957.0,5854.0,5910.0,5949.0,5656.0,6165.0,6804.0,6226.0,5743.0,7293.0,6308.0,6877.0,6823.0,6563.0,6426.0,5986.0,6262.0,6181.0,7050.0,6901.0,7038.0,7144.0,6226.0,6421.0,6910.0,6560.0,7557.0,8008.0,8337.0,
MEX.20.444_2,21231442.0,MEX,Santa María Xadani,0.00605,9583.0,9655.0,9877.0,12041.0,11658.0,11054.0,11331.0,10965.0,11288.0,11259.0,11206.0,11775.0,12064.0,12788.0,13998.0,12433.0,14594.0,13894.0,14127.0,12757.0,13765.0,14043.0,15027.0,14217.0,15203.0,15538.0,13301.0,13775.0,14987.0,14476.0,14638.0,15479.0,15863.0,
MEX.20.445_2,21231443.0,MEX,Santa María Yalina,0.00278,4559.0,4594.0,4534.0,5884.0,7018.0,6346.0,5819.0,6035.0,5623.0,6139.0,6179.0,6491.0,6202.0,6841.0,7580.0,6417.0,7665.0,7309.0,7718.0,7381.0,7375.0,7166.0,7428.0,7315.0,7931.0,6998.0,6582.0,6435.0,6604.0,6618.0,6401.0,6128.0,6165.0,
MEX.20.446_2,21231444.0,MEX,Santa María Yavesía,0.00386,6433.0,6446.0,6388.0,7156.0,6730.0,6336.0,6340.0,6544.0,7853.0,7062.0,6208.0,7272.0,7947.0,7962.0,7736.0,8072.0,8081.0,7783.0,7845.0,7413.0,7318.0,8538.0,7927.0,7354.0,8251.0,8235.0,7169.0,7287.0,9371.0,9084.0,8382.0,9613.0,8235.0,
MEX.20.447_2,21231445.0,MEX,Santa María Yolotepec,0.00685,3893.0,3674.0,3529.0,4479.0,4428.0,4008.0,4249.0,4400.0,4351.0,4463.0,4382.0,4480.0,4123.0,4219.0,4351.0,4114.0,4936.0,4210.0,4099.0,4208.0,4139.0,4821.0,6586.0,6007.0,6794.0,6838.0,6676.0,6981.0,7470.0,7208.0,8116.0,7547.0,7876.0,
MEX.20.448_2,21231446.0,MEX,Santa María Yosoyúa,0.00172,3294.0,3986.0,4204.0,5593.0,5534.0,5418.0,5661.0,5912.0,5820.0,5624.0,5792.0,6590.0,6813.0,6241.0,6140.0,6324.0,5557.0,5757.0,6255.0,6911.0,6109.0,5786.0,5706.0,5313.0,5878.0,5875.0,6151.0,6154.0,6382.0,5905.0,6039.0,6254.0,6387.0,
MEX.20.449_2,21231447.0,MEX,Santa María Yucuhiti,0.008,3064.0,2888.0,2989.0,3710.0,4012.0,3928.0,3656.0,3955.0,4133.0,3888.0,5068.0,4699.0,4804.0,5201.0,6262.0,4208.0,4733.0,4833.0,4744.0,5090.0,4623.0,4454.0,5627.0,4971.0,6009.0,5579.0,6000.0,5719.0,5906.0,6048.0,7027.0,5753.0,5895.0,
MEX.20.450_2,21231448.0,MEX,Santa María Zacatepec,0.0032,2964.0,2864.0,3038.0,3884.0,3839.0,3607.0,3317.0,3494.0,3059.0,3662.0,3789.0,3906.0,3540.0,4244.0,4056.0,4141.0,4513.0,4063.0,3949.0,4292.0,3789.0,3796.0,4271.0,3918.0,4541.0,4174.0,3599.0,4073.0,4516.0,4298.0,4396.0,4216.0,4247.0,
MEX.20.451_2,21231449.0,MEX,Santa María Zaniza,0.00182,2308.0,2186.0,2264.0,3594.0,3497.0,3866.0,3607.0,3695.0,3703.0,3890.0,3993.0,3900.0,3670.0,4211.0,4132.0,4062.0,4682.0,4142.0,4037.0,4039.0,3934.0,4072.0,4586.0,3846.0,4499.0,3969.0,4181.0,3831.0,4014.0,3870.0,3957.0,3989.0,4109.0,
MEX.20.452_2,21231450.0,MEX,Santa María Zoquitlán,0.00224,5131.0,5223.0,5254.0,6816.0,7275.0,7240.0,8195.0,7129.0,6362.0,7370.0,7429.0,7490.0,6578.0,6789.0,7389.0,6565.0,7839.0,7284.0,7101.0,6984.0,6919.0,6269.0,7715.0,7258.0,8104.0,7928.0,7138.0,7297.0,7760.0,7500.0,7819.0,7841.0,7908.0,
MEX.20.453_2,21231451.0,MEX,Santiago Amoltepec,0.01001,2734.0,2256.0,2678.0,3917.0,5501.0,4661.0,3510.0,3916.0,4601.0,4046.0,4470.0,5245.0,5758.0,7401.0,6737.0,6090.0,7054.0,6729.0,8649.0,8602.0,6513.0,6961.0,8751.0,6851.0,5914.0,5247.0,4211.0,4906.0,5107.0,4684.0,4791.0,4837.0,4947.0,
MEX.20.454_2,21231452.0,MEX,Santiago Apoala,0.00298,4970.0,4840.0,4860.0,6396.0,6564.0,6136.0,6460.0,6095.0,5725.0,6249.0,6726.0,6386.0,5855.0,6254.0,6405.0,5874.0,6933.0,6784.0,6687.0,6862.0,6665.0,6466.0,7225.0,6622.0,7344.0,7664.0,6406.0,6685.0,7473.0,6865.0,7363.0,6755.0,6943.0,
MEX.20.455_2,21231453.0,MEX,Santiago Apóstol,0.00959,6102.0,6074.0,6658.0,6055.0,5857.0,5901.0,6058.0,6438.0,6688.0,6535.0,6838.0,6464.0,6581.0,8068.0,7350.0,7656.0,8237.0,8349.0,8489.0,7945.0,8272.0,8491.0,9361.0,8291.0,9530.0,9696.0,9494.0,9908.0,10717.0,10341.0,10596.0,11144.0,11420.0,
MEX.20.456_2,21231454.0,MEX,Santiago Astata,0.00424,4204.0,4496.0,4244.0,5101.0,4799.0,4569.0,5334.0,5528.0,5832.0,5346.0,4589.0,5461.0,5527.0,5852.0,5688.0,5743.0,6026.0,5759.0,5836.0,5722.0,5628.0,6151.0,6706.0,6068.0,6976.0,7023.0,5698.0,6116.0,6724.0,5529.0,6219.0,6009.0,6158.0,
MEX.20.457_2,21231455.0,MEX,Santiago Atitlán,0.00399,3983.0,3778.0,3662.0,4529.0,4624.0,4528.0,4136.0,3970.0,3967.0,4560.0,6139.0,6332.0,6061.0,4682.0,4719.0,4638.0,5061.0,4853.0,4840.0,5363.0,4812.0,4751.0,5337.0,5201.0,5859.0,5882.0,5054.0,5287.0,5252.0,5210.0,5577.0,5811.0,5955.0,
MEX.20.458_2,21231456.0,MEX,Santiago Ayuquililla,0.0017,4094.0,4181.0,4295.0,5982.0,5253.0,5419.0,5914.0,5402.0,5502.0,5455.0,4310.0,4915.0,4816.0,5034.0,5250.0,5053.0,5441.0,5205.0,5224.0,5157.0,5270.0,5096.0,5393.0,5566.0,6344.0,6564.0,4594.0,5669.0,5517.0,4868.0,5686.0,5273.0,5403.0,
MEX.20.459_2,21231457.0,MEX,Santiago Cacaloxtepec,0.0028,9168.0,9544.0,8538.0,9969.0,10087.0,9571.0,9563.0,9466.0,9334.0,9668.0,9025.0,9490.0,8959.0,10040.0,10183.0,9111.0,10871.0,10458.0,10589.0,9746.0,10055.0,9897.0,11139.0,10510.0,11770.0,11283.0,10610.0,10464.0,11116.0,10652.0,11694.0,11196.0,11141.0,
MEX.20.460_2,21231458.0,MEX,Santiago Camotlán,0.00237,3844.0,3906.0,3821.0,4558.0,5862.0,4952.0,3868.0,4377.0,4477.0,4728.0,6260.0,6603.0,6164.0,5706.0,5802.0,5617.0,5044.0,4981.0,4529.0,4982.0,4474.0,4417.0,5281.0,4863.0,5702.0,5647.0,4820.0,5024.0,5403.0,5759.0,5889.0,5320.0,5954.0,
MEX.20.461_2,21231459.0,MEX,Santiago Chazumba,0.00452,4546.0,4474.0,4675.0,6145.0,5730.0,5965.0,6273.0,6050.0,6311.0,6351.0,5701.0,6276.0,6372.0,6860.0,6921.0,6739.0,7472.0,7565.0,7276.0,6990.0,6946.0,6964.0,7135.0,7005.0,7625.0,7779.0,6427.0,6767.0,7711.0,7525.0,7343.0,7750.0,7880.0,
MEX.20.462_2,21231460.0,MEX,Santiago Choápam,0.00297,3724.0,3561.0,3785.0,5081.0,5289.0,5159.0,5335.0,5317.0,5176.0,5635.0,5634.0,5872.0,5641.0,6270.0,6266.0,6025.0,6087.0,5542.0,5394.0,5338.0,5256.0,5538.0,5059.0,5309.0,6137.0,6030.0,5158.0,5298.0,5540.0,5703.0,6564.0,6532.0,6859.0,
MEX.20.463_2,21231461.0,MEX,Santiago Comaltepec,0.00651,4044.0,4225.0,4281.0,5272.0,5022.0,4734.0,4838.0,5653.0,5574.0,5743.0,6719.0,6205.0,5922.0,6123.0,4763.0,4461.0,5289.0,5042.0,5400.0,5761.0,5872.0,6464.0,7336.0,6416.0,7691.0,7897.0,6967.0,6818.0,7182.0,6979.0,6603.0,7038.0,7232.0,
MEX.20.464_2,21231462.0,MEX,Santiago del Río,0.00858,4580.0,4617.0,3824.0,4424.0,4409.0,3879.0,3599.0,3882.0,3962.0,3652.0,3353.0,4319.0,4399.0,5280.0,5114.0,5203.0,5388.0,5385.0,5652.0,5355.0,5508.0,5840.0,6047.0,7063.0,6682.0,7185.0,6240.0,6022.0,6457.0,6043.0,6904.0,6809.0,7012.0,
MEX.20.465_2,21231463.0,MEX,Santiago Huajolotitlán,0.00426,9859.0,9757.0,8388.0,9849.0,9697.0,8580.0,8711.0,8641.0,8533.0,8728.0,8309.0,9647.0,9343.0,9624.0,10468.0,9284.0,10316.0,9931.0,10348.0,9815.0,9592.0,10256.0,10756.0,10590.0,11589.0,11131.0,10169.0,10889.0,11664.0,11033.0,11321.0,11075.0,11350.0,
MEX.20.466_2,21231464.0,MEX,Santiago Huauclilla,0.002,6446.0,6826.0,7208.0,8122.0,7802.0,7706.0,7799.0,7806.0,8087.0,8302.0,7182.0,8396.0,8305.0,9130.0,7918.0,8457.0,8396.0,7966.0,8033.0,8809.0,7828.0,8097.0,8917.0,8186.0,9136.0,9098.0,7938.0,8127.0,8696.0,8428.0,8463.0,8993.0,9186.0,
MEX.20.467_2,21231465.0,MEX,Santiago Ihuitlán Plumas,0.00281,5993.0,6189.0,6523.0,7719.0,7439.0,7371.0,7208.0,7180.0,7298.0,7327.0,6299.0,7415.0,7297.0,8002.0,7985.0,7580.0,8494.0,8033.0,8102.0,7823.0,7894.0,8125.0,8948.0,8214.0,9162.0,9128.0,8168.0,7547.0,7999.0,7751.0,7681.0,8276.0,8452.0,
MEX.20.468_2,21231466.0,MEX,Santiago Ixcuintepec,0.0025,3664.0,3555.0,3430.0,4187.0,4138.0,3880.0,3944.0,3963.0,3978.0,4237.0,4088.0,4165.0,3971.0,4278.0,4127.0,4218.0,4678.0,4426.0,4307.0,4460.0,4242.0,4361.0,4667.0,4442.0,4870.0,4604.0,4080.0,4192.0,4327.0,4215.0,4310.0,4383.0,4492.0,
MEX.20.469_2,21231467.0,MEX,Santiago Ixtayutla,0.0,3800.0,3788.0,4003.0,6643.0,11427.0,9977.0,12744.0,14432.0,13119.0,12951.0,12961.0,14895.0,16270.0,17059.0,15325.0,14213.0,13214.0,13947.0,14025.0,14420.0,13661.0,14478.0,14815.0,14851.0,11301.0,8517.0,7579.0,8454.0,9792.0,9450.0,9664.0,9326.0,9547.0,
MEX.20.470_2,21231468.0,MEX,Santiago Jamiltepec,0.0,3153.0,2686.0,2798.0,3946.0,5670.0,4804.0,5836.0,6397.0,7407.0,5828.0,6384.0,7356.0,8126.0,9825.0,9253.0,8365.0,12342.0,12645.0,12486.0,12338.0,12405.0,13799.0,11206.0,7517.0,7561.0,6766.0,5589.0,4396.0,4587.0,4454.0,3292.0,3235.0,3213.0,
MEX.20.471_2,21231469.0,MEX,Santiago Jocotepec,0.0,3709.0,3159.0,3123.0,4293.0,4408.0,4833.0,4821.0,5071.0,4328.0,4599.0,4014.0,4385.0,4177.0,5081.0,5138.0,4235.0,5090.0,5321.0,5220.0,5083.0,5284.0,4951.0,4982.0,4597.0,4415.0,4202.0,3848.0,3838.0,3741.0,3651.0,3734.0,3889.0,3657.0,
MEX.20.472_2,21231470.0,MEX,Santiago Juxtlahuaca,0.00174,3120.0,3625.0,4403.0,5396.0,5334.0,5208.0,4878.0,5020.0,5231.0,5330.0,6642.0,6134.0,6130.0,6636.0,6832.0,5334.0,6669.0,6296.0,6726.0,6141.0,5635.0,6860.0,7585.0,5675.0,7430.0,5777.0,5650.0,4966.0,4871.0,5008.0,5122.0,4932.0,4924.0,
MEX.20.473_2,21231471.0,MEX,Santiago Lachiguiri,0.00277,4757.0,4724.0,4807.0,6110.0,6483.0,6191.0,6460.0,6150.0,5847.0,6453.0,6691.0,6491.0,6010.0,6448.0,6743.0,6192.0,7222.0,6935.0,6840.0,6769.0,6665.0,6466.0,7031.0,6422.0,7247.0,7609.0,6453.0,6733.0,7472.0,6693.0,7298.0,7216.0,7333.0,
MEX.20.474_2,21231472.0,MEX,Santiago Lalopa,0.0018,3111.0,2767.0,2518.0,3189.0,4261.0,4172.0,3796.0,4228.0,4181.0,4333.0,4532.0,5297.0,4259.0,4611.0,3532.0,4442.0,5409.0,4774.0,4993.0,4822.0,4865.0,3797.0,4217.0,4208.0,4499.0,4250.0,4162.0,3869.0,4230.0,3898.0,4122.0,4295.0,4766.0,
MEX.20.475_2,21231473.0,MEX,Santiago Laollaga,0.00366,4023.0,4192.0,3870.0,5454.0,4971.0,4489.0,4427.0,4563.0,5080.0,4684.0,3863.0,4680.0,4903.0,5351.0,4908.0,4971.0,5047.0,4859.0,5037.0,4898.0,4918.0,5411.0,5635.0,5342.0,5770.0,5516.0,4618.0,4738.0,5051.0,4984.0,5592.0,4836.0,4964.0,
MEX.20.476_2,21231474.0,MEX,Santiago Laxopa,0.00332,4678.0,4616.0,4549.0,5777.0,5860.0,5691.0,5504.0,5499.0,4906.0,5694.0,5644.0,5935.0,4812.0,5116.0,5925.0,4823.0,6674.0,6275.0,6247.0,6227.0,6367.0,5431.0,6393.0,6246.0,7040.0,6610.0,5935.0,5837.0,6450.0,6076.0,6591.0,6532.0,6703.0,
MEX.20.477_2,21231475.0,MEX,Santiago Llano Grande,0.00124,2389.0,2217.0,2329.0,3909.0,3744.0,4005.0,3787.0,3863.0,3805.0,4128.0,3980.0,3914.0,3680.0,4118.0,3990.0,3968.0,4843.0,4305.0,4203.0,4189.0,4023.0,4174.0,3989.0,3778.0,4580.0,3988.0,3528.0,3889.0,4163.0,3991.0,4082.0,4129.0,4158.0,
MEX.20.478_2,21231476.0,MEX,Santiago Matatlán,0.00449,6325.0,5766.0,5299.0,5939.0,5567.0,4677.0,4637.0,4804.0,4913.0,4315.0,4446.0,4938.0,5393.0,5585.0,4730.0,5127.0,4130.0,4436.0,4783.0,4486.0,4693.0,5453.0,6163.0,5642.0,6097.0,5776.0,6894.0,5866.0,6489.0,6089.0,6647.0,6519.0,6431.0,
MEX.20.479_2,21231477.0,MEX,Santiago Miltepec,0.0,9522.0,9420.0,10148.0,12272.0,11631.0,11706.0,11963.0,12230.0,12383.0,13166.0,12551.0,12328.0,12249.0,13088.0,12393.0,12602.0,13275.0,7658.0,8016.0,7783.0,7563.0,7809.0,8376.0,8138.0,8832.0,9145.0,7495.0,7655.0,13634.0,13079.0,13212.0,13672.0,13981.0,
MEX.20.480_2,21231478.0,MEX,Santiago Minas,0.00498,4616.0,4605.0,4772.0,6160.0,5804.0,5603.0,5010.0,4965.0,5106.0,5200.0,5868.0,5321.0,5076.0,5367.0,5291.0,5269.0,6110.0,5696.0,5942.0,6119.0,5790.0,5946.0,6799.0,6723.0,7346.0,6705.0,6202.0,6056.0,6333.0,6252.0,6914.0,6469.0,6683.0,
MEX.20.481_2,21231479.0,MEX,Santiago Nacaltepec,0.00172,5387.0,5593.0,5694.0,6584.0,6407.0,6753.0,6989.0,6803.0,6987.0,7182.0,6125.0,7144.0,7248.0,7909.0,6631.0,5994.0,7052.0,6698.0,6719.0,6259.0,5995.0,6616.0,7338.0,6463.0,7221.0,7272.0,6636.0,6843.0,7555.0,7320.0,7461.0,8036.0,8206.0,
MEX.20.482_2,21231480.0,MEX,Santiago Nejapilla,0.0059,6389.0,6401.0,6377.0,7166.0,6642.0,6206.0,6226.0,6556.0,7029.0,6639.0,5803.0,6848.0,7101.0,7727.0,7343.0,7381.0,8286.0,7964.0,8020.0,7597.0,7837.0,8981.0,9826.0,9082.0,10290.0,10363.0,8950.0,7903.0,8543.0,8197.0,7477.0,8606.0,8790.0,
MEX.20.483_2,21231481.0,MEX,Santiago Niltepec,0.00447,3301.0,3578.0,3609.0,4280.0,4123.0,3450.0,3885.0,4817.0,4959.0,5023.0,4265.0,5230.0,5307.0,5566.0,5609.0,5398.0,5631.0,5397.0,5480.0,5390.0,5367.0,5609.0,5883.0,5655.0,6303.0,6348.0,5007.0,4995.0,5292.0,4907.0,5650.0,5048.0,5173.0,
MEX.20.484_2,21231482.0,MEX,Santiago Nundiche,0.01773,3101.0,2852.0,3101.0,3569.0,4136.0,4049.0,5095.0,4576.0,3984.0,4117.0,5658.0,5704.0,4681.0,4621.0,5082.0,4066.0,4984.0,5329.0,7609.0,7119.0,7414.0,7910.0,6293.0,6351.0,7070.0,7312.0,9814.0,9565.0,10336.0,10894.0,10557.0,11620.0,12189.0,
MEX.20.485_2,21231483.0,MEX,Santiago Nuyoó,0.00403,3018.0,3285.0,3423.0,4471.0,5148.0,3918.0,3691.0,4039.0,3995.0,4404.0,5987.0,5368.0,4938.0,5961.0,4499.0,4930.0,5248.0,4805.0,4718.0,5128.0,4700.0,4375.0,5304.0,4956.0,5540.0,5148.0,4862.0,5214.0,5440.0,5075.0,5191.0,5409.0,5523.0,
MEX.20.486_2,21231484.0,MEX,Santiago Pinotepa Nacional,0.002,6783.0,7155.0,7298.0,10433.0,10487.0,10563.0,10218.0,10642.0,10791.0,11231.0,10484.0,10334.0,10166.0,11633.0,11425.0,10301.0,11562.0,10874.0,11115.0,10944.0,11276.0,11099.0,12621.0,11951.0,11977.0,11362.0,9834.0,10153.0,11303.0,11144.0,11410.0,11899.0,12037.0,
MEX.20.487_2,21231485.0,MEX,Santiago Suchilquitongo,0.00533,8061.0,8527.0,7204.0,8841.0,8343.0,7364.0,9801.0,9903.0,10488.0,10166.0,9422.0,9408.0,9795.0,7900.0,9401.0,6976.0,9862.0,9981.0,10177.0,8799.0,9917.0,10207.0,11588.0,10333.0,10251.0,10613.0,13031.0,11939.0,12532.0,13459.0,13576.0,15511.0,15895.0,
MEX.20.488_2,21231486.0,MEX,Santiago Tamazola,0.00598,5126.0,5174.0,5250.0,6482.0,5421.0,5332.0,5221.0,5569.0,6097.0,5918.0,5042.0,5900.0,6652.0,6574.0,6460.0,6828.0,6784.0,6612.0,6703.0,6349.0,6532.0,7626.0,7816.0,7491.0,8462.0,8464.0,7165.0,6165.0,6653.0,6270.0,6488.0,6692.0,6815.0,
MEX.20.489_2,21231487.0,MEX,Santiago Tapextla,0.0022,3239.0,2999.0,3171.0,4617.0,4584.0,4857.0,4409.0,4708.0,4650.0,4989.0,4385.0,4686.0,4465.0,4998.0,5113.0,4873.0,5739.0,5278.0,5365.0,5067.0,5010.0,5219.0,5591.0,5035.0,5293.0,4657.0,4523.0,4512.0,5072.0,4979.0,5092.0,4959.0,5072.0,
MEX.20.490_2,21231488.0,MEX,Santiago Tenango,0.00433,9940.0,10340.0,9597.0,12162.0,11631.0,10496.0,10705.0,10443.0,10598.0,10804.0,9734.0,10761.0,10651.0,11613.0,11690.0,11129.0,12556.0,11861.0,12038.0,11542.0,11730.0,11981.0,13101.0,12246.0,13991.0,14139.0,12179.0,12636.0,13544.0,12931.0,13043.0,13783.0,14134.0,
MEX.20.491_2,21231489.0,MEX,Santiago Tepetlapa,0.00428,5375.0,5661.0,5442.0,6967.0,6350.0,5874.0,5844.0,5931.0,6381.0,6168.0,5275.0,6165.0,6290.0,6925.0,6635.0,6534.0,7023.0,6656.0,6702.0,6501.0,6531.0,7056.0,7650.0,7281.0,7930.0,7840.0,6924.0,7022.0,7450.0,6852.0,6834.0,7348.0,7501.0,
MEX.20.492_2,21231490.0,MEX,Santiago Tetepec,0.0,3216.0,3243.0,3521.0,5998.0,8949.0,8762.0,11228.0,10323.0,15201.0,13689.0,13000.0,14492.0,16682.0,15104.0,13766.0,14524.0,12914.0,13937.0,14004.0,14108.0,13646.0,15324.0,16587.0,7271.0,9353.0,7010.0,5679.0,5833.0,5790.0,5316.0,5437.0,5264.0,5384.0,
MEX.20.493_2,21231491.0,MEX,Santiago Texcalcingo,0.00161,7799.0,7858.0,7936.0,8173.0,8217.0,7102.0,7421.0,8233.0,8981.0,9307.0,9118.0,10612.0,10645.0,8396.0,8743.0,8598.0,7907.0,8448.0,8403.0,7903.0,8058.0,8201.0,9213.0,8218.0,7917.0,8887.0,8597.0,10207.0,10736.0,10672.0,9380.0,9673.0,9600.0,
MEX.20.494_2,21231492.0,MEX,Santiago Textitlán,0.00404,3657.0,3586.0,4190.0,5467.0,5733.0,5577.0,4830.0,5003.0,5040.0,4872.0,4797.0,5051.0,4769.0,5886.0,5777.0,5742.0,6687.0,6191.0,5943.0,6022.0,5791.0,6197.0,6229.0,5995.0,6592.0,6008.0,5633.0,5714.0,6107.0,5805.0,6848.0,5980.0,6118.0,
MEX.20.495_2,21231493.0,MEX,Santiago Tilantongo,0.00215,4777.0,4751.0,4838.0,5712.0,5877.0,5543.0,5851.0,5997.0,5760.0,6038.0,5916.0,6426.0,5694.0,5984.0,6286.0,5703.0,6426.0,6235.0,6137.0,5916.0,5980.0,5700.0,6339.0,6072.0,6499.0,6605.0,5709.0,5900.0,6407.0,6078.0,6868.0,6775.0,6929.0,
MEX.20.496_2,21231494.0,MEX,Santiago Tillo,0.0039,5125.0,4990.0,5015.0,6471.0,6014.0,5859.0,6462.0,6392.0,6369.0,6486.0,5281.0,5588.0,5547.0,5698.0,5817.0,5762.0,6019.0,5741.0,5818.0,5722.0,5849.0,5891.0,6141.0,6303.0,7159.0,7490.0,5545.0,6607.0,7483.0,6772.0,7925.0,7377.0,7633.0,
MEX.20.497_2,21231495.0,MEX,Santiago Tlazoyaltepec,0.00685,3875.0,3883.0,3823.0,4244.0,3955.0,3173.0,3280.0,3434.0,3908.0,3316.0,2910.0,3623.0,3955.0,4750.0,4015.0,3629.0,3940.0,3993.0,4050.0,4005.0,3946.0,4634.0,5230.0,4945.0,5253.0,5268.0,4844.0,4747.0,5023.0,4709.0,5650.0,5048.0,5173.0,
MEX.20.498_2,21231496.0,MEX,Santiago Xanica,0.00764,2603.0,2449.0,2704.0,4124.0,4585.0,4440.0,4639.0,5045.0,5050.0,5899.0,5914.0,6155.0,6039.0,6661.0,6693.0,6543.0,7554.0,7083.0,7166.0,6988.0,6983.0,7231.0,6311.0,6981.0,7693.0,7543.0,5833.0,6926.0,7544.0,7204.0,8558.0,7663.0,8057.0,
MEX.20.499_2,21231497.0,MEX,Santiago Xiacuí,0.00501,3124.0,3172.0,3301.0,4013.0,4867.0,5037.0,5856.0,5561.0,5582.0,6234.0,5543.0,5826.0,6030.0,7415.0,6705.0,6804.0,6933.0,6952.0,7043.0,6923.0,7006.0,7714.0,6809.0,6939.0,6884.0,6555.0,5884.0,6151.0,6354.0,6059.0,6750.0,6112.0,6263.0,
MEX.20.500_2,21231498.0,MEX,Santiago Yaitepec,0.00805,2877.0,2914.0,2970.0,3788.0,4077.0,3716.0,3642.0,3856.0,3222.0,3480.0,3990.0,4402.0,4386.0,5665.0,4160.0,4172.0,4732.0,4647.0,4514.0,4838.0,4364.0,4391.0,5670.0,5191.0,4954.0,4754.0,5120.0,5333.0,6041.0,6017.0,6458.0,5762.0,5905.0,
MEX.20.501_2,21231499.0,MEX,Santiago Yaveo,-0.00228,3147.0,2912.0,2894.0,4160.0,4602.0,4547.0,4020.0,4246.0,4004.0,4538.0,3799.0,4136.0,3570.0,3865.0,4572.0,3347.0,4905.0,4313.0,4726.0,4539.0,4681.0,3859.0,3879.0,3770.0,4159.0,3646.0,3104.0,3224.0,3501.0,3143.0,3215.0,3214.0,3293.0,
MEX.20.502_2,21231500.0,MEX,Santiago Yolomécatl,0.00473,4760.0,5049.0,4946.0,5450.0,5194.0,5429.0,5330.0,5663.0,5951.0,5511.0,4771.0,5675.0,5970.0,6479.0,6228.0,6234.0,6370.0,6226.0,6310.0,6152.0,6149.0,6703.0,6980.0,6691.0,7757.0,7724.0,5808.0,6630.0,6602.0,5657.0,6307.0,6040.0,6189.0,
MEX.20.503_2,21231501.0,MEX,Santiago Yosondúa,0.00723,3551.0,3236.0,3220.0,3552.0,3600.0,3525.0,3345.0,3793.0,3243.0,3385.0,4622.0,5184.0,5194.0,4139.0,4331.0,4556.0,5072.0,4707.0,4922.0,4960.0,4592.0,4641.0,5266.0,5203.0,6242.0,5836.0,4657.0,5160.0,5220.0,4610.0,4770.0,4970.0,5322.0,
MEX.20.504_2,21231502.0,MEX,Santiago Yucuyachi,0.00486,4715.0,4741.0,4787.0,5949.0,5327.0,5193.0,5099.0,5262.0,5514.0,5060.0,4282.0,5144.0,5370.0,5623.0,5520.0,5571.0,5853.0,5562.0,5635.0,5523.0,5491.0,5944.0,6441.0,6009.0,6560.0,6923.0,5808.0,6203.0,6824.0,6440.0,7657.0,7221.0,7491.0,
MEX.20.505_2,21231503.0,MEX,Santiago Zacatepec,0.00303,3231.0,3089.0,3072.0,3832.0,3788.0,3873.0,3747.0,3764.0,3779.0,4621.0,4426.0,4387.0,4052.0,3683.0,3697.0,3692.0,4448.0,3963.0,3857.0,3873.0,3796.0,3886.0,4376.0,4407.0,5314.0,5101.0,4111.0,4867.0,4616.0,4325.0,4423.0,4414.0,4507.0,
MEX.20.506_2,21231504.0,MEX,Santiago Zoochila,0.00263,3646.0,3671.0,3548.0,4719.0,5353.0,5241.0,6433.0,5113.0,4659.0,5708.0,6727.0,6782.0,5856.0,5166.0,5956.0,5035.0,6381.0,6130.0,5954.0,5968.0,5860.0,5171.0,6208.0,5853.0,6606.0,6344.0,5190.0,5776.0,6161.0,5749.0,6942.0,5988.0,6320.0,
MEX.20.507_2,21231505.0,MEX,Santo Domingo Albarradas,0.0,4922.0,5090.0,5036.0,5746.0,5870.0,5302.0,5529.0,5388.0,6260.0,6441.0,7625.0,7262.0,5101.0,5251.0,5313.0,4996.0,5778.0,5497.0,4937.0,4712.0,4811.0,4972.0,5668.0,5266.0,5903.0,5884.0,4889.0,5068.0,5504.0,5314.0,5776.0,5734.0,5892.0,
MEX.20.508_2,21231506.0,MEX,Santo Domingo Armenta,0.00236,2338.0,2124.0,2067.0,3862.0,4396.0,4304.0,3423.0,3675.0,3451.0,3845.0,3682.0,4051.0,3749.0,4608.0,4447.0,4530.0,5023.0,4755.0,4609.0,4578.0,4339.0,4433.0,4615.0,4402.0,5220.0,4356.0,4040.0,4333.0,4534.0,4309.0,4406.0,4471.0,4548.0,
MEX.20.509_2,21231507.0,MEX,Santo Domingo Chihuitán,0.00328,10226.0,10569.0,9692.0,8468.0,7934.0,7827.0,7157.0,7731.0,8342.0,7131.0,8062.0,8215.0,8741.0,8388.0,8706.0,7498.0,8602.0,7872.0,8293.0,7800.0,7838.0,8398.0,9508.0,8881.0,9768.0,10308.0,9048.0,9974.0,10590.0,9755.0,9136.0,10223.0,10389.0,
MEX.20.510_2,21231508.0,MEX,Santo Domingo de Morelos,0.00429,3326.0,2942.0,3132.0,4046.0,4597.0,4004.0,3747.0,4116.0,3854.0,4187.0,4953.0,4840.0,4376.0,4927.0,3959.0,3734.0,4303.0,4001.0,3960.0,4235.0,3895.0,4403.0,4724.0,4478.0,5181.0,4815.0,4449.0,4694.0,4895.0,4699.0,4806.0,4936.0,5049.0,
MEX.20.511_2,21231509.0,MEX,Santo Domingo Ingenio,0.00125,6696.0,6849.0,7151.0,8374.0,8888.0,8844.0,9693.0,9535.0,9928.0,10428.0,9433.0,9693.0,9257.0,10509.0,11170.0,10060.0,10604.0,10250.0,10371.0,9871.0,10106.0,9642.0,9717.0,9635.0,10340.0,10478.0,9168.0,9591.0,10129.0,9395.0,10654.0,10028.0,10276.0,
MEX.20.512_2,21231510.0,MEX,Santo Domingo Ixcatlán,0.00434,2811.0,3090.0,3204.0,3707.0,3932.0,3850.0,3587.0,4048.0,5087.0,4628.0,6217.0,5563.0,5138.0,5894.0,5668.0,4962.0,5287.0,5481.0,5469.0,5646.0,5584.0,5785.0,5493.0,5137.0,5123.0,5479.0,5428.0,5472.0,5680.0,5651.0,5779.0,5993.0,6125.0,
MEX.20.513_2,21231511.0,MEX,Santo Domingo Nuxaá,0.0,4105.0,4133.0,4281.0,5892.0,5197.0,5351.0,5912.0,5388.0,5506.0,5301.0,4143.0,4709.0,4645.0,4948.0,4920.0,4782.0,5084.0,4868.0,4941.0,5020.0,4937.0,5161.0,5629.0,5268.0,5851.0,5668.0,4391.0,4777.0,5044.0,4555.0,5021.0,4643.0,4759.0,
MEX.20.514_2,21231512.0,MEX,Santo Domingo Ozolotepec,0.00678,3556.0,3493.0,3532.0,4759.0,4584.0,4398.0,4768.0,4732.0,4771.0,4953.0,5643.0,5405.0,5198.0,5533.0,5662.0,5635.0,6453.0,6072.0,5967.0,6006.0,5815.0,5683.0,6185.0,6002.0,6518.0,6768.0,6102.0,6212.0,6896.0,6608.0,7475.0,6253.0,6681.0,
MEX.20.515_2,21231513.0,MEX,Santo Domingo Petapa,0.00397,3455.0,3328.0,3336.0,4368.0,4383.0,4291.0,4278.0,4138.0,3839.0,4010.0,5625.0,5644.0,5026.0,4375.0,4895.0,4271.0,5486.0,5195.0,5262.0,5099.0,5636.0,5194.0,4866.0,5132.0,6229.0,6093.0,4146.0,4731.0,5202.0,4076.0,4168.0,4036.0,4417.0,
MEX.20.516_2,21231514.0,MEX,Santo Domingo Roayaga,0.00537,3665.0,3604.0,3194.0,4216.0,4168.0,3823.0,3461.0,3584.0,3504.0,3887.0,5806.0,5406.0,5075.0,4537.0,4454.0,4579.0,4607.0,4623.0,4508.0,4958.0,4219.0,4385.0,4811.0,4861.0,5141.0,5305.0,4372.0,4945.0,5393.0,5193.0,5311.0,5492.0,5596.0,
MEX.20.517_2,21231515.0,MEX,Santo Domingo Tehuantepec,0.00863,8087.0,7880.0,8129.0,8303.0,8377.0,7668.0,7195.0,6992.0,7388.0,7342.0,7790.0,8070.0,8093.0,8778.0,9142.0,8420.0,9752.0,9033.0,9179.0,9127.0,9520.0,9856.0,11131.0,9545.0,11096.0,11563.0,10149.0,11433.0,12676.0,11513.0,11442.0,12356.0,12662.0,
MEX.20.518_2,21231516.0,MEX,Santo Domingo Teojomulco,0.00183,3317.0,3400.0,3327.0,4721.0,4416.0,4208.0,4047.0,4057.0,4080.0,4114.0,3943.0,4165.0,3929.0,4129.0,4099.0,4127.0,4599.0,4283.0,4162.0,4308.0,4055.0,4175.0,4517.0,4466.0,5059.0,4788.0,4035.0,4345.0,4525.0,4357.0,4456.0,4471.0,4582.0,
MEX.20.519_2,21231517.0,MEX,Santo Domingo Tepuxtepec,0.00628,3525.0,3767.0,3894.0,5072.0,4494.0,4427.0,4481.0,4659.0,5299.0,4719.0,4362.0,5435.0,5616.0,6046.0,4972.0,5136.0,5207.0,5205.0,6066.0,6049.0,5460.0,5982.0,6931.0,7204.0,6659.0,6736.0,6182.0,5293.0,5808.0,5519.0,6414.0,5864.0,5656.0,
MEX.20.520_2,21231518.0,MEX,Santo Domingo Tlatayápam,0.00529,3380.0,3675.0,3701.0,4586.0,4105.0,4166.0,4210.0,4422.0,4894.0,4456.0,3622.0,4435.0,4760.0,5111.0,4694.0,4788.0,4861.0,4718.0,4795.0,4845.0,5017.0,5505.0,5797.0,5343.0,6187.0,5819.0,4914.0,5299.0,5412.0,5014.0,5764.0,5343.0,5476.0,
MEX.20.521_2,21231519.0,MEX,Santo Domingo Tomaltepec,0.00405,10364.0,11986.0,11289.0,10745.0,10030.0,9747.0,11371.0,10097.0,10509.0,10217.0,11465.0,11012.0,10960.0,11000.0,12845.0,10869.0,12228.0,11508.0,11457.0,10291.0,11164.0,11442.0,12043.0,12160.0,12219.0,12453.0,11694.0,13260.0,14156.0,12820.0,13415.0,13869.0,13408.0,
MEX.20.522_2,21231520.0,MEX,Santo Domingo Tonalá,0.00345,3984.0,4215.0,3860.0,4900.0,4867.0,5091.0,5081.0,5132.0,5502.0,5357.0,4228.0,5253.0,5275.0,5743.0,5620.0,5547.0,5833.0,5576.0,5643.0,5675.0,5641.0,5991.0,6524.0,5805.0,6497.0,6250.0,5187.0,5387.0,5654.0,4860.0,5291.0,4992.0,5061.0,
MEX.20.523_2,21231521.0,MEX,Santo Domingo Tonaltepec,0.00431,6021.0,6594.0,6601.0,7666.0,7365.0,7320.0,7564.0,7615.0,7824.0,7737.0,6617.0,7887.0,7909.0,8642.0,8544.0,8227.0,9091.0,8592.0,8670.0,8447.0,8448.0,8849.0,9845.0,8935.0,10066.0,9997.0,8599.0,8953.0,9355.0,9068.0,8739.0,9390.0,9593.0,
MEX.20.524_2,21231522.0,MEX,Santo Domingo Xagacía,0.00377,2798.0,2919.0,2889.0,3862.0,4900.0,4417.0,3942.0,4244.0,3819.0,4319.0,4327.0,4644.0,4220.0,4876.0,5504.0,4234.0,5751.0,5236.0,5753.0,5481.0,5757.0,4951.0,4777.0,4868.0,5182.0,4379.0,4000.0,3379.0,3631.0,3350.0,4131.0,4304.0,4411.0,
MEX.20.525_2,21231523.0,MEX,Santo Domingo Yanhuitlán,0.00442,4790.0,5336.0,5562.0,6696.0,6516.0,6634.0,6538.0,6598.0,6857.0,6470.0,5386.0,6602.0,6809.0,7315.0,7108.0,7253.0,7847.0,7437.0,7527.0,7294.0,7335.0,7745.0,8716.0,7905.0,8933.0,8857.0,7549.0,7888.0,8196.0,7942.0,7608.0,8211.0,8385.0,
MEX.20.526_2,21231524.0,MEX,Santo Domingo Yodohino,0.00536,4318.0,5003.0,5147.0,6186.0,6070.0,6350.0,6452.0,6416.0,6604.0,6277.0,5350.0,6697.0,6744.0,7318.0,7413.0,7169.0,7877.0,7410.0,7468.0,7240.0,7507.0,7722.0,9197.0,7794.0,9367.0,9296.0,7938.0,8241.0,7703.0,7464.0,6815.0,7472.0,7628.0,
MEX.20.527_2,21231525.0,MEX,Santo Domingo Zanatepec,0.00315,4415.0,4847.0,3795.0,3863.0,4164.0,4077.0,4041.0,4120.0,3547.0,3923.0,6773.0,6126.0,5551.0,4179.0,4394.0,4122.0,5202.0,5002.0,4908.0,5425.0,4831.0,4449.0,5134.0,4864.0,4652.0,4841.0,4982.0,4654.0,5087.0,4727.0,4869.0,5073.0,5247.0,
MEX.20.528_2,21231526.0,MEX,Santo Tomás Jalieza,0.00426,6707.0,6995.0,5920.0,6389.0,6316.0,5694.0,5119.0,6098.0,5913.0,5909.0,6092.0,5403.0,5503.0,6604.0,6014.0,8900.0,8921.0,8371.0,6012.0,5928.0,5730.0,5913.0,6519.0,6514.0,7134.0,7137.0,7241.0,7445.0,7819.0,7710.0,8805.0,8781.0,8813.0,
MEX.20.529_2,21231527.0,MEX,Santo Tomás Mazaltepec,-0.00456,8838.0,9537.0,7478.0,8839.0,9250.0,8476.0,8444.0,8698.0,8410.0,8633.0,8184.0,8959.0,8438.0,9897.0,9912.0,9240.0,9736.0,9419.0,9501.0,8849.0,8295.0,8715.0,7607.0,7679.0,7565.0,7581.0,5660.0,5800.0,5947.0,5841.0,6554.0,7407.0,5728.0,
MEX.20.530_2,21231528.0,MEX,Santo Tomás Ocotepec,0.0,3593.0,3526.0,3883.0,4723.0,5690.0,5335.0,4967.0,5442.0,6500.0,6611.0,6955.0,7279.0,8124.0,8327.0,6435.0,5817.0,6113.0,6056.0,6565.0,6116.0,6397.0,5832.0,6284.0,6105.0,6535.0,6192.0,5480.0,5462.0,5635.0,5392.0,5514.0,5303.0,5412.0,
MEX.20.531_2,21231529.0,MEX,Santo Tomás Tamazulapan,0.00221,4261.0,4272.0,4645.0,4737.0,7369.0,7215.0,9416.0,9628.0,10979.0,4332.0,4684.0,5494.0,5976.0,7703.0,7774.0,7028.0,9708.0,7864.0,8136.0,8258.0,8398.0,7749.0,8658.0,8114.0,8101.0,7542.0,6672.0,6808.0,7978.0,7541.0,8069.0,8031.0,8341.0,
MEX.20.532_2,21231530.0,MEX,Santos Reyes Nopala,0.0081,2813.0,2918.0,3124.0,3814.0,3770.0,3538.0,3121.0,3299.0,3027.0,3713.0,4876.0,4485.0,4438.0,5665.0,5428.0,3687.0,4368.0,4439.0,4385.0,4670.0,4192.0,5076.0,5253.0,4725.0,5383.0,4914.0,4786.0,4890.0,5657.0,5565.0,6694.0,5140.0,5251.0,
MEX.20.533_2,21231531.0,MEX,Santos Reyes Pápalo,0.0,3484.0,3422.0,3687.0,4904.0,6614.0,6265.0,6795.0,5662.0,4444.0,3936.0,5021.0,5062.0,3858.0,4124.0,4561.0,3250.0,4731.0,4820.0,4567.0,4462.0,4446.0,2953.0,3656.0,3615.0,4297.0,4083.0,4710.0,4195.0,5563.0,6008.0,6955.0,5739.0,5847.0,
MEX.20.534_2,21231532.0,MEX,Santos Reyes Tepejillo,0.0031,3697.0,3934.0,3909.0,5129.0,5686.0,5886.0,6273.0,6133.0,5761.0,6326.0,5951.0,6371.0,5840.0,6504.0,6892.0,6264.0,7312.0,6972.0,6878.0,6804.0,6702.0,6446.0,6962.0,6392.0,7043.0,7191.0,6411.0,6642.0,7162.0,6364.0,6944.0,6866.0,7023.0,
MEX.20.535_2,21231533.0,MEX,Santos Reyes Yucuná,0.0,4101.0,4990.0,4767.0,5314.0,5158.0,5182.0,5164.0,5297.0,5268.0,5226.0,4415.0,4890.0,5374.0,5710.0,5404.0,5206.0,5390.0,5515.0,5746.0,4894.0,4790.0,4698.0,4915.0,4290.0,5061.0,4999.0,4510.0,4971.0,5226.0,5009.0,6110.0,5299.0,5431.0,
MEX.20.536_2,21231534.0,MEX,Silacayoápam,0.00582,5987.0,6565.0,6632.0,7536.0,6469.0,5994.0,5799.0,6025.0,6849.0,6344.0,5265.0,6228.0,6898.0,6534.0,6621.0,7027.0,7133.0,6678.0,6708.0,6356.0,6597.0,7661.0,7838.0,7816.0,9041.0,9063.0,7447.0,7916.0,8583.0,8083.0,8498.0,8803.0,9021.0,
MEX.20.537_2,21231535.0,MEX,Sitio de Xitlapehua,0.00517,4411.0,4539.0,4724.0,5593.0,4945.0,4843.0,4653.0,5055.0,5336.0,4825.0,3766.0,4517.0,5009.0,5401.0,5466.0,5373.0,5273.0,5357.0,5364.0,5185.0,5229.0,5601.0,6086.0,5690.0,6583.0,6426.0,5872.0,5941.0,6569.0,6198.0,6605.0,6724.0,6891.0,
MEX.20.538_2,21231536.0,MEX,Soledad Etla,0.00432,19862.0,20219.0,20935.0,17837.0,16416.0,15971.0,16278.0,15623.0,16675.0,16571.0,16116.0,16246.0,16828.0,17664.0,18503.0,17400.0,19422.0,18022.0,18655.0,17477.0,18178.0,18873.0,19372.0,19286.0,19585.0,23307.0,20951.0,22328.0,24072.0,22603.0,13007.0,16652.0,17065.0,
MEX.20.539_2,21231537.0,MEX,Tamazulápam del Espíritu Santo,0.00527,4648.0,5262.0,5439.0,6030.0,6710.0,5818.0,4778.0,5753.0,6496.0,5670.0,5997.0,5718.0,5571.0,5785.0,5621.0,5599.0,5683.0,5527.0,6604.0,6365.0,6435.0,9196.0,9435.0,8638.0,8149.0,7704.0,7261.0,7523.0,8820.0,6845.0,6405.0,7181.0,7359.0,
MEX.20.540_2,21231538.0,MEX,Tanetze de Zaragoza,0.00277,2690.0,2322.0,2412.0,3020.0,5012.0,4199.0,5261.0,4838.0,4338.0,4919.0,6510.0,5708.0,5167.0,5777.0,5393.0,5071.0,5187.0,5134.0,5556.0,5410.0,5409.0,4644.0,5010.0,5220.0,5693.0,5514.0,5192.0,4624.0,6087.0,5743.0,5873.0,5953.0,5605.0,
MEX.20.541_2,21231539.0,MEX,Taniche,0.00242,3642.0,4299.0,4275.0,5492.0,5826.0,6086.0,6505.0,6769.0,7165.0,6525.0,5505.0,5872.0,6479.0,7468.0,6686.0,6921.0,6582.0,6711.0,7042.0,6558.0,6625.0,7396.0,7846.0,7280.0,7306.0,7163.0,6387.0,6866.0,6791.0,6519.0,7098.0,6465.0,6669.0,
MEX.20.542_2,21231540.0,MEX,Tataltepec de Valdés,0.00138,2767.0,2463.0,2215.0,3386.0,3808.0,3729.0,3918.0,3969.0,3925.0,4151.0,3973.0,3936.0,3667.0,3945.0,3920.0,3888.0,4766.0,4305.0,4203.0,4184.0,4090.0,4251.0,4015.0,3820.0,4506.0,3920.0,3700.0,4007.0,4106.0,4025.0,4117.0,4171.0,4201.0,
MEX.20.543_2,21231541.0,MEX,Teococuilco de Marcos Pérez,0.00956,3606.0,3833.0,3866.0,5049.0,4340.0,4448.0,4433.0,4688.0,5040.0,4615.0,3557.0,4359.0,4610.0,4974.0,4671.0,4807.0,5221.0,5052.0,5707.0,5776.0,5710.0,6322.0,7127.0,6189.0,6967.0,7060.0,6192.0,6509.0,6934.0,6940.0,7024.0,7445.0,7567.0,
MEX.20.544_2,21231542.0,MEX,Teotitlán de Flores Magón,0.00679,4423.0,3797.0,4498.0,5041.0,5594.0,4742.0,4853.0,4867.0,5249.0,5162.0,4775.0,5264.0,4961.0,5749.0,6161.0,5515.0,6708.0,6475.0,7262.0,7104.0,7340.0,6877.0,6781.0,6770.0,6798.0,6402.0,5817.0,6044.0,5002.0,5481.0,6232.0,6494.0,6655.0,
MEX.20.545_2,21231543.0,MEX,Teotitlán del Valle,0.00614,6831.0,7313.0,5855.0,7845.0,7477.0,6765.0,6323.0,6306.0,6698.0,7445.0,7223.0,7356.0,7544.0,9091.0,9006.0,8245.0,9263.0,8945.0,9015.0,8556.0,8785.0,8646.0,9386.0,9063.0,9824.0,9904.0,8993.0,9388.0,10008.0,9532.0,10525.0,10151.0,10355.0,
MEX.20.546_2,21231544.0,MEX,Teotongo,0.0025,4714.0,4957.0,4989.0,6338.0,5905.0,5754.0,6075.0,6318.0,6511.0,6339.0,5139.0,6181.0,6081.0,6570.0,6627.0,6351.0,7002.0,6607.0,6652.0,6422.0,6482.0,6712.0,7245.0,6913.0,7716.0,7628.0,6113.0,6269.0,6605.0,6179.0,6176.0,6656.0,6792.0,
MEX.20.547_2,21231545.0,MEX,Tepelmeme Villa de Morelos,0.00217,5995.0,6093.0,6031.0,6986.0,6122.0,6061.0,5831.0,5820.0,6263.0,6334.0,5198.0,6059.0,6078.0,6576.0,6720.0,6295.0,6675.0,6139.0,6772.0,6390.0,6438.0,6628.0,6970.0,6712.0,7453.0,7404.0,5853.0,6119.0,6172.0,6765.0,6727.0,7254.0,7405.0,
MEX.20.548_2,21231546.0,MEX,Tlacolula de Matamoros,0.02211,3337.0,3482.0,3233.0,3899.0,4017.0,4971.0,5416.0,4921.0,5081.0,5072.0,5650.0,5589.0,5582.0,6084.0,6431.0,7220.0,9362.0,10889.0,10433.0,9379.0,9326.0,10957.0,12462.0,12680.0,13280.0,13789.0,8069.0,8541.0,9032.0,8492.0,8222.0,9101.0,9435.0,
MEX.20.549_2,21231547.0,MEX,Tlacotepec Plumas,0.00404,5387.0,5593.0,5694.0,6575.0,6407.0,6222.0,6445.0,6201.0,6353.0,6378.0,5389.0,6429.0,6381.0,6970.0,6787.0,6572.0,7277.0,6805.0,6828.0,6731.0,6653.0,7108.0,7881.0,7002.0,7795.0,7691.0,6889.0,7047.0,7974.0,7727.0,7497.0,8123.0,8295.0,
MEX.20.550_2,21231548.0,MEX,Tlalixtac de Cabrera,0.00285,10317.0,10359.0,10628.0,12144.0,11809.0,11080.0,11358.0,11072.0,11281.0,11703.0,11648.0,11761.0,11723.0,11968.0,13366.0,11768.0,14046.0,13301.0,13522.0,12170.0,13176.0,13134.0,13143.0,13426.0,13268.0,13679.0,12036.0,11851.0,12856.0,12408.0,12542.0,12970.0,13292.0,
MEX.20.551_2,21231549.0,MEX,Totontepec Villa de Morelos,-0.00315,3265.0,3289.0,3823.0,5269.0,5390.0,5252.0,4973.0,5135.0,5161.0,5205.0,4238.0,4703.0,4648.0,4717.0,4861.0,4707.0,4590.0,4526.0,4942.0,5270.0,4971.0,4584.0,4282.0,4349.0,4669.0,4324.0,3867.0,4165.0,4237.0,4083.0,4175.0,4169.0,4250.0,
MEX.20.552_2,21231550.0,MEX,Trinidad Zaachila,0.00558,9905.0,10506.0,11839.0,11233.0,10667.0,9049.0,7313.0,7869.0,9078.0,8066.0,8389.0,12018.0,12167.0,12467.0,13952.0,12274.0,14395.0,13834.0,14066.0,12700.0,13706.0,13681.0,14588.0,13996.0,14757.0,15202.0,13201.0,13471.0,14656.0,14132.0,14463.0,15085.0,15459.0,
MEX.20.553_2,21231551.0,MEX,Unión Hidalgo,0.01103,4279.0,3988.0,3657.0,4399.0,4458.0,4256.0,4353.0,4526.0,4792.0,4338.0,4368.0,4368.0,4887.0,6072.0,5179.0,6491.0,6565.0,7707.0,7712.0,7114.0,7658.0,8732.0,8722.0,8233.0,8883.0,8921.0,5123.0,5437.0,6526.0,4963.0,5373.0,5294.0,5426.0,
MEX.20.554_2,21231552.0,MEX,Valerio Trujano,0.00206,5756.0,5850.0,4926.0,5634.0,6009.0,5491.0,5120.0,5417.0,5582.0,5219.0,4512.0,5297.0,5140.0,6527.0,6319.0,6347.0,6703.0,5964.0,6084.0,5615.0,5928.0,6013.0,5589.0,5585.0,6107.0,6166.0,5707.0,5672.0,6200.0,6103.0,6631.0,6428.0,6562.0,
MEX.20.555_2,21231553.0,MEX,Villa de Chilapa de Díaz,0.0,4199.0,4184.0,4329.0,5618.0,4998.0,4994.0,4997.0,5127.0,5332.0,4931.0,3859.0,4621.0,4791.0,5119.0,4786.0,4945.0,5064.0,4860.0,4908.0,4326.0,4230.0,4812.0,5116.0,4365.0,4839.0,4725.0,4203.0,4401.0,4715.0,4510.0,5403.0,5070.0,5213.0,
MEX.20.556_2,21231554.0,MEX,Villa de Etla,0.00739,11860.0,13639.0,12971.0,11973.0,11839.0,10621.0,10206.0,9188.0,9836.0,9298.0,8736.0,9038.0,9084.0,10432.0,11037.0,10491.0,10910.0,9763.0,9137.0,8109.0,8903.0,14038.0,14861.0,14246.0,15034.0,15137.0,13163.0,13168.0,14328.0,13813.0,14136.0,14745.0,15110.0,
MEX.20.557_2,21231555.0,MEX,Villa de Tamazulápam del Progres,0.00815,3239.0,3668.0,3502.0,5077.0,5339.0,4126.0,4020.0,4335.0,4199.0,4016.0,3357.0,4698.0,4564.0,5129.0,4772.0,5029.0,4609.0,4456.0,4531.0,4366.0,4415.0,5333.0,5998.0,5687.0,6291.0,6412.0,5935.0,5819.0,6208.0,6055.0,6902.0,6518.0,6349.0,
MEX.20.558_2,21231556.0,MEX,Villa de Tututepec de Melchor Oc,0.0,3439.0,2977.0,2891.0,3857.0,3813.0,3691.0,3584.0,3464.0,3543.0,3995.0,4982.0,5185.0,4942.0,4072.0,4341.0,3965.0,4573.0,4182.0,4081.0,4448.0,3976.0,3575.0,3221.0,3794.0,4221.0,3778.0,3520.0,3694.0,3399.0,3767.0,4194.0,4370.0,4699.0,
MEX.20.559_2,21231557.0,MEX,Villa de Zaachila,0.00592,10337.0,10449.0,9639.0,8758.0,8499.0,6872.0,7185.0,6935.0,11040.0,7523.0,11387.0,11951.0,12021.0,12196.0,13656.0,12015.0,14290.0,13575.0,13802.0,12465.0,13449.0,13450.0,14160.0,13779.0,14335.0,14782.0,12963.0,13096.0,14233.0,13721.0,14189.0,14723.0,15077.0,
MEX.20.560_2,21231558.0,MEX,Villa Díaz Ordaz,0.00395,2955.0,3596.0,3542.0,4597.0,4637.0,5233.0,5832.0,6357.0,5211.0,5245.0,4766.0,5113.0,5320.0,6421.0,6316.0,6595.0,9878.0,9263.0,5878.0,6044.0,6007.0,5479.0,6473.0,6356.0,6821.0,6534.0,5479.0,5717.0,6086.0,6517.0,6295.0,5486.0,5622.0,
MEX.20.561_2,21231559.0,MEX,Villa Hidalgo,0.00232,3676.0,3489.0,3143.0,4727.0,5069.0,4963.0,6137.0,5114.0,4325.0,5103.0,6578.0,6631.0,5800.0,5254.0,6076.0,5191.0,6312.0,6086.0,5909.0,5871.0,4685.0,3823.0,4524.0,4652.0,5192.0,5018.0,5255.0,5521.0,6014.0,5640.0,6933.0,6062.0,6116.0,
MEX.20.562_2,21231560.0,MEX,Villa Sola de Vega,0.00402,3546.0,3449.0,3445.0,4918.0,5089.0,5067.0,4722.0,4906.0,4029.0,4771.0,4798.0,4837.0,4056.0,4544.0,4751.0,4488.0,6459.0,5572.0,5545.0,5569.0,5403.0,4725.0,5709.0,5226.0,7119.0,6247.0,5467.0,5374.0,5822.0,5801.0,5924.0,5302.0,5454.0,
MEX.20.563_2,21231561.0,MEX,Villa Talea de Castro,0.0,2831.0,3127.0,2822.0,3271.0,4749.0,4650.0,3955.0,3796.0,3595.0,4554.0,4968.0,6012.0,5033.0,4592.0,5732.0,4412.0,6025.0,5537.0,5628.0,5422.0,5484.0,5201.0,5262.0,5056.0,5593.0,5025.0,4021.0,4032.0,4296.0,3854.0,4169.0,4344.0,4451.0,
MEX.20.564_2,21231562.0,MEX,Villa Tejúpam de la Unión,0.00265,3569.0,3830.0,3959.0,4979.0,4736.0,4904.0,4918.0,4978.0,5376.0,5141.0,4142.0,5031.0,5102.0,5561.0,5413.0,5323.0,5739.0,5505.0,5445.0,5450.0,5406.0,5669.0,6114.0,5465.0,5866.0,5613.0,4708.0,4788.0,5008.0,4366.0,4792.0,4521.0,4633.0,
MEX.20.565_2,21231563.0,MEX,Yaxe,0.00226,5061.0,4558.0,4367.0,5065.0,5910.0,5659.0,5295.0,5690.0,6519.0,6075.0,5553.0,5727.0,6418.0,7154.0,6407.0,6661.0,5858.0,5696.0,5724.0,5560.0,5902.0,6089.0,6860.0,6496.0,7138.0,6152.0,5402.0,5878.0,6244.0,6040.0,7146.0,6507.0,6743.0,
MEX.20.566_2,21231564.0,MEX,Yogana,0.00492,4170.0,4166.0,3946.0,4114.0,4838.0,4222.0,4901.0,4829.0,4643.0,4728.0,4399.0,4965.0,4853.0,5532.0,5651.0,5409.0,5870.0,5540.0,5630.0,5502.0,5486.0,5378.0,5890.0,5526.0,6187.0,6079.0,5166.0,5282.0,5988.0,5482.0,6340.0,5994.0,6079.0,
MEX.20.567_2,21231565.0,MEX,Yutanduchi de Guerrero,0.0015,4641.0,4624.0,5569.0,6869.0,7184.0,6894.0,6794.0,6821.0,7350.0,7526.0,6756.0,7493.0,7435.0,7800.0,7824.0,7660.0,7172.0,7068.0,7535.0,7896.0,7342.0,7087.0,7142.0,7090.0,7647.0,7469.0,7140.0,7629.0,7859.0,7959.0,7949.0,7452.0,7559.0,
MEX.20.568_2,21231566.0,MEX,Zapotitlán Lagunas,0.0,6753.0,7413.0,7597.0,6348.0,6580.0,6733.0,8763.0,8666.0,8072.0,9064.0,9038.0,9619.0,10219.0,8935.0,8265.0,8537.0,8265.0,8759.0,9124.0,8172.0,8446.0,7980.0,7622.0,7677.0,7504.0,7807.0,8434.0,8076.0,8181.0,8199.0,7871.0,8271.0,8568.0,
MEX.20.569_2,21231567.0,MEX,Zapotitlán Palmas,0.00328,12703.0,13292.0,12233.0,14070.0,13510.0,12200.0,12173.0,11749.0,12245.0,12252.0,11155.0,12146.0,12077.0,13218.0,14263.0,12656.0,15162.0,14173.0,14376.0,13058.0,14096.0,14475.0,15541.0,14867.0,15792.0,16152.0,14095.0,14474.0,15592.0,14999.0,13077.0,14298.0,14590.0,
MEX.20.570_2,21231568.0,MEX,Zimatlán de Álvarez,0.00401,4603.0,4878.0,4365.0,5842.0,6585.0,6251.0,6838.0,6850.0,6176.0,6742.0,6859.0,6897.0,6695.0,7277.0,8111.0,7253.0,7955.0,7813.0,7574.0,7170.0,7403.0,7787.0,7029.0,7523.0,7893.0,7404.0,7151.0,7024.0,8125.0,8505.0,7218.0,8274.0,8479.0,
MEX.21.1_2,21231569.0,MEX,Acajete,0.0,10534.0,10016.0,9977.0,10644.0,9875.0,9369.0,9671.0,10799.0,11449.0,11488.0,11464.0,12888.0,12453.0,10772.0,10157.0,11182.0,10214.0,10013.0,9219.0,9554.0,10321.0,10471.0,11044.0,10717.0,10456.0,9645.0,10432.0,10832.0,11015.0,11513.0,10116.0,10307.0,10335.0,
MEX.21.2_2,21231570.0,MEX,Acateno,0.00759,6813.0,6974.0,8399.0,7322.0,6848.0,5729.0,6166.0,8076.0,8685.0,9254.0,11417.0,11469.0,11137.0,8790.0,7674.0,8801.0,8852.0,9625.0,9418.0,7590.0,8803.0,9084.0,11271.0,12238.0,12075.0,11644.0,12858.0,12336.0,11695.0,11667.0,9254.0,9710.0,11999.0,
MEX.21.3_2,21231571.0,MEX,Acatlán,-0.00285,13673.0,12520.0,12981.0,16464.0,15056.0,9509.0,9000.0,17641.0,16996.0,13430.0,12558.0,15113.0,13578.0,11444.0,9927.0,10682.0,9003.0,8950.0,10647.0,10172.0,10756.0,10245.0,11257.0,10400.0,9349.0,10767.0,9568.0,12099.0,12212.0,12966.0,10455.0,11202.0,10965.0,
MEX.21.4_2,21231572.0,MEX,Acatzingo,-0.00158,9060.0,8085.0,8074.0,9085.0,10164.0,10171.0,11593.0,11101.0,11905.0,12790.0,12649.0,13456.0,12687.0,11768.0,10543.0,11615.0,10294.0,11394.0,9560.0,9764.0,10642.0,11156.0,11449.0,11278.0,10784.0,10082.0,10357.0,10540.0,10961.0,10040.0,9191.0,9624.0,10201.0,
MEX.21.5_2,21231573.0,MEX,Acteopan,0.01216,6860.0,6601.0,6891.0,6790.0,7050.0,6660.0,7444.0,8591.0,8533.0,8958.0,11706.0,11909.0,11802.0,9254.0,9136.0,10261.0,11546.0,11986.0,11541.0,9936.0,10324.0,11792.0,12400.0,14289.0,13918.0,12990.0,14022.0,16823.0,16277.0,12518.0,10109.0,10823.0,14990.0,
MEX.21.6_2,21231574.0,MEX,Ahuacatlán,0.00528,6884.0,7029.0,7122.0,7219.0,7294.0,6072.0,5811.0,7024.0,7525.0,7645.0,7737.0,8516.0,8688.0,8346.0,7322.0,8001.0,7915.0,7995.0,8132.0,8183.0,8545.0,8774.0,9263.0,8896.0,8652.0,8549.0,11517.0,12027.0,12112.0,11213.0,9520.0,10206.0,10238.0,
MEX.21.7_2,21231575.0,MEX,Ahuatlán,0.00044,7403.0,6538.0,6623.0,7445.0,7092.0,6334.0,6280.0,7434.0,7411.0,7374.0,6984.0,8077.0,8535.0,7462.0,6745.0,7245.0,6725.0,7033.0,7369.0,6556.0,6728.0,7061.0,6951.0,6519.0,6106.0,7345.0,7132.0,8051.0,8116.0,8029.0,7277.0,7910.0,7730.0,
MEX.21.8_2,21231576.0,MEX,Ahuazotepec,0.00453,8887.0,8508.0,8852.0,9160.0,9718.0,8332.0,9039.0,9135.0,9432.0,10334.0,11653.0,13274.0,12049.0,10576.0,10720.0,11894.0,10041.0,10480.0,10902.0,10904.0,11819.0,12238.0,12754.0,12889.0,12235.0,12490.0,10979.0,10543.0,11243.0,11590.0,9909.0,10430.0,10548.0,
MEX.21.9_2,21231577.0,MEX,Ahuehuetitla,0.0006,7929.0,7362.0,7504.0,7640.0,7209.0,5978.0,6313.0,7261.0,8012.0,8026.0,8009.0,8950.0,9101.0,7441.0,7234.0,7710.0,7504.0,8024.0,8207.0,7225.0,7255.0,7618.0,7752.0,7360.0,7144.0,8489.0,7612.0,9357.0,9285.0,8730.0,7225.0,7926.0,7769.0,
MEX.21.10_2,21231578.0,MEX,Ajalpan,0.00508,6456.0,6962.0,7129.0,7210.0,6966.0,6135.0,6465.0,8336.0,8390.0,8547.0,8824.0,9330.0,9116.0,8680.0,7830.0,8376.0,8538.0,9171.0,8238.0,7590.0,9474.0,11086.0,12411.0,11419.0,11698.0,8740.0,9790.0,9394.0,9909.0,10203.0,8780.0,9224.0,9292.0,
MEX.21.11_2,21231579.0,MEX,Albino Zertuche,0.00081,7929.0,7524.0,7668.0,7682.0,7656.0,6880.0,7443.0,7610.0,7938.0,8026.0,7811.0,9241.0,9346.0,7726.0,7784.0,8040.0,7490.0,7719.0,7588.0,7285.0,8056.0,7810.0,8069.0,7476.0,7236.0,8464.0,9041.0,8818.0,9409.0,9165.0,7409.0,8280.0,8118.0,
MEX.21.12_2,21231580.0,MEX,Aljojuca,0.00581,6052.0,6255.0,6119.0,6037.0,5801.0,4920.0,5140.0,6928.0,6954.0,7555.0,7408.0,8255.0,8475.0,7877.0,6621.0,6871.0,7175.0,7501.0,7663.0,7048.0,6624.0,7528.0,8394.0,7288.0,7311.0,8058.0,10316.0,9317.0,10165.0,9723.0,8531.0,9150.0,9546.0,
MEX.21.13_2,21231581.0,MEX,Altepexi,0.00429,11523.0,10810.0,9826.0,11180.0,12184.0,10584.0,11481.0,12463.0,13087.0,13897.0,14735.0,16272.0,15443.0,15173.0,14386.0,14948.0,15033.0,15714.0,13892.0,14463.0,15457.0,15833.0,16624.0,16964.0,16919.0,14377.0,13188.0,13515.0,13459.0,13149.0,10825.0,12386.0,13979.0,
MEX.21.14_2,21231582.0,MEX,Amixtlán,0.00179,8570.0,8437.0,8520.0,9172.0,9146.0,8288.0,8161.0,8687.0,9656.0,9442.0,9041.0,10827.0,10889.0,10225.0,8805.0,9472.0,8608.0,8807.0,9094.0,8540.0,9216.0,9333.0,9524.0,9087.0,8179.0,9175.0,10409.0,10649.0,10970.0,10984.0,10107.0,9926.0,9626.0,
MEX.21.15_2,21231583.0,MEX,Amozoc,0.0038,10726.0,10715.0,10812.0,10269.0,10864.0,9097.0,10601.0,10859.0,11429.0,12289.0,12064.0,12405.0,11844.0,10574.0,11744.0,11658.0,12429.0,12645.0,12573.0,11036.0,10961.0,11718.0,12634.0,12639.0,13867.0,14560.0,14526.0,14343.0,14037.0,13752.0,12677.0,13052.0,12941.0,
MEX.21.16_2,21231584.0,MEX,Aquixtla,0.00225,7974.0,7851.0,7599.0,7793.0,8045.0,7226.0,7765.0,8120.0,7984.0,8324.0,8613.0,9007.0,8278.0,8240.0,8015.0,7962.0,8116.0,8484.0,8030.0,7587.0,8237.0,8569.0,9132.0,8817.0,9132.0,8525.0,9695.0,9586.0,9844.0,9557.0,7967.0,8657.0,9732.0,
MEX.21.17_2,21231585.0,MEX,Atempan,0.00555,10902.0,9745.0,9779.0,10358.0,10223.0,9000.0,9583.0,10214.0,10939.0,11434.0,11518.0,12192.0,11822.0,11747.0,11694.0,11766.0,12501.0,12813.0,14102.0,11887.0,12609.0,13551.0,12975.0,13761.0,13641.0,13918.0,13789.0,14682.0,12679.0,13016.0,11878.0,12261.0,13512.0,
MEX.21.18_2,21231586.0,MEX,Atexcal,0.0,6824.0,6448.0,6799.0,7185.0,7015.0,6672.0,6834.0,7597.0,7878.0,8458.0,8152.0,9095.0,8822.0,8321.0,7208.0,7469.0,7298.0,7566.0,8212.0,7255.0,7386.0,7752.0,7560.0,7250.0,6851.0,7809.0,8101.0,8019.0,8188.0,8712.0,6223.0,6979.0,6770.0,
MEX.21.19_2,21231587.0,MEX,Atlequizayan,0.00396,7899.0,6923.0,7696.0,7665.0,7317.0,6759.0,6065.0,9226.0,10955.0,11208.0,10880.0,11639.0,12172.0,10701.0,8469.0,8761.0,9723.0,11195.0,7946.0,8104.0,8426.0,9573.0,12361.0,12082.0,9253.0,8438.0,11598.0,12829.0,12641.0,11068.0,9549.0,10114.0,10156.0,
MEX.21.20_2,21231588.0,MEX,Atlixco,0.00117,10218.0,10415.0,10857.0,11211.0,11173.0,9448.0,10317.0,11121.0,11701.0,12309.0,11930.0,12934.0,12504.0,11575.0,11453.0,11533.0,12124.0,12211.0,12770.0,11469.0,12021.0,12203.0,12665.0,12039.0,11903.0,12318.0,11965.0,12269.0,12110.0,12230.0,11505.0,11938.0,11989.0,
MEX.21.21_2,21231589.0,MEX,Atoyatempan,0.00298,8658.0,8911.0,8969.0,8681.0,9522.0,9067.0,9492.0,8855.0,9229.0,9976.0,10719.0,10669.0,10057.0,9700.0,10401.0,10983.0,11240.0,10835.0,11325.0,9211.0,9380.0,10044.0,9907.0,10888.0,10058.0,11771.0,11072.0,10091.0,11668.0,10249.0,8914.0,9721.0,9866.0,
MEX.21.22_2,21231590.0,MEX,Atzala,0.00106,8566.0,8660.0,8548.0,8656.0,9986.0,6937.0,8063.0,8817.0,9135.0,9969.0,10448.0,9911.0,10005.0,9064.0,8576.0,9290.0,8148.0,9898.0,8654.0,7761.0,8829.0,8985.0,10596.0,10131.0,10690.0,9485.0,9436.0,9379.0,10637.0,10236.0,8127.0,8471.0,8675.0,
MEX.21.23_2,21231591.0,MEX,Atzitzihuacán,0.00781,8068.0,7873.0,7980.0,8239.0,9584.0,8983.0,8062.0,8450.0,8380.0,9438.0,13325.0,13688.0,13781.0,8632.0,9461.0,10979.0,10500.0,12681.0,12409.0,10268.0,12375.0,12778.0,13812.0,15349.0,14836.0,12603.0,13403.0,11373.0,11485.0,11758.0,10246.0,10989.0,11447.0,
MEX.21.24_2,21231592.0,MEX,Atzitzintla,0.00647,7199.0,7000.0,7260.0,7120.0,7682.0,7246.0,7601.0,8180.0,8090.0,8467.0,9287.0,9907.0,9514.0,9189.0,8545.0,9412.0,8974.0,10156.0,9880.0,8333.0,8964.0,9222.0,9958.0,10636.0,10277.0,10477.0,10842.0,10855.0,11369.0,10799.0,9309.0,9504.0,11325.0,
MEX.21.25_2,21231593.0,MEX,Axutla,0.00293,8398.0,7846.0,7957.0,8211.0,7698.0,6807.0,6844.0,8061.0,8830.0,8893.0,8744.0,9767.0,10184.0,8493.0,8588.0,8853.0,8977.0,9892.0,9709.0,8874.0,8889.0,9276.0,9342.0,8969.0,8848.0,9902.0,9207.0,10564.0,10512.0,10171.0,8770.0,9350.0,9480.0,
MEX.21.26_2,21231594.0,MEX,Ayotoxco de Guerrero,0.00725,7035.0,6342.0,6078.0,6310.0,6001.0,5441.0,5168.0,7409.0,7745.0,8171.0,7788.0,8654.0,8517.0,8675.0,7051.0,7661.0,7922.0,7974.0,8404.0,7938.0,8188.0,8116.0,8644.0,7892.0,8278.0,8594.0,10955.0,10486.0,11581.0,12660.0,10200.0,11605.0,11773.0,
MEX.21.27_2,21231595.0,MEX,Calpan,0.0,9147.0,7738.0,8885.0,9619.0,9399.0,9139.0,10286.0,11485.0,12235.0,12293.0,11746.0,14938.0,14024.0,11661.0,11898.0,10761.0,12527.0,10363.0,9595.0,9795.0,10484.0,10648.0,12266.0,11054.0,10679.0,10490.0,10558.0,11649.0,11496.0,11345.0,9738.0,10228.0,10155.0,
MEX.21.28_2,21231596.0,MEX,Caltepec,0.0,7764.0,7311.0,7287.0,7934.0,8158.0,7325.0,7637.0,7453.0,7473.0,8223.0,7600.0,9049.0,8237.0,8457.0,7304.0,7705.0,7738.0,7825.0,7571.0,7846.0,7358.0,8099.0,7178.0,6841.0,6278.0,6847.0,7479.0,8052.0,8321.0,8585.0,7483.0,8192.0,7853.0,
MEX.21.29_2,21231597.0,MEX,Camocuautla,0.00121,8648.0,8437.0,8411.0,9063.0,8824.0,7999.0,8135.0,8581.0,8928.0,9326.0,8904.0,10792.0,10849.0,10248.0,8630.0,9496.0,8194.0,8680.0,8792.0,8423.0,8795.0,9208.0,9496.0,8959.0,8054.0,9043.0,9002.0,9519.0,11598.0,11416.0,9081.0,10056.0,9485.0,
MEX.21.30_2,21231598.0,MEX,Cañada Morelos,0.01086,5637.0,6309.0,6230.0,5417.0,5356.0,4749.0,5054.0,6953.0,7112.0,7743.0,8030.0,9173.0,9710.0,8293.0,7084.0,8606.0,8375.0,9131.0,8935.0,7197.0,8007.0,8385.0,9740.0,11389.0,11345.0,10214.0,11329.0,11139.0,13220.0,13021.0,10473.0,11251.0,15397.0,
MEX.21.31_2,21231599.0,MEX,Caxhuacan,0.0,9081.0,8371.0,9415.0,10493.0,8926.0,8045.0,6923.0,10628.0,12226.0,12174.0,11460.0,12029.0,12508.0,10294.0,9253.0,9823.0,8589.0,8733.0,7948.0,8386.0,9489.0,10468.0,13262.0,11350.0,9741.0,8518.0,10972.0,10620.0,11350.0,9970.0,10009.0,10538.0,9691.0,
MEX.21.32_2,21231600.0,MEX,Chalchicomula de Sesma,0.0,12679.0,9884.0,9385.0,10852.0,8050.0,7115.0,7873.0,9749.0,10695.0,12805.0,12897.0,12696.0,12878.0,10623.0,8221.0,9959.0,9735.0,7915.0,8930.0,7983.0,8567.0,9404.0,10118.0,8526.0,8437.0,10651.0,11482.0,11520.0,11454.0,11425.0,9932.0,10633.0,13146.0,
MEX.21.33_2,21231601.0,MEX,Chapulco,0.00785,7056.0,6671.0,6874.0,6505.0,6353.0,5136.0,5808.0,7065.0,6680.0,7119.0,9572.0,9455.0,9174.0,7232.0,6806.0,8018.0,7898.0,8262.0,8085.0,6926.0,7679.0,8000.0,9190.0,10486.0,10256.0,9292.0,10987.0,10956.0,11257.0,11033.0,9815.0,10539.0,13132.0,
MEX.21.34_2,21231602.0,MEX,Chiautla,0.00155,8739.0,7927.0,8068.0,8679.0,8014.0,6809.0,7566.0,8741.0,9047.0,9252.0,9066.0,10266.0,10383.0,8622.0,8273.0,8907.0,8268.0,8393.0,8643.0,8214.0,8203.0,8728.0,9344.0,8647.0,8296.0,9452.0,9017.0,10518.0,10640.0,10931.0,8746.0,9617.0,9295.0,
MEX.21.35_2,21231603.0,MEX,Chiautzingo,-0.00188,11101.0,10531.0,10580.0,9823.0,9440.0,9032.0,9699.0,8649.0,9660.0,10151.0,9548.0,11424.0,11042.0,9782.0,9702.0,9792.0,9493.0,9417.0,8860.0,9316.0,10212.0,10240.0,10755.0,10857.0,10190.0,8861.0,10081.0,9024.0,9680.0,9032.0,8174.0,8493.0,8818.0,
MEX.21.36_2,21231604.0,MEX,Chichiquila,0.00509,7536.0,8742.0,8664.0,7977.0,8657.0,8239.0,7666.0,9077.0,7802.0,9293.0,8995.0,7803.0,7378.0,9296.0,11005.0,9558.0,10214.0,10324.0,9626.0,9034.0,9234.0,9273.0,11625.0,11591.0,11730.0,10719.0,10864.0,12003.0,12649.0,10730.0,9836.0,10332.0,10730.0,
MEX.21.37_2,21231605.0,MEX,Chiconcuautla,0.00632,8218.0,7380.0,8332.0,7411.0,8435.0,6798.0,6640.0,8968.0,9294.0,10274.0,11946.0,11885.0,11479.0,9673.0,9454.0,10342.0,9194.0,12607.0,10450.0,9273.0,9953.0,10481.0,12426.0,13859.0,15189.0,13924.0,13827.0,11951.0,12194.0,13308.0,9975.0,10446.0,11585.0,
MEX.21.38_2,21231606.0,MEX,Chietla,-0.00112,6806.0,9014.0,8962.0,11197.0,10911.0,9993.0,9469.0,11866.0,11860.0,13542.0,13358.0,13876.0,9267.0,8082.0,7234.0,8399.0,8335.0,7954.0,8735.0,7999.0,8640.0,9367.0,10961.0,10226.0,8510.0,10106.0,7812.0,9490.0,9161.0,9840.0,8313.0,9058.0,8825.0,
MEX.21.39_2,21231607.0,MEX,Chigmecatitlán,0.00139,8009.0,7790.0,7896.0,8023.0,7329.0,6286.0,6643.0,7602.0,8373.0,8442.0,8257.0,9523.0,9859.0,8026.0,7891.0,8411.0,8078.0,8650.0,8790.0,7776.0,7943.0,8313.0,8491.0,7970.0,7676.0,9170.0,8485.0,9764.0,9334.0,9182.0,7589.0,8197.0,8075.0,
MEX.21.40_2,21231608.0,MEX,Chignahuapan,0.0,10433.0,10513.0,10351.0,10834.0,9100.0,9114.0,7919.0,10905.0,11040.0,10305.0,9894.0,11153.0,11409.0,10150.0,9676.0,9812.0,9618.0,9944.0,8641.0,8170.0,9240.0,9013.0,10299.0,8912.0,7528.0,10971.0,11367.0,11135.0,10921.0,11142.0,9560.0,10140.0,11750.0,
MEX.21.41_2,21231609.0,MEX,Chignautla,0.00702,11491.0,11848.0,11938.0,11102.0,11759.0,10932.0,12091.0,11856.0,12837.0,13645.0,13376.0,13465.0,13052.0,11752.0,12946.0,12837.0,16522.0,17300.0,17047.0,15859.0,16215.0,16404.0,17323.0,17113.0,17199.0,18329.0,16686.0,17159.0,16136.0,14814.0,12357.0,13333.0,13680.0,
MEX.21.42_2,21231610.0,MEX,Chila,0.00742,6333.0,6366.0,6559.0,6189.0,6648.0,6265.0,7269.0,7485.0,7760.0,8296.0,8665.0,9898.0,9338.0,8087.0,8214.0,8511.0,8721.0,9053.0,8492.0,7830.0,8235.0,8429.0,8554.0,11043.0,10930.0,9849.0,10184.0,10478.0,10537.0,10831.0,8561.0,9456.0,11787.0,
MEX.21.43_2,21231611.0,MEX,Chila de la Sal,0.00059,7692.0,7220.0,7353.0,7455.0,7018.0,5814.0,6152.0,7094.0,7846.0,7851.0,7803.0,8707.0,9101.0,7308.0,7234.0,7448.0,7241.0,7653.0,7859.0,7052.0,6987.0,7348.0,7361.0,7026.0,6817.0,8013.0,7703.0,8792.0,8772.0,8232.0,7225.0,7926.0,7769.0,
MEX.21.44_2,21231612.0,MEX,Chilchotla,0.00393,8449.0,8467.0,8593.0,8872.0,8941.0,7523.0,7846.0,8436.0,9288.0,9866.0,9861.0,11098.0,11134.0,9401.0,8729.0,9893.0,9136.0,9874.0,9663.0,9507.0,9396.0,9946.0,10499.0,9928.0,9459.0,10399.0,9272.0,11127.0,11197.0,12641.0,11867.0,12350.0,12293.0,
MEX.21.45_2,21231613.0,MEX,Chinantla,0.00235,8041.0,8477.0,8593.0,8895.0,8141.0,6662.0,7192.0,8430.0,9341.0,9447.0,9575.0,10732.0,11045.0,8812.0,8384.0,8866.0,9131.0,9519.0,9143.0,8454.0,8473.0,8900.0,10236.0,9059.0,8911.0,10049.0,9886.0,11710.0,11700.0,11537.0,9215.0,9799.0,10047.0,
MEX.21.46_2,21231614.0,MEX,Coatepec,0.00196,8018.0,7679.0,7934.0,8623.0,8698.0,7636.0,7943.0,9030.0,9074.0,9265.0,8949.0,10536.0,10606.0,9252.0,8677.0,9289.0,8105.0,8748.0,8840.0,8486.0,8836.0,9091.0,9174.0,8846.0,7977.0,8963.0,8706.0,9807.0,9670.0,10230.0,10533.0,11808.0,11207.0,
MEX.21.47_2,21231615.0,MEX,Coatzingo,0.0,7802.0,7382.0,7516.0,7565.0,7132.0,5916.0,6092.0,7032.0,7702.0,7701.0,7254.0,8288.0,8716.0,7442.0,7253.0,7676.0,7354.0,7653.0,7859.0,7052.0,6987.0,7348.0,7361.0,7026.0,6758.0,7971.0,7589.0,8674.0,8350.0,8175.0,6838.0,7538.0,7348.0,
MEX.21.48_2,21231616.0,MEX,Cohetzala,0.003,8353.0,7802.0,7919.0,8174.0,7727.0,7573.0,7799.0,8260.0,8460.0,8581.0,8473.0,9668.0,9775.0,8274.0,8416.0,8816.0,8664.0,8889.0,8801.0,8449.0,9077.0,8965.0,9088.0,8840.0,8832.0,9959.0,10164.0,10686.0,10914.0,10420.0,9093.0,9660.0,9784.0,
MEX.21.49_2,21231617.0,MEX,Cohuecan,0.01595,4827.0,4682.0,4935.0,4914.0,5272.0,4883.0,5466.0,6871.0,7313.0,7742.0,10562.0,10092.0,10050.0,7311.0,6596.0,7634.0,8591.0,9121.0,8925.0,7408.0,8861.0,8445.0,10604.0,11259.0,11152.0,10317.0,13322.0,12950.0,13099.0,13703.0,11043.0,14558.0,19500.0,
MEX.21.50_2,21231618.0,MEX,Coronango,0.00821,10175.0,10101.0,10583.0,9754.0,10241.0,9256.0,10037.0,10227.0,12170.0,13014.0,13065.0,14216.0,13580.0,11990.0,13088.0,13127.0,14067.0,14569.0,15085.0,13018.0,13168.0,13380.0,13936.0,13819.0,14635.0,15971.0,14938.0,15554.0,21144.0,20676.0,18317.0,19059.0,19337.0,
MEX.21.51_2,21231619.0,MEX,Coxcatlán,0.00772,7136.0,6917.0,6912.0,6996.0,7547.0,6655.0,6662.0,6803.0,6953.0,7305.0,8156.0,8465.0,8236.0,7618.0,7197.0,7355.0,7324.0,8637.0,8720.0,7653.0,7986.0,8417.0,9102.0,9450.0,9091.0,9935.0,10519.0,11174.0,10855.0,11307.0,10924.0,11575.0,11983.0,
MEX.21.52_2,21231620.0,MEX,Coyomeapan,0.00252,8598.0,8199.0,8533.0,8684.0,8221.0,7044.0,7703.0,8828.0,9306.0,9610.0,9650.0,10764.0,10624.0,8861.0,8323.0,8720.0,8175.0,8814.0,9105.0,8194.0,8036.0,8504.0,9559.0,8974.0,8811.0,9506.0,9260.0,11229.0,11708.0,11930.0,10648.0,11392.0,11425.0,
MEX.21.53_2,21231621.0,MEX,Coyotepec,0.00177,7744.0,7501.0,7636.0,7792.0,7099.0,5836.0,6381.0,7331.0,8373.0,8442.0,8257.0,9523.0,9859.0,8000.0,7553.0,8064.0,7694.0,8180.0,8762.0,7750.0,7915.0,8284.0,8694.0,7572.0,7626.0,9111.0,8745.0,10017.0,9882.0,9778.0,7663.0,8334.0,8036.0,
MEX.21.54_2,21231622.0,MEX,Cuapiaxtla de Madero,0.0,11268.0,10180.0,10302.0,11028.0,12014.0,11324.0,11983.0,12835.0,13103.0,14374.0,14114.0,15756.0,14868.0,13930.0,12932.0,13346.0,11769.0,13295.0,11537.0,11143.0,11913.0,12193.0,12731.0,13007.0,13422.0,12244.0,11754.0,12938.0,12400.0,12036.0,10980.0,11299.0,12148.0,
MEX.21.55_2,21231623.0,MEX,Cuautempan,0.00092,8414.0,8082.0,8161.0,8738.0,8749.0,7633.0,8004.0,9136.0,9419.0,9907.0,9523.0,11103.0,11125.0,9670.0,8002.0,8597.0,7674.0,8086.0,8192.0,7781.0,8060.0,8162.0,9062.0,8049.0,7554.0,8575.0,9154.0,9693.0,11280.0,11209.0,9277.0,9998.0,9598.0,
MEX.21.56_2,21231624.0,MEX,Cuautinchán,0.00536,8561.0,9637.0,9510.0,8126.0,8309.0,7952.0,9655.0,8795.0,9508.0,9989.0,9665.0,11120.0,9915.0,10247.0,10215.0,11249.0,9934.0,9565.0,9707.0,10179.0,10676.0,10459.0,12587.0,11404.0,12027.0,10654.0,12561.0,13039.0,12617.0,12426.0,11511.0,12460.0,12208.0,
MEX.21.57_2,21231625.0,MEX,Cuautlancingo,0.0,17130.0,17839.0,18528.0,17983.0,18721.0,17151.0,18453.0,19713.0,20735.0,21945.0,21756.0,24711.0,22225.0,20378.0,21046.0,21494.0,22010.0,21229.0,19549.0,20848.0,22001.0,22269.0,22616.0,22208.0,21965.0,19832.0,19844.0,20678.0,20564.0,20041.0,18502.0,19063.0,19064.0,
MEX.21.58_2,21231626.0,MEX,Cuayuca de Andrade,0.00163,8346.0,7923.0,8057.0,8145.0,7547.0,6602.0,6668.0,7952.0,8714.0,8771.0,8662.0,9632.0,10011.0,8314.0,8341.0,8596.0,8636.0,9450.0,9255.0,8382.0,8280.0,8662.0,8756.0,8431.0,8375.0,9442.0,8883.0,10162.0,9935.0,9722.0,8147.0,8680.0,8887.0,
MEX.21.59_2,21231627.0,MEX,Cuetzalan del Progreso,0.00193,7692.0,7712.0,9410.0,10417.0,11169.0,11095.0,10862.0,14192.0,12884.0,14996.0,14083.0,15635.0,15358.0,15722.0,10515.0,10757.0,9309.0,8332.0,9964.0,10390.0,11881.0,12371.0,11930.0,11563.0,10467.0,9707.0,8870.0,10193.0,14001.0,15734.0,14426.0,14826.0,14434.0,
MEX.21.60_2,21231628.0,MEX,Cuyoaco,0.00323,7812.0,8859.0,9158.0,7533.0,7172.0,5930.0,6633.0,8044.0,7572.0,7555.0,9776.0,9376.0,9235.0,7114.0,6456.0,7946.0,7718.0,8027.0,7855.0,6459.0,7231.0,7545.0,9082.0,10128.0,9897.0,9288.0,10609.0,10288.0,10500.0,10345.0,8351.0,8867.0,11537.0,
MEX.21.61_2,21231629.0,MEX,Domingo Arenas,-0.00109,11194.0,10466.0,10889.0,11748.0,11104.0,9522.0,9989.0,11148.0,11421.0,12627.0,12219.0,14023.0,13433.0,11678.0,10371.0,10544.0,11459.0,10480.0,9813.0,9940.0,10629.0,10732.0,11631.0,10436.0,10268.0,9890.0,10117.0,10391.0,11316.0,10977.0,10175.0,10675.0,10356.0,
MEX.21.62_2,21231630.0,MEX,Eloxochitlán,-0.0066,13239.0,13553.0,13613.0,13636.0,13690.0,14736.0,10577.0,11063.0,11223.0,9638.0,10320.0,9119.0,8087.0,9984.0,11703.0,11684.0,9174.0,11810.0,11304.0,13802.0,12517.0,7098.0,7483.0,7523.0,8477.0,8296.0,8009.0,7355.0,9444.0,9489.0,8724.0,10137.0,10381.0,
MEX.21.63_2,21231631.0,MEX,Epatlán,0.00377,6923.0,7324.0,7100.0,6865.0,7712.0,6699.0,6975.0,8112.0,8170.0,8775.0,9422.0,8805.0,8896.0,8343.0,8081.0,8378.0,8308.0,9361.0,8388.0,8183.0,8152.0,8611.0,8816.0,9385.0,8994.0,8742.0,9325.0,9949.0,10069.0,9676.0,8611.0,8456.0,9712.0,
MEX.21.64_2,21231632.0,MEX,Esperanza,0.00487,9047.0,9441.0,9158.0,8049.0,8103.0,7224.0,7662.0,8648.0,8988.0,9461.0,10743.0,11618.0,11429.0,9598.0,9452.0,10649.0,10261.0,12148.0,10579.0,9033.0,10631.0,10665.0,12430.0,12642.0,11818.0,12137.0,11819.0,13811.0,11636.0,11343.0,9890.0,10503.0,10285.0,
MEX.21.65_2,21231633.0,MEX,Francisco Z. Mena,-0.00117,8409.0,8353.0,8885.0,8761.0,9105.0,7858.0,8273.0,9584.0,9880.0,10235.0,9995.0,11092.0,10786.0,9041.0,7541.0,8380.0,7490.0,7714.0,7965.0,7445.0,7715.0,8081.0,8454.0,7721.0,7268.0,8186.0,9004.0,9631.0,9596.0,9411.0,7994.0,8724.0,8699.0,
MEX.21.66_2,21231634.0,MEX,General Felipe Ángeles,0.00108,8806.0,8962.0,9310.0,9585.0,8106.0,8314.0,9267.0,10362.0,11003.0,11706.0,11534.0,13724.0,13297.0,10448.0,10048.0,10403.0,10284.0,10298.0,10452.0,8920.0,10126.0,10753.0,12085.0,10365.0,9597.0,10920.0,10756.0,11318.0,10791.0,10404.0,8930.0,9426.0,10817.0,
MEX.21.67_2,21231635.0,MEX,Guadalupe,0.00054,8684.0,8612.0,8941.0,9248.0,8276.0,7711.0,8513.0,9470.0,10202.0,10510.0,10604.0,11964.0,11681.0,10380.0,9845.0,10309.0,9513.0,10292.0,10033.0,9418.0,9573.0,8774.0,9749.0,8930.0,8785.0,9922.0,10167.0,11127.0,11098.0,9520.0,9539.0,10084.0,10241.0,
MEX.21.68_2,21231636.0,MEX,Guadalupe Victoria,0.00296,6497.0,6733.0,6917.0,7165.0,6813.0,5946.0,6206.0,7653.0,8134.0,8430.0,8318.0,9023.0,8978.0,8712.0,6939.0,7287.0,6984.0,7446.0,7392.0,7005.0,7199.0,7692.0,9192.0,7444.0,7279.0,7806.0,7593.0,9442.0,8603.0,9068.0,8492.0,9046.0,8762.0,
MEX.21.69_2,21231637.0,MEX,Hermenegildo Galeana,0.00387,8082.0,8237.0,8256.0,8417.0,8366.0,7579.0,8124.0,8598.0,9384.0,9357.0,9115.0,10657.0,10682.0,9044.0,9006.0,9566.0,8926.0,9301.0,10934.0,9071.0,9471.0,9967.0,10845.0,9524.0,9757.0,10684.0,10290.0,11049.0,11593.0,11448.0,10252.0,10606.0,10318.0,
MEX.21.70_2,21231638.0,MEX,Honey,0.0066,6398.0,6795.0,7626.0,7494.0,8680.0,7783.0,9329.0,9558.0,10355.0,9529.0,9902.0,8990.0,8571.0,9210.0,9301.0,8769.0,10779.0,10046.0,10388.0,9040.0,9429.0,10554.0,11155.0,10926.0,11013.0,13414.0,12173.0,12169.0,14112.0,11175.0,7465.0,8177.0,8443.0,
MEX.21.71_2,21231639.0,MEX,Huaquechula,0.00231,10163.0,10992.0,11015.0,9562.0,10163.0,8631.0,9074.0,10175.0,10542.0,11052.0,10651.0,12318.0,11746.0,10372.0,10104.0,11103.0,10530.0,10742.0,11022.0,10039.0,10770.0,11114.0,12611.0,11576.0,11273.0,11991.0,13607.0,13489.0,12550.0,12473.0,10422.0,11193.0,11165.0,
MEX.21.72_2,21231640.0,MEX,Huatlatlauca,0.00168,7818.0,7285.0,7449.0,8276.0,7876.0,6703.0,7060.0,8502.0,8762.0,8589.0,8183.0,9549.0,9923.0,9292.0,7533.0,8428.0,7810.0,8207.0,8491.0,7576.0,7870.0,8187.0,8638.0,7762.0,7649.0,8866.0,9187.0,10337.0,9976.0,9845.0,8300.0,8976.0,8813.0,
MEX.21.73_2,21231641.0,MEX,Huauchinango,0.00219,9923.0,9721.0,9949.0,10065.0,10309.0,9270.0,10672.0,10713.0,11291.0,11826.0,12771.0,12614.0,12800.0,11254.0,11216.0,11443.0,11347.0,12053.0,11376.0,11031.0,11579.0,11641.0,13113.0,12958.0,12610.0,11870.0,11224.0,11430.0,11946.0,12573.0,11231.0,11625.0,11977.0,
MEX.21.74_2,21231642.0,MEX,Huehuetla,0.0,9569.0,9170.0,9563.0,10147.0,9761.0,8986.0,9598.0,10906.0,11322.0,11577.0,11077.0,12781.0,12595.0,10260.0,10259.0,9651.0,9090.0,9183.0,10075.0,8962.0,9563.0,10203.0,10771.0,11342.0,11829.0,11307.0,9390.0,9270.0,10657.0,10508.0,10237.0,9672.0,9609.0,
MEX.21.75_2,21231643.0,MEX,Huehuetlán el Chico,0.0,8323.0,7975.0,8298.0,9117.0,9189.0,8226.0,9017.0,9920.0,9905.0,10773.0,10742.0,11615.0,11024.0,9614.0,8611.0,9649.0,8373.0,8452.0,8481.0,8317.0,8761.0,9207.0,10961.0,10089.0,8565.0,8730.0,8685.0,9443.0,8857.0,9143.0,8190.0,9088.0,8784.0,
MEX.21.76_2,21231644.0,MEX,Huehuetlán el Grande,0.00404,6795.0,7533.0,7534.0,6751.0,7509.0,6507.0,6827.0,6886.0,7013.0,7157.0,7795.0,8597.0,8886.0,7334.0,7329.0,7674.0,7846.0,9276.0,8699.0,7130.0,7346.0,7638.0,7903.0,8286.0,8136.0,9438.0,11061.0,10218.0,9701.0,9258.0,8126.0,8546.0,9296.0,
MEX.21.77_2,21231645.0,MEX,Huejotzingo,0.00342,11465.0,12572.0,13014.0,13335.0,12636.0,11205.0,11974.0,12545.0,12883.0,13937.0,14772.0,15040.0,14031.0,12013.0,12118.0,12083.0,12904.0,14290.0,15035.0,13613.0,14470.0,14676.0,13686.0,15354.0,15261.0,15332.0,15094.0,16025.0,15558.0,14823.0,13519.0,14094.0,15378.0,
MEX.21.78_2,21231646.0,MEX,Hueyapan,0.00191,8405.0,9126.0,9578.0,8296.0,9110.0,7994.0,8962.0,9286.0,9603.0,11203.0,10526.0,12045.0,10808.0,11290.0,10093.0,12601.0,10955.0,8839.0,8715.0,8547.0,9511.0,9335.0,10456.0,9047.0,9102.0,8985.0,10980.0,11264.0,11917.0,12789.0,9904.0,10667.0,12697.0,
MEX.21.79_2,21231647.0,MEX,Hueytamalco,0.00664,7817.0,8056.0,8936.0,7307.0,6560.0,6225.0,6525.0,7725.0,7379.0,7513.0,8262.0,9438.0,9035.0,8736.0,7456.0,10498.0,8944.0,9285.0,8991.0,8323.0,8822.0,9190.0,10152.0,11521.0,11111.0,9540.0,10717.0,11282.0,10378.0,10584.0,10201.0,10662.0,12138.0,
MEX.21.80_2,21231648.0,MEX,Hueytlalpan,-0.0022,14753.0,10020.0,10981.0,13219.0,12212.0,8919.0,9902.0,13170.0,12599.0,14027.0,13058.0,12918.0,12562.0,11444.0,9460.0,10608.0,9320.0,8909.0,9413.0,9170.0,9594.0,10003.0,10085.0,9248.0,8349.0,9559.0,10929.0,12118.0,13204.0,13594.0,10045.0,11115.0,11148.0,
MEX.21.81_2,21231649.0,MEX,Huitzilan de Serdán,0.0,8683.0,8572.0,8736.0,9617.0,14798.0,14214.0,12556.0,13011.0,12456.0,11305.0,10842.0,12885.0,12592.0,11024.0,10325.0,10309.0,9183.0,10511.0,9387.0,9077.0,9616.0,10375.0,11149.0,10228.0,9694.0,9268.0,10272.0,10862.0,12168.0,11501.0,10915.0,11457.0,12390.0,
MEX.21.82_2,21231650.0,MEX,Huitziltepec,0.00489,7106.0,7574.0,7641.0,7213.0,8127.0,7629.0,8495.0,7551.0,7648.0,8512.0,9263.0,9527.0,9125.0,8743.0,8146.0,8963.0,8924.0,10336.0,9863.0,8502.0,8756.0,8412.0,10278.0,8856.0,8964.0,10527.0,10440.0,10578.0,9925.0,10940.0,10135.0,10607.0,10908.0,
MEX.21.83_2,21231651.0,MEX,Ixcamilpa de Guerrero,0.00134,8369.0,8070.0,8215.0,8339.0,8050.0,7934.0,8039.0,8510.0,8677.0,9053.0,9095.0,10320.0,10385.0,8677.0,7969.0,7993.0,7962.0,9063.0,8936.0,8864.0,8764.0,9155.0,9305.0,8711.0,8425.0,8931.0,9346.0,9345.0,9378.0,9178.0,7699.0,8389.0,8422.0,
MEX.21.84_2,21231652.0,MEX,Ixcaquixtla,0.00069,8609.0,8153.0,8331.0,9102.0,8131.0,7536.0,8081.0,9157.0,9810.0,9680.0,9290.0,10940.0,11046.0,9224.0,8439.0,9214.0,8249.0,8678.0,8906.0,8158.0,8582.0,8817.0,8438.0,8579.0,8147.0,9660.0,8118.0,10388.0,10459.0,10272.0,9263.0,9521.0,9698.0,
MEX.21.85_2,21231653.0,MEX,Ixtacamaxtitlán,0.00404,7134.0,7463.0,7752.0,8906.0,8243.0,8046.0,6838.0,7213.0,7647.0,7990.0,8306.0,10064.0,10335.0,7376.0,7864.0,8965.0,8333.0,9341.0,9226.0,8238.0,8811.0,8983.0,10244.0,9725.0,9394.0,9466.0,9678.0,10351.0,10064.0,9854.0,8045.0,8532.0,9269.0,
MEX.21.86_2,21231654.0,MEX,Ixtepec,0.0049,7868.0,7924.0,6756.0,7636.0,7079.0,6019.0,9011.0,8409.0,9756.0,9503.0,9372.0,11305.0,10869.0,9479.0,8349.0,10042.0,9631.0,9842.0,7804.0,9700.0,8803.0,10596.0,13036.0,12267.0,10185.0,10654.0,10790.0,12047.0,12187.0,10665.0,11450.0,10955.0,9710.0,
MEX.21.87_2,21231655.0,MEX,Izúcar de Matamoros,-0.00353,6619.0,7893.0,8922.0,9204.0,11476.0,10537.0,10464.0,10862.0,11488.0,12078.0,12342.0,12989.0,11557.0,10079.0,11553.0,9171.0,8978.0,9170.0,7771.0,7594.0,9510.0,10704.0,9824.0,10021.0,8479.0,7861.0,8805.0,8445.0,8907.0,9210.0,8485.0,8976.0,8868.0,
MEX.21.88_2,21231656.0,MEX,Jalpan,0.0051,8334.0,8439.0,9467.0,7832.0,8960.0,6843.0,7267.0,8113.0,8590.0,8144.0,8241.0,9414.0,9113.0,8222.0,7691.0,10047.0,8909.0,9248.0,8731.0,7864.0,8822.0,9068.0,9722.0,11192.0,10836.0,9494.0,11154.0,10939.0,11421.0,11432.0,10088.0,10859.0,12831.0,
MEX.21.89_2,21231657.0,MEX,Jolalpan,0.0032,8538.0,8422.0,8546.0,8776.0,8161.0,7492.0,8275.0,8746.0,9214.0,9447.0,9565.0,10608.0,10665.0,8754.0,8943.0,9352.0,8936.0,9561.0,9008.0,8562.0,8992.0,9226.0,10079.0,9430.0,9549.0,10567.0,11280.0,12176.0,11833.0,11630.0,9888.0,10285.0,10663.0,
MEX.21.90_2,21231658.0,MEX,Jonotla,0.0066,7448.0,7271.0,7435.0,7753.0,7461.0,5655.0,7292.0,8212.0,9593.0,9523.0,9392.0,11736.0,12172.0,8773.0,7305.0,8746.0,9504.0,10404.0,7629.0,7362.0,9995.0,10926.0,16328.0,13779.0,13245.0,10892.0,13460.0,13344.0,10889.0,10800.0,9578.0,10112.0,9816.0,
MEX.21.91_2,21231659.0,MEX,Jopala,-0.0049,12353.0,11525.0,11643.0,16428.0,14950.0,13396.0,14308.0,17417.0,17393.0,18903.0,18696.0,20410.0,18869.0,16123.0,11336.0,11760.0,11763.0,12190.0,12820.0,12403.0,13034.0,13474.0,13186.0,12653.0,11175.0,12758.0,12746.0,13715.0,11805.0,10174.0,9265.0,9928.0,9907.0,
MEX.21.92_2,21231660.0,MEX,Juan C. Bonilla,0.00442,11940.0,9901.0,10291.0,10304.0,10699.0,10106.0,11186.0,12171.0,12537.0,13435.0,13656.0,13977.0,13257.0,12098.0,12279.0,12965.0,13758.0,14332.0,14295.0,13267.0,13543.0,13835.0,14657.0,14506.0,14552.0,15498.0,14052.0,14376.0,15340.0,15041.0,11787.0,12596.0,12889.0,
MEX.21.93_2,21231661.0,MEX,Juan Galindo,0.00293,9524.0,7817.0,8421.0,8506.0,9844.0,8211.0,8748.0,8495.0,9268.0,10316.0,9191.0,11796.0,11005.0,11228.0,10331.0,11315.0,9944.0,10822.0,9931.0,10184.0,10553.0,10401.0,12454.0,11516.0,11289.0,10103.0,11914.0,11353.0,10608.0,10102.0,9082.0,9260.0,9599.0,
MEX.21.94_2,21231662.0,MEX,Juan N. Méndez,0.0,7743.0,7372.0,7307.0,7419.0,6990.0,5869.0,6123.0,7064.0,7804.0,7807.0,7509.0,8744.0,9136.0,7414.0,7259.0,7863.0,7186.0,7603.0,7865.0,7137.0,7297.0,7548.0,7733.0,7031.0,6617.0,8272.0,7661.0,8681.0,8651.0,8341.0,6853.0,7553.0,7389.0,
MEX.21.95_2,21231663.0,MEX,La Magdalena Tlatlauquitepec,0.00371,7553.0,7511.0,7598.0,7690.0,7692.0,6440.0,6648.0,8052.0,8195.0,7774.0,7733.0,8328.0,8632.0,8446.0,8128.0,8470.0,8693.0,9092.0,8839.0,8432.0,8637.0,8958.0,9280.0,8954.0,8683.0,8989.0,10962.0,10316.0,10364.0,9646.0,7496.0,8196.0,8382.0,
MEX.21.96_2,21231664.0,MEX,Lafragua,0.0,8799.0,8348.0,8553.0,9090.0,8692.0,7325.0,7902.0,9028.0,9739.0,9990.0,9719.0,11179.0,11322.0,9362.0,8388.0,9136.0,7766.0,8234.0,8393.0,7731.0,8128.0,8443.0,9253.0,8133.0,7756.0,9101.0,8694.0,9401.0,9753.0,9475.0,8663.0,8639.0,8537.0,
MEX.21.97_2,21231665.0,MEX,Libres,0.00476,6798.0,7565.0,7350.0,7122.0,7286.0,6698.0,6324.0,6080.0,6260.0,5864.0,7550.0,8559.0,8576.0,7479.0,8263.0,7763.0,7611.0,9099.0,7464.0,6770.0,7200.0,7825.0,8480.0,9460.0,9001.0,7403.0,8283.0,9810.0,10067.0,9568.0,9220.0,9536.0,11542.0,
MEX.21.98_2,21231666.0,MEX,Los Reyes de Juárez,0.0,11425.0,11107.0,11746.0,11304.0,11395.0,10679.0,12279.0,12910.0,13075.0,13838.0,13546.0,16558.0,15788.0,14208.0,13250.0,13741.0,13635.0,12973.0,12544.0,12396.0,13024.0,14229.0,14175.0,14156.0,13108.0,13014.0,11963.0,12341.0,11365.0,11688.0,9824.0,10405.0,10100.0,
MEX.21.99_2,21231667.0,MEX,Mazapiltepec de Juárez,0.00475,7268.0,8557.0,8610.0,7823.0,10004.0,8300.0,8271.0,7665.0,8341.0,8665.0,9635.0,10485.0,10462.0,9049.0,8435.0,9338.0,9363.0,10861.0,9840.0,8337.0,8767.0,9125.0,9994.0,10137.0,10021.0,10648.0,12802.0,12552.0,13190.0,11329.0,9575.0,9781.0,10148.0,
MEX.21.100_2,21231668.0,MEX,Mixtla,0.0,10538.0,9236.0,9421.0,10621.0,11659.0,11105.0,12133.0,12205.0,12942.0,14874.0,15050.0,17075.0,16256.0,13336.0,12623.0,14270.0,11964.0,13608.0,11764.0,11723.0,13079.0,13344.0,13841.0,13567.0,12933.0,12470.0,13401.0,11989.0,11913.0,11825.0,10484.0,11179.0,12378.0,
MEX.21.101_2,21231669.0,MEX,Molcaxac,0.00284,8667.0,8502.0,8875.0,9680.0,9591.0,8134.0,8413.0,9813.0,10160.0,11325.0,11044.0,12167.0,12096.0,10498.0,9263.0,9511.0,7586.0,9718.0,9789.0,9703.0,10187.0,10226.0,10694.0,10149.0,9607.0,10651.0,10535.0,11944.0,11246.0,11165.0,10107.0,10635.0,10487.0,
MEX.21.102_2,21231670.0,MEX,Naupan,0.00661,6214.0,6521.0,6712.0,6937.0,6503.0,5733.0,6599.0,6992.0,7928.0,8480.0,8468.0,9514.0,9677.0,7512.0,9036.0,8805.0,9193.0,10755.0,8630.0,7721.0,8650.0,8417.0,9136.0,9306.0,8786.0,7777.0,9853.0,9955.0,10800.0,10412.0,8689.0,9291.0,10779.0,
MEX.21.103_2,21231671.0,MEX,Nauzontla,0.00321,7365.0,8238.0,9160.0,7594.0,10058.0,8764.0,9793.0,9260.0,8530.0,10337.0,9884.0,10303.0,10258.0,9114.0,9267.0,10665.0,10156.0,11245.0,10784.0,9553.0,9456.0,10039.0,11277.0,10526.0,10523.0,12013.0,11950.0,11518.0,10970.0,11010.0,9639.0,10326.0,10626.0,
MEX.21.104_2,21231672.0,MEX,Nealtican,0.00366,8225.0,7787.0,6839.0,7768.0,7290.0,6946.0,6673.0,8705.0,8987.0,9076.0,10300.0,10087.0,10170.0,9282.0,8912.0,10710.0,9960.0,11975.0,9508.0,9302.0,10863.0,11115.0,10667.0,9856.0,9658.0,8991.0,9633.0,10493.0,10996.0,10561.0,9809.0,10464.0,9933.0,
MEX.21.105_2,21231673.0,MEX,Nicolás Bravo,0.00262,7714.0,9029.0,9107.0,7412.0,6925.0,5775.0,6444.0,7683.0,7938.0,7954.0,9667.0,9461.0,9056.0,7083.0,6311.0,7512.0,7444.0,7728.0,7490.0,6039.0,6759.0,7111.0,8230.0,9852.0,9701.0,8654.0,9808.0,9673.0,10202.0,9861.0,8055.0,8745.0,11342.0,
MEX.21.106_2,21231674.0,MEX,Nopalucan,0.0,6840.0,6750.0,7208.0,7700.0,8473.0,8205.0,10215.0,10306.0,10089.0,10940.0,12211.0,10957.0,10771.0,9393.0,11638.0,9452.0,8656.0,8615.0,8857.0,8879.0,9550.0,9571.0,10116.0,8450.0,8502.0,8733.0,9665.0,9170.0,10152.0,9575.0,8214.0,8024.0,7576.0,
MEX.21.107_2,21231675.0,MEX,Ocotepec,0.00349,7787.0,8259.0,8398.0,7685.0,6901.0,5666.0,6441.0,9720.0,10238.0,10893.0,11837.0,12808.0,12706.0,9571.0,7552.0,9092.0,8585.0,9471.0,8868.0,7316.0,8371.0,8701.0,9994.0,9419.0,8750.0,10107.0,12160.0,11412.0,11682.0,11290.0,8468.0,8970.0,11551.0,
MEX.21.108_2,21231676.0,MEX,Ocoyucan,0.00433,11017.0,11315.0,11441.0,10718.0,11388.0,10932.0,11889.0,11563.0,11942.0,12789.0,12522.0,12489.0,12020.0,11752.0,12652.0,12304.0,14674.0,15195.0,15577.0,13033.0,13136.0,13297.0,14349.0,13161.0,14320.0,15848.0,14969.0,16291.0,15267.0,14513.0,12357.0,13096.0,13117.0,
MEX.21.109_2,21231677.0,MEX,Olintla,0.0,11123.0,8882.0,9472.0,10911.0,9763.0,9817.0,8679.0,11128.0,11591.0,11144.0,11423.0,13154.0,12046.0,10421.0,9810.0,10018.0,9342.0,9741.0,10251.0,9727.0,10198.0,10929.0,10937.0,10657.0,9339.0,10095.0,10716.0,10699.0,10920.0,10212.0,9015.0,10079.0,9401.0,
MEX.21.110_2,21231678.0,MEX,Oriental,0.00383,8313.0,8352.0,8288.0,7308.0,8723.0,6789.0,7327.0,8297.0,8739.0,8985.0,9506.0,10247.0,9863.0,8248.0,8664.0,8181.0,9906.0,9818.0,9540.0,8740.0,9518.0,10305.0,11738.0,10562.0,10234.0,10610.0,10443.0,11033.0,10428.0,9907.0,8778.0,9559.0,9084.0,
MEX.21.111_2,21231679.0,MEX,Pahuatlán,0.0,8331.0,8430.0,8477.0,9533.0,9024.0,8251.0,9136.0,9451.0,9739.0,10505.0,9893.0,12130.0,11865.0,9762.0,9838.0,10153.0,9987.0,9954.0,9546.0,9599.0,10091.0,9825.0,9774.0,8969.0,8302.0,9287.0,9489.0,10485.0,9602.0,9908.0,9334.0,9861.0,9820.0,
MEX.21.112_2,21231680.0,MEX,Palmar de Bravo,0.0,11082.0,10064.0,10553.0,11367.0,11198.0,8092.0,8811.0,8695.0,9358.0,9671.0,9517.0,11375.0,11518.0,10152.0,8917.0,9704.0,8189.0,8507.0,9211.0,8907.0,10379.0,10449.0,10710.0,10145.0,9763.0,8379.0,9711.0,9515.0,9802.0,9814.0,9432.0,9552.0,11147.0,
MEX.21.113_2,21231681.0,MEX,Pantepec,0.0046,7514.0,7480.0,7579.0,7427.0,7549.0,6830.0,7259.0,7388.0,7767.0,7877.0,9020.0,8956.0,8843.0,7624.0,7415.0,7864.0,8061.0,9532.0,8329.0,6936.0,7035.0,8049.0,9270.0,9249.0,9903.0,11574.0,10428.0,11213.0,11036.0,11465.0,8796.0,9462.0,10532.0,
MEX.21.114_2,21231682.0,MEX,Petlalcingo,0.00456,7817.0,8024.0,8097.0,8062.0,8208.0,7069.0,6905.0,7212.0,7607.0,7915.0,8942.0,9440.0,8978.0,8062.0,8291.0,8051.0,8601.0,9454.0,8281.0,8139.0,8640.0,8764.0,9373.0,9189.0,9111.0,9584.0,10715.0,11033.0,11559.0,10937.0,8933.0,9659.0,10037.0,
MEX.21.115_2,21231683.0,MEX,Piaxtla,0.00236,8688.0,8527.0,8317.0,8616.0,8054.0,6540.0,7140.0,8202.0,9076.0,9150.0,9153.0,10130.0,10472.0,8492.0,8512.0,8922.0,8880.0,9869.0,9566.0,8530.0,8552.0,8935.0,9204.0,8878.0,8790.0,9971.0,9436.0,11519.0,11382.0,11168.0,9375.0,9946.0,10197.0,
MEX.21.116_2,21231684.0,MEX,Puebla,0.00499,11025.0,12175.0,12370.0,12328.0,12636.0,11835.0,12901.0,13080.0,14107.0,13986.0,14201.0,15528.0,14609.0,13889.0,14231.0,15035.0,15704.0,15832.0,16326.0,14512.0,14844.0,15087.0,15536.0,15379.0,15477.0,17054.0,16816.0,17260.0,17476.0,16876.0,14818.0,15747.0,15896.0,
MEX.21.117_2,21231685.0,MEX,Quecholac,0.0,12195.0,9853.0,9685.0,9646.0,8589.0,7932.0,7480.0,9656.0,10755.0,9494.0,10379.0,12633.0,12670.0,11049.0,9718.0,9942.0,8825.0,10035.0,8476.0,8639.0,9690.0,8998.0,10182.0,9083.0,8379.0,8448.0,11428.0,10252.0,11101.0,11500.0,9638.0,10230.0,9858.0,
MEX.21.118_2,21231686.0,MEX,Quimixtlán,-0.00927,16506.0,14977.0,17251.0,18309.0,19414.0,19779.0,20705.0,21455.0,20081.0,19525.0,19499.0,19494.0,17817.0,14662.0,16654.0,16050.0,13121.0,13907.0,14060.0,13559.0,11667.0,15279.0,13968.0,13374.0,12521.0,13521.0,13607.0,14211.0,12222.0,11949.0,9234.0,9829.0,9679.0,
MEX.21.119_2,21231687.0,MEX,Rafael Lara Grajales,-0.00339,6729.0,9071.0,9632.0,10940.0,8727.0,9700.0,12201.0,15861.0,16601.0,15245.0,12481.0,13351.0,14029.0,15490.0,15758.0,12290.0,9701.0,11132.0,11034.0,11072.0,12920.0,11745.0,12250.0,11492.0,11221.0,13573.0,10712.0,11192.0,10133.0,11324.0,9682.0,10327.0,10748.0,
MEX.21.120_2,21231688.0,MEX,San Andrés Cholula,0.00268,17509.0,17730.0,17562.0,18429.0,18787.0,16957.0,18085.0,19268.0,20421.0,21025.0,20858.0,24101.0,21548.0,20986.0,21648.0,22036.0,22492.0,21255.0,19725.0,21617.0,22743.0,22957.0,23101.0,22919.0,22302.0,21302.0,21757.0,22036.0,22157.0,21706.0,18710.0,19826.0,19860.0,
MEX.21.121_2,21231689.0,MEX,San Antonio Cañada,0.00441,7510.0,7988.0,8051.0,7952.0,8121.0,6886.0,7182.0,7629.0,7981.0,8065.0,8388.0,9671.0,9885.0,8391.0,7716.0,8766.0,8021.0,8976.0,8975.0,7740.0,8872.0,8594.0,9759.0,9228.0,9648.0,10543.0,9497.0,11037.0,11655.0,11475.0,9997.0,10222.0,10360.0,
MEX.21.122_2,21231690.0,MEX,San Diego la Mesa Tochimiltzingo,0.00415,6390.0,7267.0,7386.0,6643.0,7275.0,6440.0,6851.0,6856.0,6895.0,7150.0,7914.0,8119.0,8451.0,7290.0,6911.0,7424.0,7675.0,9095.0,8566.0,6866.0,7079.0,7369.0,7802.0,7965.0,7883.0,9267.0,11001.0,9873.0,9559.0,9083.0,7575.0,8179.0,8924.0,
MEX.21.123_2,21231691.0,MEX,San Felipe Teotlalcingo,0.0,10762.0,9912.0,10015.0,9754.0,9368.0,8479.0,8829.0,8665.0,9450.0,9971.0,9056.0,11218.0,10685.0,10738.0,10841.0,10436.0,9769.0,9602.0,8985.0,9476.0,10212.0,10636.0,10858.0,10490.0,10264.0,8938.0,10461.0,8800.0,8965.0,8974.0,8216.0,8504.0,8829.0,
MEX.21.124_2,21231692.0,MEX,San Felipe Tepatlán,0.0,8618.0,8472.0,8676.0,9301.0,9237.0,7814.0,8403.0,10145.0,9259.0,9714.0,9322.0,10844.0,10794.0,10104.0,8148.0,9450.0,8617.0,8307.0,8355.0,8001.0,8146.0,8578.0,9438.0,8403.0,8493.0,9365.0,8613.0,9814.0,9955.0,9891.0,9038.0,9878.0,9678.0,
MEX.21.125_2,21231693.0,MEX,San Gabriel Chilac,0.00619,8569.0,6679.0,6820.0,7880.0,7867.0,6587.0,7555.0,8582.0,8656.0,9510.0,10922.0,10903.0,10158.0,7773.0,7870.0,8514.0,8427.0,10912.0,9184.0,7954.0,8511.0,8802.0,10239.0,11419.0,12538.0,9047.0,10242.0,10395.0,11123.0,10696.0,10948.0,11032.0,13502.0,
MEX.21.126_2,21231694.0,MEX,San Gregorio Atzompa,0.00526,10335.0,10791.0,10896.0,9844.0,10303.0,9881.0,10875.0,10882.0,11730.0,12611.0,12265.0,12258.0,11763.0,10710.0,11320.0,11286.0,13486.0,13797.0,14791.0,12289.0,11951.0,12250.0,12489.0,12400.0,13588.0,14989.0,14211.0,14814.0,15070.0,14754.0,13340.0,14059.0,14261.0,
MEX.21.127_2,21231695.0,MEX,San Jerónimo Tecuanipan,0.00161,8551.0,9257.0,9667.0,10309.0,9820.0,9536.0,10866.0,10990.0,11942.0,13498.0,13110.0,14176.0,13628.0,11675.0,10703.0,11744.0,11469.0,11914.0,11538.0,11183.0,11950.0,11433.0,12743.0,12435.0,12152.0,11547.0,12299.0,12204.0,12057.0,11414.0,10389.0,11112.0,11618.0,
MEX.21.128_2,21231696.0,MEX,San Jerónimo Xayacatlán,0.0,7733.0,7119.0,7221.0,8006.0,7901.0,6628.0,6784.0,7908.0,8247.0,8304.0,7895.0,8842.0,9226.0,8410.0,6979.0,7542.0,7029.0,7421.0,7760.0,6770.0,7058.0,7413.0,7338.0,6870.0,6432.0,7807.0,7873.0,9016.0,8895.0,8859.0,7835.0,8480.0,8516.0,
MEX.21.129_2,21231697.0,MEX,San José Chiapa,0.00668,7296.0,6927.0,6910.0,6583.0,6851.0,6538.0,6901.0,7753.0,9496.0,9284.0,10964.0,10677.0,10124.0,8062.0,8787.0,8384.0,9464.0,9824.0,9242.0,8066.0,8770.0,9435.0,10891.0,13194.0,13878.0,10240.0,10678.0,11825.0,11262.0,10262.0,9962.0,9447.0,10518.0,
MEX.21.130_2,21231698.0,MEX,San José Miahuatlán,0.00557,6989.0,8409.0,8386.0,7200.0,7169.0,5506.0,5522.0,7639.0,8801.0,8820.0,9343.0,10674.0,10673.0,8565.0,7465.0,9269.0,8859.0,10120.0,9903.0,7991.0,9341.0,10062.0,12090.0,12759.0,12513.0,11418.0,11569.0,10524.0,9569.0,9521.0,8419.0,8636.0,9996.0,
MEX.21.131_2,21231699.0,MEX,San Juan Atenco,0.00468,7124.0,7305.0,7616.0,7683.0,7500.0,6367.0,7255.0,8939.0,8520.0,8657.0,8615.0,9653.0,9822.0,9176.0,8070.0,8567.0,8719.0,9065.0,8786.0,8537.0,8748.0,9042.0,10404.0,9557.0,9473.0,9852.0,12716.0,11475.0,11817.0,11213.0,9094.0,9592.0,9534.0,
MEX.21.132_2,21231700.0,MEX,San Juan Atzompa,0.00199,7429.0,7142.0,7304.0,8132.0,7836.0,6668.0,6988.0,8269.0,8733.0,8854.0,8615.0,9566.0,9792.0,8921.0,7530.0,8024.0,7471.0,7858.0,7946.0,7505.0,7762.0,8068.0,8729.0,7982.0,7832.0,8814.0,8862.0,9586.0,9833.0,9452.0,8143.0,8908.0,8744.0,
MEX.21.133_2,21231701.0,MEX,San Martín Texmelucan,0.0015,11575.0,11787.0,11638.0,11018.0,11877.0,10251.0,11217.0,11338.0,12150.0,12612.0,12455.0,12642.0,12195.0,10799.0,12013.0,11718.0,12665.0,13047.0,14335.0,11944.0,11667.0,11941.0,11344.0,11950.0,13103.0,14472.0,13124.0,14593.0,14196.0,12987.0,12287.0,12483.0,12436.0,
MEX.21.134_2,21231702.0,MEX,San Martín Totoltepec,0.00416,7348.0,7866.0,7100.0,6865.0,7579.0,6699.0,6975.0,7428.0,7508.0,8775.0,9422.0,8805.0,8896.0,8343.0,7257.0,7584.0,7466.0,8549.0,8388.0,8183.0,8152.0,8611.0,8816.0,9385.0,8083.0,8140.0,9325.0,9971.0,10091.0,9628.0,8707.0,8456.0,9712.0,
MEX.21.135_2,21231703.0,MEX,San Matías Tlalancaleca,0.00381,9980.0,8909.0,8757.0,8877.0,9448.0,8514.0,9138.0,9133.0,10830.0,11358.0,11033.0,12203.0,11871.0,9904.0,10069.0,10420.0,10098.0,10601.0,11025.0,10129.0,10566.0,11328.0,11624.0,11925.0,11538.0,12516.0,11832.0,11085.0,9877.0,9114.0,7965.0,8416.0,8644.0,
MEX.21.136_2,21231704.0,MEX,San Miguel Ixitlán,0.00335,6967.0,6857.0,7213.0,7220.0,7152.0,6600.0,6808.0,7150.0,7255.0,7646.0,8292.0,8868.0,8422.0,7777.0,7937.0,8058.0,7862.0,8612.0,8180.0,7983.0,7856.0,8123.0,8114.0,8440.0,7614.0,8661.0,8782.0,8729.0,9364.0,9347.0,8133.0,8893.0,8998.0,
MEX.21.137_2,21231705.0,MEX,San Miguel Xoxtla,0.00118,8450.0,7417.0,7011.0,8078.0,8222.0,7782.0,9194.0,9131.0,8871.0,8900.0,10073.0,9161.0,8969.0,11694.0,13870.0,11171.0,10015.0,9588.0,9385.0,9084.0,9200.0,8778.0,8929.0,8379.0,8884.0,9186.0,9776.0,9525.0,9172.0,10275.0,9419.0,9907.0,10178.0,
MEX.21.138_2,21231706.0,MEX,San Nicolás Buenos Aires,0.00399,7611.0,7605.0,7622.0,7795.0,7761.0,6397.0,6714.0,8139.0,7919.0,8230.0,8137.0,9122.0,9311.0,9183.0,7752.0,8818.0,8660.0,9052.0,9248.0,8264.0,7576.0,9017.0,9673.0,8675.0,8665.0,9564.0,11719.0,10870.0,11038.0,11478.0,9420.0,9966.0,9934.0,
MEX.21.139_2,21231707.0,MEX,San Nicolás de los Ranchos,0.00571,7192.0,8492.0,8255.0,7735.0,9919.0,8571.0,8909.0,8217.0,8402.0,7937.0,8086.0,8480.0,8315.0,7627.0,8235.0,8479.0,9203.0,10340.0,10288.0,8846.0,9345.0,9602.0,10273.0,10116.0,9762.0,11006.0,14860.0,13023.0,12432.0,11302.0,10342.0,10800.0,10772.0,
MEX.21.140_2,21231708.0,MEX,San Pablo Anicano,0.0,7862.0,7181.0,7230.0,7935.0,7604.0,6338.0,6547.0,7216.0,7938.0,7930.0,7635.0,8824.0,9210.0,7797.0,7169.0,7700.0,7186.0,7609.0,7915.0,6920.0,7212.0,7550.0,7394.0,7038.0,6549.0,7926.0,7536.0,8357.0,8282.0,8251.0,7185.0,7790.0,8274.0,
MEX.21.141_2,21231709.0,MEX,San Pedro Cholula,0.00248,13953.0,14225.0,14479.0,13066.0,13785.0,12816.0,13668.0,14050.0,15184.0,16113.0,15913.0,14337.0,13651.0,11965.0,13186.0,14807.0,15933.0,16311.0,16212.0,14712.0,14915.0,15156.0,15728.0,15120.0,15949.0,17239.0,17059.0,17566.0,16323.0,15922.0,13811.0,15018.0,15002.0,
MEX.21.142_2,21231710.0,MEX,San Pedro Yeloixtlahuaca,-0.00173,9988.0,9058.0,9347.0,9833.0,10417.0,9634.0,11239.0,10856.0,11393.0,11774.0,11523.0,12738.0,12270.0,11693.0,10859.0,9713.0,9499.0,9553.0,9325.0,9218.0,9831.0,9990.0,8492.0,7780.0,7587.0,8131.0,9064.0,9964.0,10393.0,10220.0,10253.0,10964.0,10837.0,
MEX.21.143_2,21231711.0,MEX,San Salvador el Seco,0.00891,11611.0,10785.0,9169.0,9425.0,8920.0,7721.0,8124.0,10335.0,11251.0,11214.0,11090.0,12062.0,11185.0,10371.0,13361.0,13698.0,14922.0,14590.0,11443.0,15162.0,15896.0,15460.0,17627.0,16314.0,16142.0,12222.0,10436.0,9667.0,11005.0,11928.0,13369.0,11434.0,13273.0,
MEX.21.144_2,21231712.0,MEX,San Salvador el Verde,0.00041,14032.0,14007.0,14325.0,13486.0,14193.0,13184.0,14341.0,14796.0,13291.0,14262.0,14279.0,14764.0,14156.0,12559.0,12895.0,12920.0,13764.0,14338.0,13934.0,12954.0,13231.0,13521.0,14279.0,15622.0,15415.0,16463.0,15152.0,16546.0,15974.0,15738.0,12597.0,13313.0,13502.0,
MEX.21.145_2,21231713.0,MEX,San Salvador Huixcolotla,0.0,11086.0,10581.0,10080.0,10166.0,10193.0,9659.0,10144.0,11188.0,11463.0,11945.0,11776.0,13706.0,12869.0,12387.0,11761.0,12383.0,12190.0,13320.0,11206.0,11563.0,12214.0,12467.0,13249.0,12819.0,11685.0,10815.0,10289.0,12020.0,12010.0,11610.0,9936.0,10640.0,10212.0,
MEX.21.146_2,21231714.0,MEX,San Sebastián Tlacotepec,0.00371,8098.0,7599.0,7968.0,8481.0,7453.0,6539.0,7426.0,8620.0,9160.0,9497.0,9365.0,10400.0,10175.0,9496.0,7734.0,9755.0,8846.0,9441.0,9910.0,9164.0,9235.0,9575.0,10042.0,9432.0,9277.0,10152.0,10558.0,11977.0,12294.0,12033.0,9879.0,10469.0,10597.0,
MEX.21.147_2,21231715.0,MEX,Santa Catarina Tlaltempan,0.0011,7744.0,7497.0,7598.0,8024.0,7608.0,6286.0,6685.0,7646.0,8420.0,8470.0,8284.0,9554.0,9889.0,8085.0,7951.0,8472.0,8139.0,8683.0,8852.0,7835.0,8005.0,7991.0,8215.0,7645.0,7406.0,8886.0,8238.0,9167.0,9093.0,8928.0,7249.0,7950.0,7793.0,
MEX.21.148_2,21231716.0,MEX,Santa Inés Ahuatempan,0.00301,9011.0,8790.0,8968.0,9471.0,8822.0,7204.0,8564.0,9743.0,10154.0,10945.0,10899.0,12124.0,12183.0,10281.0,10003.0,10466.0,9854.0,10849.0,10600.0,9767.0,10073.0,10256.0,10972.0,10357.0,10184.0,11073.0,9649.0,12834.0,11489.0,11310.0,11190.0,11602.0,11831.0,
MEX.21.149_2,21231717.0,MEX,Santa Isabel Cholula,0.0025,10002.0,9295.0,8473.0,8299.0,9561.0,7486.0,8286.0,9527.0,11586.0,11973.0,11041.0,12391.0,11707.0,10793.0,10693.0,11562.0,11506.0,11122.0,12486.0,10543.0,10146.0,10192.0,11976.0,11903.0,11514.0,13265.0,14214.0,14083.0,10942.0,11157.0,9055.0,9552.0,9763.0,
MEX.21.150_2,21231718.0,MEX,Santiago Miahuatlán,0.00245,14129.0,13785.0,14945.0,13755.0,14024.0,11875.0,7927.0,9942.0,11296.0,9711.0,9057.0,10781.0,10596.0,11568.0,10070.0,10039.0,11688.0,12351.0,12354.0,10545.0,11070.0,11659.0,13723.0,12050.0,11802.0,12140.0,14642.0,13469.0,12542.0,12950.0,10488.0,11975.0,12249.0,
MEX.21.151_2,21231719.0,MEX,Santo Tomás Hueyotlipan,0.00184,12238.0,8385.0,6332.0,7807.0,9774.0,10054.0,9073.0,7881.0,9466.0,10186.0,10181.0,11443.0,11065.0,10942.0,8232.0,9816.0,9003.0,9713.0,8689.0,8290.0,9547.0,11209.0,11409.0,9550.0,10233.0,8849.0,10024.0,10921.0,11404.0,11229.0,9775.0,10117.0,10392.0,
MEX.21.152_2,21231720.0,MEX,Soltepec,0.00389,8351.0,8870.0,8949.0,8382.0,9308.0,8164.0,8664.0,8525.0,8874.0,7719.0,8498.0,9123.0,9339.0,9231.0,8832.0,9639.0,9369.0,10993.0,10702.0,8374.0,8986.0,9376.0,10133.0,10157.0,10011.0,11451.0,10176.0,10731.0,11061.0,11248.0,9886.0,10661.0,10980.0,
MEX.21.153_2,21231721.0,MEX,Tecali de Herrera,0.00263,8926.0,9616.0,9693.0,8112.0,7945.0,7221.0,7467.0,8701.0,8942.0,9273.0,10385.0,10130.0,9654.0,9042.0,8020.0,9510.0,8541.0,10344.0,8104.0,7542.0,8434.0,9078.0,9629.0,9534.0,9044.0,8243.0,10434.0,10236.0,10885.0,10445.0,9333.0,10190.0,11654.0,
MEX.21.154_2,21231722.0,MEX,Tecamachalco,-0.0051,11891.0,11360.0,13975.0,14605.0,13713.0,12389.0,12618.0,14233.0,15215.0,15393.0,15448.0,16806.0,16015.0,13722.0,11237.0,12091.0,10778.0,10108.0,9616.0,9946.0,11121.0,11350.0,11929.0,11557.0,10433.0,9778.0,11385.0,11639.0,11977.0,10745.0,9649.0,10144.0,9315.0,
MEX.21.155_2,21231723.0,MEX,Tecomatlán,0.00248,8787.0,8521.0,8317.0,8616.0,8054.0,6711.0,7332.0,8412.0,9002.0,9150.0,9153.0,10130.0,10472.0,8492.0,8512.0,8922.0,8796.0,9471.0,9783.0,8527.0,8552.0,8935.0,9120.0,8878.0,8790.0,9973.0,10259.0,11519.0,11382.0,11168.0,9375.0,9946.0,10197.0,
MEX.21.156_2,21231724.0,MEX,Tehuacán,0.00528,12732.0,12713.0,12610.0,12545.0,13490.0,11628.0,12562.0,13333.0,13254.0,13556.0,13388.0,14944.0,14236.0,12916.0,13254.0,12963.0,14672.0,15019.0,16195.0,14944.0,15371.0,15599.0,16252.0,15294.0,16078.0,16896.0,17577.0,17225.0,17358.0,18412.0,16383.0,17111.0,17595.0,
MEX.21.157_2,21231725.0,MEX,Tehuitzingo,0.00106,8074.0,7728.0,7868.0,8028.0,7611.0,6375.0,6738.0,7701.0,8350.0,8397.0,8182.0,9405.0,9745.0,7957.0,7761.0,8250.0,8032.0,8572.0,8743.0,7732.0,7807.0,8175.0,8261.0,7868.0,7576.0,8994.0,8485.0,9764.0,9714.0,9182.0,7737.0,8317.0,8198.0,
MEX.21.158_2,21231726.0,MEX,Tenampulco,0.00499,7167.0,7179.0,7185.0,6740.0,7200.0,6472.0,6443.0,7117.0,7085.0,8027.0,8905.0,9006.0,8149.0,7091.0,7034.0,7080.0,7229.0,8328.0,7303.0,7028.0,7505.0,8454.0,8919.0,8823.0,8559.0,9152.0,10110.0,10896.0,10982.0,10989.0,9294.0,9641.0,10118.0,
MEX.21.159_2,21231727.0,MEX,Teopantlán,0.00501,7086.0,7536.0,7628.0,6599.0,7346.0,6944.0,7274.0,7717.0,7860.0,8194.0,8484.0,8704.0,8946.0,7809.0,7623.0,8088.0,8281.0,9073.0,8775.0,8079.0,8220.0,8784.0,9609.0,9269.0,9055.0,9640.0,10822.0,11154.0,10118.0,9862.0,8839.0,9412.0,9943.0,
MEX.21.160_2,21231728.0,MEX,Teotlalco,0.00622,7301.0,7231.0,7381.0,7796.0,8699.0,7416.0,7166.0,8930.0,9520.0,9842.0,10080.0,13479.0,12968.0,10430.0,9342.0,9475.0,10294.0,10686.0,9392.0,10651.0,11807.0,13415.0,16076.0,16261.0,12961.0,9170.0,9005.0,8295.0,9268.0,9763.0,10317.0,10663.0,10725.0,
MEX.21.161_2,21231729.0,MEX,Tepanco de López,0.00769,8594.0,8261.0,7570.0,7475.0,7186.0,6379.0,6928.0,8333.0,8513.0,9176.0,10492.0,10826.0,10258.0,9097.0,8805.0,11133.0,9365.0,11617.0,9209.0,8590.0,9795.0,9986.0,11060.0,12720.0,12540.0,11294.0,12120.0,12227.0,12564.0,12896.0,10568.0,11044.0,13019.0,
MEX.21.162_2,21231730.0,MEX,Tepango de Rodríguez,0.00158,8570.0,8429.0,8520.0,9172.0,9221.0,8344.0,8411.0,10374.0,9762.0,10084.0,9369.0,11202.0,11250.0,10721.0,8633.0,9297.0,8143.0,8351.0,9029.0,8374.0,8950.0,8925.0,9857.0,8725.0,7927.0,8889.0,10649.0,10643.0,10652.0,10781.0,10391.0,11048.0,10798.0,
MEX.21.163_2,21231731.0,MEX,Tepatlaxco de Hidalgo,0.00402,10882.0,10201.0,10327.0,10890.0,10471.0,9315.0,9566.0,10814.0,11800.0,11799.0,11913.0,14020.0,13372.0,10530.0,9877.0,10378.0,10424.0,10862.0,11279.0,11098.0,12485.0,12632.0,13365.0,12969.0,12672.0,11924.0,13507.0,14461.0,13148.0,13468.0,12006.0,12090.0,12222.0,
MEX.21.164_2,21231732.0,MEX,Tepeaca,0.00112,11494.0,9832.0,9509.0,10152.0,9565.0,8500.0,9070.0,10534.0,10683.0,11184.0,11603.0,12490.0,11899.0,10900.0,9880.0,10442.0,10532.0,10260.0,10096.0,9307.0,10016.0,10089.0,11788.0,10834.0,10720.0,10274.0,10419.0,11080.0,11704.0,11410.0,9959.0,10467.0,11845.0,
MEX.21.165_2,21231733.0,MEX,Tepemaxalco,0.00501,6293.0,7688.0,8052.0,6847.0,6943.0,5286.0,6070.0,7577.0,8088.0,8974.0,11191.0,10938.0,10293.0,7860.0,7296.0,8706.0,8677.0,9007.0,8448.0,6845.0,7783.0,8112.0,9597.0,10577.0,9342.0,8792.0,9644.0,10474.0,10270.0,10103.0,8956.0,9640.0,12302.0,
MEX.21.166_2,21231734.0,MEX,Tepeojuma,0.00863,7493.0,7032.0,7033.0,6741.0,6788.0,5848.0,6193.0,7168.0,7413.0,8014.0,10094.0,9705.0,9466.0,8391.0,8229.0,9677.0,9071.0,9417.0,8929.0,7465.0,8648.0,8779.0,9854.0,11832.0,11445.0,10121.0,11784.0,11699.0,13383.0,13059.0,10587.0,11329.0,14394.0,
MEX.21.167_2,21231735.0,MEX,Tepetzintla,0.00537,7680.0,7858.0,7855.0,7466.0,7461.0,6669.0,6623.0,7839.0,8172.0,8210.0,8085.0,8853.0,9012.0,9356.0,7742.0,8898.0,9069.0,9201.0,8620.0,8596.0,8774.0,8960.0,9824.0,9602.0,9763.0,10212.0,11285.0,11201.0,10438.0,10899.0,10031.0,10539.0,10607.0,
MEX.21.168_2,21231736.0,MEX,Tepexco,0.00774,7094.0,7259.0,7423.0,7267.0,7277.0,6145.0,6980.0,9344.0,10024.0,10513.0,12512.0,12589.0,11818.0,8918.0,8845.0,8972.0,9424.0,10239.0,10019.0,8712.0,9711.0,9443.0,10537.0,11664.0,11534.0,10580.0,12455.0,12806.0,13049.0,12806.0,9201.0,9882.0,12143.0,
MEX.21.169_2,21231737.0,MEX,Tepexi de Rodríguez,0.00302,8614.0,8297.0,8479.0,8818.0,8414.0,7090.0,7744.0,9009.0,9731.0,10045.0,10085.0,11262.0,11356.0,9931.0,8288.0,9643.0,9132.0,10162.0,9861.0,9114.0,9092.0,9582.0,10581.0,9708.0,9765.0,10821.0,10475.0,11677.0,11271.0,11205.0,9280.0,9626.0,9799.0,
MEX.21.170_2,21231738.0,MEX,Tepeyahualco,0.00641,6767.0,7208.0,7224.0,6518.0,7278.0,6579.0,6781.0,7033.0,6871.0,7162.0,8103.0,8603.0,8214.0,7435.0,7238.0,7759.0,8662.0,9846.0,9314.0,7349.0,7523.0,7713.0,8848.0,8603.0,9544.0,10380.0,10955.0,10487.0,10964.0,10985.0,8814.0,9387.0,10116.0,
MEX.21.171_2,21231739.0,MEX,Tepeyahualco de Cuauhtémoc,0.00605,7268.0,8193.0,8242.0,7748.0,8458.0,7780.0,7707.0,7202.0,7551.0,7932.0,8849.0,9407.0,9600.0,7897.0,7239.0,8206.0,8229.0,11042.0,10189.0,8755.0,9094.0,10703.0,10804.0,10201.0,10144.0,11666.0,12268.0,11991.0,11181.0,11251.0,9730.0,9846.0,10152.0,
MEX.21.172_2,21231740.0,MEX,Tetela de Ocampo,0.00163,8296.0,8133.0,8292.0,9009.0,9030.0,8234.0,8792.0,9447.0,10659.0,11243.0,10862.0,12116.0,12031.0,11856.0,10059.0,10834.0,9676.0,9964.0,9933.0,9745.0,10440.0,10282.0,11061.0,10043.0,9432.0,10297.0,10397.0,10499.0,10784.0,10638.0,9327.0,9729.0,9618.0,
MEX.21.173_2,21231741.0,MEX,Teteles de Avila Castillo,0.00182,10893.0,8980.0,9370.0,10108.0,10369.0,10760.0,9866.0,10581.0,11396.0,11436.0,11652.0,12763.0,12193.0,10779.0,11057.0,11319.0,10721.0,10604.0,9862.0,10313.0,11006.0,11345.0,12645.0,12228.0,11361.0,9962.0,11956.0,11667.0,12544.0,12356.0,11042.0,11602.0,11915.0,
MEX.21.174_2,21231742.0,MEX,Teziutlán,0.00198,12510.0,12262.0,12720.0,12308.0,13013.0,11499.0,12872.0,13499.0,14023.0,14509.0,14913.0,16614.0,15822.0,14030.0,14320.0,14397.0,14611.0,16178.0,15131.0,13907.0,14389.0,14609.0,14490.0,15599.0,15693.0,16142.0,13786.0,13922.0,12594.0,14746.0,12281.0,13014.0,13505.0,
MEX.21.175_2,21231743.0,MEX,Tianguismanalco,0.00518,7943.0,7463.0,7284.0,7285.0,8446.0,6393.0,7142.0,7874.0,8053.0,7875.0,8056.0,9166.0,8820.0,8429.0,8166.0,9027.0,7364.0,8868.0,8773.0,8070.0,8094.0,8898.0,11225.0,9376.0,9440.0,10049.0,11653.0,10754.0,10562.0,10679.0,9529.0,9687.0,10829.0,
MEX.21.176_2,21231744.0,MEX,Tilapa,0.0,10104.0,8826.0,9236.0,10846.0,9375.0,8880.0,8781.0,10289.0,10941.0,11231.0,11063.0,12863.0,12706.0,11467.0,10479.0,8291.0,7840.0,8030.0,8929.0,8289.0,8672.0,9555.0,10610.0,8660.0,7482.0,10014.0,12020.0,11019.0,11071.0,10916.0,9323.0,9788.0,10975.0,
MEX.21.177_2,21231745.0,MEX,Tlachichuca,0.00066,8846.0,8244.0,8290.0,8911.0,8705.0,7646.0,8071.0,9029.0,9195.0,9527.0,9145.0,10843.0,10872.0,9884.0,7962.0,9276.0,7708.0,8100.0,8362.0,7708.0,7980.0,8319.0,9135.0,8114.0,7646.0,8790.0,9498.0,10664.0,10765.0,10645.0,8887.0,9456.0,9261.0,
MEX.21.178_2,21231746.0,MEX,Tlacotepec de Benito Juárez,0.00268,8914.0,9028.0,9118.0,8585.0,9051.0,8961.0,9634.0,9481.0,9154.0,9887.0,9870.0,11293.0,11109.0,9973.0,9650.0,10178.0,10910.0,11105.0,10333.0,9690.0,10250.0,11528.0,9741.0,10769.0,8757.0,9719.0,10909.0,10569.0,10878.0,11246.0,9183.0,9911.0,10149.0,
MEX.21.179_2,21231747.0,MEX,Tlacuilotepec,0.00267,8068.0,9680.0,9705.0,9063.0,9101.0,8148.0,8067.0,8402.0,9000.0,9464.0,10123.0,10549.0,9903.0,9200.0,8661.0,9746.0,9926.0,11312.0,9511.0,8567.0,9549.0,9429.0,10688.0,11458.0,11440.0,10156.0,10748.0,10216.0,10586.0,10341.0,8986.0,9662.0,11092.0,
MEX.21.180_2,21231748.0,MEX,Tlahuapan,0.00776,8091.0,7303.0,7267.0,7175.0,7140.0,6796.0,7787.0,8169.0,9139.0,9795.0,11017.0,11239.0,10761.0,10088.0,9042.0,10951.0,10585.0,11990.0,10147.0,8889.0,10097.0,9895.0,10475.0,12399.0,11873.0,10705.0,13452.0,14040.0,13736.0,13334.0,10611.0,11393.0,13827.0,
MEX.21.181_2,21231749.0,MEX,Tlaltenango,0.00516,10204.0,10244.0,10170.0,9683.0,9981.0,9748.0,10590.0,10826.0,11438.0,12346.0,12495.0,13678.0,12969.0,12286.0,12872.0,12917.0,13403.0,13963.0,14044.0,13057.0,13428.0,13720.0,14487.0,14165.0,14079.0,15047.0,13937.0,14001.0,14961.0,14698.0,11568.0,12596.0,12889.0,
MEX.21.182_2,21231750.0,MEX,Tlanepantla,0.00184,12238.0,8385.0,6332.0,7807.0,9774.0,10054.0,9073.0,7881.0,9466.0,10186.0,10181.0,11443.0,11065.0,10942.0,8232.0,9816.0,9003.0,9713.0,8689.0,8290.0,9547.0,11209.0,11409.0,9550.0,10233.0,8849.0,10024.0,10921.0,11404.0,11229.0,9775.0,10117.0,10392.0,
MEX.21.183_2,21231751.0,MEX,Tlaola,0.00657,8491.0,6659.0,7959.0,8692.0,8714.0,7632.0,6812.0,8582.0,8656.0,9533.0,11121.0,10791.0,10853.0,8263.0,8413.0,9045.0,8824.0,9548.0,9343.0,8887.0,10479.0,9896.0,10771.0,11124.0,11371.0,9899.0,10157.0,10963.0,11034.0,12519.0,12201.0,12437.0,15030.0,
MEX.21.184_2,21231752.0,MEX,Tlapacoya,0.00649,6647.0,6894.0,6745.0,6241.0,6583.0,5696.0,5977.0,7627.0,7627.0,7480.0,7829.0,8264.0,8469.0,8018.0,7752.0,7948.0,8811.0,9161.0,8154.0,8635.0,8168.0,9077.0,10063.0,9443.0,9293.0,9197.0,11682.0,11225.0,11361.0,9848.0,8081.0,8608.0,9512.0,
MEX.21.185_2,21231753.0,MEX,Tlapanalá,0.00353,9185.0,9145.0,9125.0,9494.0,9264.0,7242.0,7913.0,9989.0,10758.0,11711.0,12265.0,13777.0,13404.0,10505.0,8803.0,10618.0,9483.0,10491.0,10014.0,8321.0,9471.0,9912.0,11562.0,10888.0,9914.0,11339.0,12651.0,11765.0,12134.0,11826.0,9152.0,9898.0,12514.0,
MEX.21.186_2,21231754.0,MEX,Tlatlauquitepec,0.00323,7621.0,8077.0,7330.0,7380.0,8057.0,8068.0,9963.0,10618.0,11730.0,13084.0,12950.0,12854.0,12382.0,8905.0,9026.0,9840.0,8983.0,8323.0,8620.0,8452.0,9359.0,9593.0,10761.0,9307.0,9060.0,8749.0,10752.0,11162.0,11489.0,11185.0,9988.0,10598.0,12442.0,
MEX.21.187_2,21231755.0,MEX,Tlaxco,0.00338,7101.0,7219.0,7830.0,7691.0,7570.0,6964.0,6910.0,7307.0,8012.0,7349.0,8410.0,9107.0,8406.0,7129.0,7366.0,7301.0,7774.0,8193.0,7107.0,6177.0,6619.0,6772.0,8222.0,8305.0,8084.0,9545.0,10721.0,11294.0,10806.0,10329.0,8637.0,9588.0,10828.0,
MEX.21.188_2,21231756.0,MEX,Tochimilco,0.00173,8549.0,8112.0,8102.0,8738.0,9380.0,9929.0,8815.0,8975.0,8673.0,9242.0,9481.0,10939.0,11014.0,8652.0,8836.0,8793.0,8394.0,9756.0,8549.0,7567.0,8449.0,8761.0,9953.0,9484.0,9501.0,9139.0,9265.0,9572.0,10047.0,9849.0,9923.0,10306.0,10623.0,
MEX.21.189_2,21231757.0,MEX,Tochtepec,0.00316,7787.0,6472.0,6186.0,6848.0,7373.0,8007.0,10906.0,11378.0,10838.0,12139.0,11963.0,12979.0,12374.0,10792.0,11827.0,9326.0,8059.0,8035.0,8036.0,7964.0,9118.0,10308.0,10488.0,9856.0,9484.0,8864.0,11214.0,10401.0,10946.0,10763.0,9648.0,10623.0,10546.0,
MEX.21.190_2,21231758.0,MEX,Totoltepec de Guerrero,0.00047,7692.0,7220.0,7353.0,7455.0,7018.0,5814.0,6152.0,7094.0,7889.0,7897.0,7803.0,8696.0,9090.0,7504.0,7234.0,7710.0,7504.0,8260.0,8292.0,7306.0,7340.0,7430.0,7404.0,7264.0,7050.0,8056.0,7242.0,8792.0,8772.0,8590.0,7225.0,7926.0,7769.0,
MEX.21.191_2,21231759.0,MEX,Tulcingo,0.00103,8073.0,7741.0,7882.0,7948.0,7931.0,7037.0,7918.0,8103.0,8113.0,8225.0,8040.0,9491.0,9558.0,7741.0,8208.0,8239.0,7811.0,7793.0,7655.0,7654.0,8196.0,8439.0,8304.0,7739.0,7429.0,8300.0,9562.0,9643.0,9390.0,9633.0,8074.0,8673.0,8547.0,
MEX.21.192_2,21231760.0,MEX,Tuzamapan de Galeana,0.00194,8100.0,7759.0,8169.0,8739.0,10206.0,8798.0,9187.0,10307.0,11023.0,11191.0,10897.0,12568.0,12364.0,10535.0,10048.0,10364.0,7994.0,8199.0,9346.0,8773.0,9621.0,10305.0,10898.0,9415.0,8665.0,8812.0,8724.0,9743.0,10309.0,13526.0,11841.0,12973.0,13533.0,
MEX.21.193_2,21231761.0,MEX,Tzicatlacoyan,0.0058,7211.0,8096.0,7382.0,6593.0,7308.0,6375.0,6687.0,6740.0,7032.0,7184.0,7823.0,8572.0,8917.0,7385.0,7189.0,7727.0,7662.0,9150.0,8971.0,7294.0,7532.0,7836.0,8796.0,8577.0,8727.0,10320.0,11721.0,10858.0,10736.0,9890.0,8588.0,8716.0,10030.0,
MEX.21.194_2,21231762.0,MEX,Venustiano Carranza,0.00461,8099.0,7818.0,7344.0,8035.0,7770.0,5668.0,7223.0,8912.0,9552.0,11589.0,14013.0,14307.0,11026.0,9616.0,10707.0,8041.0,10057.0,10439.0,9187.0,7172.0,8461.0,8851.0,9852.0,10732.0,10189.0,9868.0,11486.0,12451.0,12799.0,12029.0,9034.0,9818.0,11527.0,
MEX.21.195_2,21231763.0,MEX,Vicente Guerrero,0.00865,6868.0,7303.0,7129.0,6624.0,7133.0,6490.0,6813.0,7234.0,7081.0,7551.0,8066.0,8300.0,8457.0,7810.0,7507.0,7823.0,8146.0,9757.0,9396.0,9380.0,9309.0,10221.0,11633.0,10689.0,10613.0,10628.0,11827.0,11375.0,11973.0,10793.0,9468.0,9965.0,9999.0,
MEX.21.196_2,21231764.0,MEX,Xayacatlán de Bravo,0.00157,7855.0,7240.0,7423.0,8257.0,8128.0,6815.0,7179.0,8452.0,8626.0,8711.0,8368.0,9586.0,9794.0,9211.0,7712.0,8364.0,7745.0,8140.0,8426.0,7597.0,7892.0,8209.0,8114.0,7684.0,7233.0,8581.0,8587.0,9621.0,9330.0,9209.0,8617.0,9354.0,9198.0,
MEX.21.197_2,21231765.0,MEX,Xicotepec,0.00506,7544.0,6545.0,6553.0,7710.0,7294.0,7426.0,7941.0,7775.0,8565.0,9219.0,8379.0,10185.0,9594.0,8471.0,7662.0,8847.0,9183.0,9260.0,8924.0,8737.0,9514.0,9216.0,10347.0,9656.0,9002.0,9304.0,9643.0,11297.0,12052.0,11831.0,10717.0,10330.0,10419.0,
MEX.21.198_2,21231766.0,MEX,Xicotlán,0.00145,8323.0,7965.0,8094.0,8381.0,8265.0,7744.0,8066.0,8249.0,8652.0,8783.0,8745.0,10113.0,10204.0,8422.0,8448.0,8721.0,8425.0,8751.0,8402.0,8105.0,8758.0,8596.0,8882.0,8540.0,8382.0,9569.0,10093.0,10398.0,10779.0,9828.0,8381.0,9022.0,9104.0,
MEX.21.199_2,21231767.0,MEX,Xiutetelco,-0.00672,20878.0,21942.0,22634.0,22467.0,23438.0,19492.0,20413.0,21436.0,22406.0,23744.0,23925.0,27241.0,26117.0,22442.0,14238.0,14083.0,13295.0,15147.0,13510.0,12753.0,13298.0,13484.0,14679.0,15354.0,16142.0,14605.0,14678.0,16159.0,15653.0,15404.0,13719.0,14429.0,15733.0,
MEX.21.200_2,21231768.0,MEX,Xochiapulco,-0.00683,12129.0,14202.0,13231.0,14623.0,13188.0,12064.0,12546.0,15323.0,16156.0,16831.0,16340.0,17876.0,17972.0,14842.0,11632.0,12588.0,11681.0,10687.0,10512.0,10770.0,13708.0,12795.0,12796.0,12224.0,11323.0,10986.0,10574.0,10199.0,10069.0,10118.0,8992.0,9624.0,9681.0,
MEX.21.201_2,21231769.0,MEX,Xochiltepec,0.00547,8181.0,8030.0,8015.0,8280.0,8249.0,6816.0,7756.0,8768.0,8632.0,9201.0,9158.0,10221.0,10370.0,9203.0,8577.0,8718.0,8792.0,9207.0,9043.0,9855.0,8931.0,10398.0,11882.0,11228.0,11037.0,11254.0,13571.0,12834.0,13124.0,12485.0,9790.0,10085.0,10379.0,
MEX.21.202_2,21231770.0,MEX,Xochitlán de Vicente Suárez,0.0,7012.0,8311.0,9185.0,8071.0,9045.0,8713.0,10214.0,9492.0,8251.0,9026.0,8089.0,9779.0,9585.0,7528.0,8041.0,8205.0,6857.0,7103.0,7484.0,5960.0,7257.0,8359.0,9403.0,7835.0,8103.0,9214.0,9179.0,9775.0,10698.0,10756.0,10887.0,11098.0,12074.0,
MEX.21.203_2,21231771.0,MEX,Xochitlán Todos Santos,0.00211,7127.0,7184.0,6789.0,6950.0,6692.0,6527.0,6615.0,7883.0,8050.0,8431.0,8125.0,9093.0,9065.0,8665.0,7674.0,8056.0,7433.0,7579.0,7613.0,7559.0,7836.0,8263.0,8659.0,7927.0,7420.0,8046.0,8492.0,9707.0,9207.0,8370.0,7547.0,7975.0,8129.0,
MEX.21.204_2,21231772.0,MEX,Yaonáhuac,0.00229,9395.0,9774.0,8623.0,9773.0,10065.0,8740.0,9049.0,9326.0,10102.0,10633.0,9721.0,12167.0,11310.0,10304.0,9783.0,11045.0,9853.0,10439.0,10804.0,9879.0,11084.0,11379.0,12937.0,11718.0,10678.0,11363.0,10430.0,10233.0,11463.0,11304.0,9663.0,10018.0,9823.0,
MEX.21.205_2,21231773.0,MEX,Yehualtepec,0.00412,7464.0,7975.0,8018.0,7667.0,7932.0,7270.0,7337.0,7695.0,7739.0,9111.0,9709.0,9724.0,9237.0,8823.0,8501.0,10034.0,9021.0,9264.0,8097.0,8154.0,8559.0,9901.0,10303.0,9664.0,9898.0,10284.0,10012.0,10740.0,10318.0,9688.0,8673.0,9006.0,9366.0,
MEX.21.206_2,21231774.0,MEX,Zacapala,0.00067,7679.0,7233.0,7366.0,7494.0,7058.0,5850.0,6191.0,7134.0,7889.0,7897.0,7803.0,8276.0,8704.0,7329.0,7125.0,7471.0,7321.0,7889.0,7941.0,7129.0,7068.0,7430.0,7404.0,7264.0,7050.0,8056.0,7242.0,8950.0,9285.0,9103.0,7697.0,8327.0,8266.0,
MEX.21.207_2,21231775.0,MEX,Zacapoaxtla,0.00749,6837.0,5745.0,6106.0,6470.0,6644.0,6597.0,9043.0,7926.0,8598.0,9887.0,11095.0,10381.0,9831.0,8109.0,7501.0,10087.0,8526.0,8850.0,8040.0,7379.0,9303.0,9718.0,9125.0,11229.0,11621.0,10853.0,10778.0,10437.0,12154.0,11530.0,9654.0,10187.0,9944.0,
MEX.21.208_2,21231776.0,MEX,Zacatlán,-0.00404,8781.0,9297.0,9435.0,11495.0,10440.0,7404.0,9096.0,12044.0,13685.0,14524.0,17137.0,15401.0,14978.0,13011.0,11258.0,9175.0,11198.0,9044.0,8465.0,7861.0,9177.0,10057.0,10628.0,11293.0,11942.0,8513.0,9225.0,9521.0,10505.0,9202.0,7013.0,7450.0,7647.0,
MEX.21.209_2,21231777.0,MEX,Zapotitlán,0.0042,6393.0,6341.0,6599.0,6469.0,7501.0,6443.0,6781.0,6691.0,6909.0,7202.0,7176.0,7911.0,7606.0,7616.0,7136.0,6960.0,7193.0,7474.0,7274.0,6802.0,7418.0,7791.0,7483.0,7060.0,6982.0,7528.0,8601.0,9028.0,10156.0,10550.0,9202.0,9974.0,9916.0,
MEX.21.210_2,21231778.0,MEX,Zapotitlán de Méndez,-0.00522,12670.0,12082.0,12248.0,15751.0,15526.0,13810.0,11843.0,17705.0,19812.0,17658.0,20401.0,18040.0,16414.0,15263.0,12928.0,14201.0,13079.0,12756.0,13487.0,12980.0,13828.0,14153.0,14074.0,13255.0,11916.0,13581.0,11576.0,14265.0,12254.0,11445.0,9479.0,10381.0,10126.0,
MEX.21.211_2,21231779.0,MEX,Zaragoza,0.00287,7824.0,8276.0,8064.0,8355.0,9571.0,7923.0,9139.0,9419.0,8854.0,11872.0,11137.0,10869.0,11028.0,11385.0,10649.0,12041.0,12124.0,11198.0,10255.0,10109.0,10860.0,10886.0,11235.0,12225.0,11091.0,10363.0,12345.0,11872.0,12394.0,10471.0,9816.0,10382.0,10698.0,
MEX.21.212_2,21231780.0,MEX,Zautla,0.00579,7999.0,8338.0,8348.0,7385.0,7062.0,5089.0,6647.0,8560.0,9346.0,10118.0,12581.0,12095.0,12104.0,9260.0,8207.0,9450.0,9705.0,10230.0,10010.0,8477.0,9701.0,9933.0,10917.0,12889.0,12147.0,10697.0,12435.0,12493.0,12601.0,12234.0,9311.0,10035.0,11455.0,
MEX.21.213_2,21231781.0,MEX,Zihuateutla,0.00119,8381.0,8502.0,9047.0,9071.0,10281.0,9215.0,10125.0,9338.0,9438.0,10038.0,9946.0,11062.0,10882.0,11105.0,10564.0,11530.0,10937.0,10982.0,10243.0,10108.0,11169.0,11447.0,10836.0,11046.0,10868.0,11405.0,10334.0,10195.0,10522.0,10992.0,9756.0,10293.0,9358.0,
MEX.21.214_2,21231782.0,MEX,Zinacatepec,0.00548,7782.0,7070.0,7282.0,7478.0,7517.0,6355.0,6679.0,8164.0,8341.0,9352.0,10739.0,10945.0,10245.0,9918.0,10089.0,10246.0,8961.0,11683.0,10103.0,8795.0,9337.0,8762.0,10658.0,10535.0,10314.0,10290.0,10274.0,11159.0,10982.0,10894.0,10552.0,11538.0,14448.0,
MEX.21.215_2,21231783.0,MEX,Zongozotla,0.0,8516.0,8684.0,8545.0,9400.0,12113.0,15629.0,13966.0,16699.0,15943.0,18374.0,17677.0,15728.0,14078.0,10999.0,9460.0,9678.0,9641.0,8962.0,10123.0,9825.0,10308.0,11643.0,10412.0,10453.0,8433.0,9854.0,10296.0,11366.0,11911.0,11677.0,9973.0,10734.0,10414.0,
MEX.21.216_2,21231784.0,MEX,Zoquiapan,0.00467,7557.0,7782.0,7542.0,8216.0,7751.0,6690.0,7897.0,9109.0,9148.0,11687.0,9926.0,12074.0,12199.0,8829.0,8018.0,8203.0,8058.0,7737.0,8396.0,7668.0,9833.0,8794.0,10432.0,8038.0,8177.0,8890.0,11918.0,12069.0,11662.0,12519.0,10480.0,11199.0,12921.0,
MEX.21.217_2,21231785.0,MEX,Zoquitlán,0.00344,8159.0,8069.0,7722.0,7911.0,7555.0,6507.0,6847.0,7979.0,8643.0,8973.0,8450.0,10220.0,10268.0,8487.0,7769.0,8637.0,8081.0,8661.0,8734.0,8592.0,8956.0,9276.0,10180.0,9106.0,8500.0,9582.0,9746.0,10762.0,9731.0,10209.0,9130.0,9383.0,9134.0,
MEX.22.1_2,21231786.0,MEX,Amealco de Bonfil,0.01443,10198.0,9664.0,10340.0,10040.0,9976.0,9452.0,10533.0,10340.0,11284.0,10745.0,10502.0,11788.0,11984.0,10930.0,11566.0,11970.0,14248.0,14621.0,14209.0,14393.0,15823.0,15916.0,16094.0,16827.0,17412.0,19808.0,22864.0,23779.0,27539.0,30060.0,23233.0,25209.0,25773.0,
MEX.22.2_2,21231787.0,MEX,Arroyo Seco,0.0108,15074.0,14414.0,14422.0,14528.0,14269.0,12436.0,12841.0,12719.0,14278.0,15215.0,15945.0,15198.0,16854.0,13034.0,14785.0,15325.0,17410.0,17152.0,17758.0,18628.0,20424.0,21272.0,21435.0,21068.0,22537.0,22821.0,22982.0,23967.0,25522.0,25002.0,21758.0,22672.0,23468.0,
MEX.22.3_2,21231788.0,MEX,Cadereyta de Montes,0.01016,12189.0,12139.0,12117.0,13153.0,13592.0,12126.0,11324.0,11597.0,14223.0,13268.0,13165.0,12645.0,13061.0,10597.0,12767.0,15054.0,17387.0,18552.0,16820.0,18416.0,19666.0,20540.0,20647.0,20661.0,21075.0,20807.0,21416.0,21097.0,22447.0,21451.0,20929.0,20062.0,20770.0,
MEX.22.4_2,21231789.0,MEX,Colón,0.01366,12077.0,11748.0,11839.0,12763.0,13016.0,12211.0,11366.0,13208.0,14101.0,11226.0,11220.0,10902.0,12952.0,11769.0,11834.0,13155.0,15357.0,13947.0,14526.0,12634.0,15257.0,17006.0,17640.0,19465.0,20193.0,20943.0,23294.0,24385.0,27017.0,29318.0,21709.0,22927.0,23206.0,
MEX.22.5_2,21231790.0,MEX,Corregidora,0.00461,20583.0,20964.0,22099.0,22028.0,23324.0,22718.0,24347.0,26763.0,27220.0,26688.0,27445.0,30144.0,26259.0,23697.0,23828.0,25195.0,27168.0,27184.0,26996.0,26695.0,27306.0,28063.0,26062.0,26368.0,28525.0,30485.0,30412.0,32492.0,33884.0,33247.0,27071.0,28415.0,29339.0,
MEX.22.6_2,21231791.0,MEX,El Marqués,0.00964,13233.0,14754.0,14568.0,15715.0,16650.0,13707.0,15226.0,17370.0,19790.0,17931.0,18094.0,17603.0,18498.0,22092.0,19535.0,20442.0,24838.0,28529.0,26392.0,23914.0,21730.0,24336.0,26167.0,26003.0,24968.0,25955.0,26342.0,26621.0,25927.0,25058.0,21782.0,22878.0,23846.0,
MEX.22.7_2,21231792.0,MEX,Ezequiel Montes,0.00772,11356.0,12334.0,13006.0,14066.0,15214.0,17841.0,16039.0,15501.0,14266.0,18351.0,17191.0,15251.0,14393.0,19617.0,18417.0,19818.0,18314.0,18635.0,20776.0,18708.0,18738.0,18331.0,23411.0,22462.0,21530.0,23463.0,25009.0,23354.0,21934.0,19035.0,18374.0,18877.0,18791.0,
MEX.22.8_2,21231793.0,MEX,Huimilpan,0.00359,15094.0,15345.0,14745.0,16711.0,17988.0,16678.0,15928.0,19594.0,18613.0,21728.0,23316.0,22223.0,20092.0,20205.0,21048.0,22038.0,20262.0,22659.0,24663.0,21262.0,22169.0,21507.0,21976.0,21732.0,20922.0,22962.0,25196.0,22475.0,22880.0,22212.0,20532.0,21104.0,21985.0,
MEX.22.9_2,21231794.0,MEX,Jalpan de Serra,0.01455,10900.0,11035.0,10363.0,10966.0,12194.0,12750.0,12809.0,11625.0,12177.0,12566.0,14321.0,12672.0,12692.0,11012.0,16160.0,18364.0,16755.0,17257.0,17285.0,17240.0,19618.0,19806.0,23313.0,23094.0,23792.0,24602.0,25576.0,25650.0,25479.0,25877.0,21384.0,22962.0,23230.0,
MEX.22.10_2,21231795.0,MEX,Landa de Matamoros,0.01363,11508.0,11189.0,11181.0,11932.0,12170.0,9135.0,10253.0,10762.0,12523.0,12229.0,12637.0,12813.0,12605.0,12786.0,10627.0,11936.0,12745.0,11425.0,13600.0,13936.0,16123.0,16697.0,19121.0,18956.0,19251.0,20841.0,23632.0,24202.0,24371.0,23966.0,20446.0,21361.0,22175.0,
MEX.22.11_2,21231796.0,MEX,Pedro Escobedo,0.00524,16921.0,16003.0,15954.0,16636.0,19382.0,15887.0,19340.0,19589.0,21402.0,19964.0,22978.0,22499.0,19924.0,20885.0,21838.0,21077.0,20345.0,20854.0,19723.0,18841.0,20213.0,20229.0,23595.0,24159.0,25967.0,25772.0,29567.0,30424.0,30241.0,28891.0,22157.0,23663.0,24555.0,
MEX.22.12_2,21231797.0,MEX,Peñamiller,0.01154,13886.0,13592.0,13330.0,13796.0,13869.0,12640.0,13507.0,14086.0,17341.0,15773.0,15570.0,14527.0,16451.0,14724.0,14696.0,16507.0,18848.0,18449.0,18383.0,20904.0,21000.0,21689.0,21186.0,21088.0,23104.0,23203.0,24786.0,28121.0,28712.0,27531.0,23250.0,24327.0,25178.0,
MEX.22.13_2,21231798.0,MEX,Pinal de Amoles,0.01384,10736.0,10336.0,10175.0,10907.0,11058.0,9625.0,10478.0,11237.0,14143.0,12566.0,12943.0,11998.0,11719.0,9627.0,10919.0,12532.0,14966.0,14044.0,14188.0,14566.0,16492.0,16882.0,20067.0,19688.0,20912.0,21295.0,23673.0,22910.0,23830.0,23231.0,22199.0,23215.0,24029.0,
MEX.22.14_2,21231799.0,MEX,Querétaro,0.00666,20300.0,20493.0,19986.0,20065.0,20629.0,19242.0,20889.0,23051.0,24760.0,25660.0,27682.0,26106.0,26104.0,23880.0,24609.0,25573.0,26962.0,26736.0,26385.0,25937.0,26776.0,28298.0,27466.0,27574.0,29671.0,31710.0,30412.0,33440.0,33884.0,33006.0,25088.0,26318.0,27171.0,
MEX.22.15_2,21231800.0,MEX,San Joaquín,0.01578,12482.0,11840.0,11465.0,10639.0,11114.0,8845.0,9944.0,9931.0,11547.0,10765.0,11951.0,10454.0,10210.0,9581.0,10601.0,11956.0,14609.0,13979.0,13684.0,14629.0,16705.0,17244.0,19646.0,19445.0,20962.0,21658.0,23103.0,24509.0,24992.0,24540.0,19520.0,20381.0,21099.0,
MEX.22.16_2,21231801.0,MEX,San Juan del Río,0.00219,18440.0,19560.0,22585.0,20877.0,22394.0,22953.0,25115.0,27077.0,28869.0,29508.0,26580.0,25646.0,23642.0,24731.0,25904.0,28478.0,25215.0,25644.0,27972.0,26850.0,26638.0,26220.0,27202.0,25953.0,24784.0,26650.0,31699.0,28142.0,28088.0,28147.0,22837.0,24512.0,25333.0,
MEX.22.17_2,21231802.0,MEX,Tequisquiapan,0.01182,10042.0,11387.0,10918.0,12058.0,11793.0,11801.0,10405.0,11725.0,14998.0,13474.0,15016.0,13659.0,13667.0,12190.0,15161.0,14660.0,15759.0,18685.0,18086.0,17046.0,17992.0,18263.0,20999.0,19963.0,20868.0,22685.0,25272.0,23734.0,21128.0,21455.0,16376.0,18360.0,19838.0,
MEX.22.18_2,21231803.0,MEX,Tolimán,0.00968,13965.0,13310.0,13516.0,14254.0,14873.0,13407.0,13502.0,13818.0,16139.0,16076.0,16132.0,15544.0,16071.0,12911.0,16733.0,17024.0,18914.0,17824.0,18055.0,18027.0,19802.0,19758.0,23796.0,23080.0,24549.0,24909.0,25768.0,23145.0,24754.0,24751.0,19608.0,21934.0,22705.0,
MEX.23.1_2,21231804.0,MEX,Bacalar,0.0,19183.0,18335.0,19814.0,23338.0,19894.0,10091.0,9960.0,14253.0,14208.0,9527.0,11875.0,13533.0,12102.0,10377.0,9971.0,9919.0,10928.0,11004.0,11132.0,10991.0,11280.0,11179.0,11104.0,12445.0,13169.0,11310.0,11224.0,13168.0,13901.0,13928.0,9652.0,10484.0,10728.0,
MEX.23.2_2,21231805.0,MEX,Benito Juárez,-0.00502,35185.0,35307.0,34014.0,34586.0,34955.0,31718.0,33082.0,32583.0,33694.0,33780.0,34196.0,36925.0,35200.0,28725.0,28629.0,28024.0,28211.0,29642.0,29993.0,26378.0,26607.0,26059.0,27150.0,26844.0,28207.0,28078.0,28650.0,27906.0,28822.0,28444.0,20438.0,21816.0,22109.0,
MEX.23.3_2,21231806.0,MEX,Cozumel,-0.00922,32659.0,33772.0,41211.0,49764.0,55959.0,45099.0,42262.0,46750.0,44111.0,42601.0,36456.0,38101.0,39960.0,39612.0,40375.0,39518.0,36675.0,37301.0,29208.0,25106.0,25449.0,25548.0,24031.0,25232.0,22812.0,27214.0,37758.0,37277.0,37399.0,36183.0,24473.0,24678.0,25035.0,
MEX.23.4_2,21231807.0,MEX,Felipe Carrillo Puerto,-0.00278,19653.0,18892.0,20518.0,21335.0,20952.0,13824.0,12655.0,17933.0,16069.0,15063.0,16958.0,17633.0,20373.0,17919.0,19295.0,19140.0,20107.0,19350.0,19311.0,18259.0,16671.0,17436.0,15812.0,17692.0,18010.0,18699.0,14887.0,15742.0,17404.0,17512.0,11910.0,12450.0,13029.0,
MEX.23.5_2,21231808.0,MEX,Isla Mujeres,-0.004,30620.0,37129.0,34225.0,40273.0,36082.0,33235.0,36332.0,37215.0,41275.0,33708.0,38712.0,41966.0,37688.0,32761.0,33055.0,32316.0,35580.0,36398.0,36546.0,32947.0,32717.0,32252.0,32230.0,31878.0,32014.0,33465.0,33334.0,30475.0,27394.0,26932.0,18651.0,19259.0,19538.0,
MEX.23.6_2,21231809.0,MEX,José María Morelos,0.00303,19625.0,17929.0,20087.0,20237.0,19665.0,11463.0,10144.0,14419.0,13970.0,12491.0,12905.0,14149.0,17965.0,15222.0,15390.0,14376.0,15750.0,15557.0,13623.0,14556.0,15650.0,15792.0,15714.0,17680.0,18492.0,18741.0,16533.0,17157.0,17805.0,19871.0,13078.0,13838.0,15791.0,
MEX.23.7_2,21231810.0,MEX,Lázaro Cárdenas,0.0,19146.0,18253.0,19085.0,21060.0,20659.0,13565.0,15411.0,16512.0,16775.0,19351.0,18440.0,23107.0,20006.0,18923.0,18376.0,17835.0,19071.0,18904.0,18599.0,19627.0,20491.0,21527.0,18866.0,19296.0,19448.0,19772.0,15911.0,16713.0,17151.0,16731.0,11952.0,11997.0,12242.0,
MEX.23.8_2,21231811.0,MEX,Othón P. Blanco,-0.01027,29450.0,29703.0,31154.0,22820.0,18410.0,23341.0,23538.0,27314.0,28774.0,21488.0,18197.0,21613.0,15526.0,16256.0,17092.0,15869.0,15071.0,16969.0,18956.0,16330.0,14581.0,12157.0,12575.0,13392.0,13167.0,14075.0,14420.0,15581.0,16593.0,16389.0,11388.0,13139.0,14717.0,
MEX.23.9_2,21231812.0,MEX,Solidaridad,0.00121,14340.0,18436.0,17734.0,21016.0,19435.0,18453.0,18865.0,20709.0,23208.0,20975.0,20576.0,24662.0,18576.0,16515.0,17462.0,18031.0,21496.0,24128.0,21700.0,20497.0,20652.0,20613.0,20503.0,20059.0,20589.0,19777.0,26692.0,25465.0,22682.0,21817.0,16784.0,16435.0,17599.0,
MEX.23.10_2,21231813.0,MEX,Tulum,-0.00824,18365.0,17114.0,18307.0,23076.0,21418.0,18395.0,17440.0,19098.0,15929.0,12202.0,12636.0,13488.0,17158.0,14048.0,13007.0,15503.0,13057.0,10005.0,10556.0,11781.0,11065.0,13079.0,12589.0,13441.0,12335.0,13766.0,16714.0,17040.0,18104.0,17076.0,10361.0,9236.0,9306.0,
MEX.24.1_2,21231814.0,MEX,Ahualulco,0.00799,5125.0,5500.0,5815.0,7022.0,8031.0,6625.0,7110.0,9668.0,10476.0,9770.0,7889.0,7771.0,9418.0,8657.0,10138.0,9505.0,7637.0,7500.0,8161.0,7130.0,7787.0,8809.0,11231.0,11157.0,11857.0,12097.0,12740.0,11547.0,11423.0,12176.0,9953.0,10529.0,10899.0,
MEX.24.2_2,21231815.0,MEX,Alaquines,0.00563,5649.0,6388.0,5970.0,9141.0,9370.0,8459.0,8950.0,9391.0,10273.0,9778.0,6959.0,6734.0,7895.0,6471.0,7642.0,7513.0,8934.0,7942.0,9659.0,8480.0,9550.0,8758.0,10212.0,10148.0,10309.0,10136.0,10824.0,10179.0,10349.0,10156.0,8740.0,9175.0,9787.0,
MEX.24.3_2,21231816.0,MEX,Aquismón,0.00916,6803.0,7154.0,6610.0,8353.0,9531.0,7654.0,7951.0,9540.0,10337.0,9427.0,8230.0,7241.0,9472.0,8952.0,9086.0,8734.0,9309.0,8318.0,8812.0,7733.0,9299.0,9651.0,12518.0,11469.0,11840.0,12227.0,13330.0,12858.0,14833.0,15417.0,12406.0,13108.0,13744.0,
MEX.24.4_2,21231817.0,MEX,Armadillo de los Infante,0.00411,6273.0,7473.0,7221.0,10549.0,11729.0,10602.0,10860.0,11197.0,13231.0,11371.0,9294.0,8126.0,10614.0,10024.0,11038.0,10907.0,11411.0,11172.0,11776.0,10194.0,10410.0,11239.0,12590.0,12102.0,12534.0,12622.0,11988.0,11594.0,12879.0,13534.0,11774.0,12547.0,12915.0,
MEX.24.5_2,21231818.0,MEX,Axtla de Terrazas,0.01819,6202.0,6609.0,6112.0,8571.0,8324.0,8612.0,9212.0,9310.0,9339.0,9017.0,7353.0,8303.0,9735.0,10493.0,10461.0,12689.0,17147.0,17146.0,16306.0,15176.0,14853.0,15052.0,13681.0,14041.0,17557.0,17098.0,18641.0,19810.0,20891.0,25852.0,22139.0,23647.0,24196.0,
MEX.24.6_2,21231819.0,MEX,Cárdenas,0.00812,7073.0,7239.0,6687.0,8571.0,7704.0,7666.0,8645.0,8298.0,10102.0,10165.0,9042.0,8791.0,10260.0,9607.0,10620.0,10112.0,11219.0,9030.0,9419.0,8461.0,9218.0,9186.0,10936.0,10296.0,10346.0,11245.0,12416.0,11746.0,13262.0,12772.0,13407.0,14075.0,14588.0,
MEX.24.7_2,21231820.0,MEX,Catorce,0.00154,6472.0,6740.0,6419.0,10386.0,10233.0,9900.0,10316.0,10636.0,10391.0,11003.0,7295.0,7041.0,8255.0,6983.0,8136.0,7867.0,9567.0,8851.0,10098.0,8553.0,9517.0,8881.0,9960.0,9913.0,10147.0,9720.0,10575.0,9758.0,9801.0,9965.0,8641.0,8978.0,9517.0,
MEX.24.8_2,21231821.0,MEX,Cedral,0.00777,7339.0,8294.0,7560.0,9756.0,9746.0,8970.0,8886.0,10693.0,10054.0,10911.0,9750.0,8733.0,10415.0,9757.0,10501.0,10481.0,11566.0,10796.0,11661.0,10439.0,11516.0,11843.0,12451.0,12779.0,15134.0,15482.0,16900.0,14728.0,14402.0,12046.0,10964.0,10807.0,11086.0,
MEX.24.9_2,21231822.0,MEX,Cerritos,0.00167,5015.0,6035.0,6240.0,9117.0,8994.0,8566.0,9064.0,9507.0,10652.0,10184.0,7178.0,6724.0,9080.0,7831.0,9190.0,8404.0,9355.0,8975.0,9474.0,7988.0,8418.0,8858.0,10451.0,9846.0,10292.0,9938.0,9109.0,8338.0,9355.0,10091.0,7743.0,8319.0,8577.0,
MEX.24.10_2,21231823.0,MEX,Cerro de San Pedro,0.0133,15165.0,15586.0,16393.0,12044.0,13139.0,10936.0,13251.0,13463.0,14182.0,13601.0,12142.0,12128.0,13751.0,17360.0,18923.0,19930.0,21849.0,21426.0,20924.0,20304.0,20699.0,21338.0,20462.0,20700.0,21830.0,24647.0,27639.0,29115.0,29124.0,29162.0,27803.0,29107.0,29956.0,
MEX.24.11_2,21231824.0,MEX,Charcas,0.0,7253.0,7603.0,7353.0,12368.0,11929.0,11603.0,11688.0,12051.0,12224.0,11924.0,8123.0,8138.0,9541.0,8489.0,9330.0,10090.0,9284.0,9192.0,9732.0,8876.0,9313.0,8485.0,9596.0,9980.0,10263.0,9129.0,8741.0,7482.0,11397.0,11873.0,11649.0,13464.0,14208.0,
MEX.24.12_2,21231825.0,MEX,Ciudad del Maíz,0.00789,6565.0,7123.0,6761.0,9304.0,10883.0,9495.0,8164.0,10709.0,10999.0,10330.0,8040.0,7748.0,10121.0,7539.0,8262.0,8876.0,9687.0,9790.0,11116.0,9326.0,9307.0,10397.0,11767.0,11688.0,11942.0,11546.0,11525.0,10310.0,10916.0,12829.0,12394.0,13059.0,14189.0,
MEX.24.13_2,21231826.0,MEX,Ciudad Fernández,0.01133,4624.0,5416.0,6924.0,8489.0,10573.0,8564.0,9568.0,9723.0,12323.0,10823.0,8015.0,9384.0,11115.0,13581.0,14343.0,15772.0,17823.0,16849.0,17827.0,16869.0,17328.0,16800.0,15150.0,15619.0,16194.0,16794.0,15443.0,17506.0,18028.0,18160.0,18158.0,18995.0,19703.0,
MEX.24.14_2,21231827.0,MEX,Ciudad Valles,0.0099,7682.0,9317.0,9798.0,9453.0,10770.0,9421.0,10559.0,10493.0,11547.0,11646.0,9485.0,9570.0,10688.0,12127.0,12276.0,13374.0,15287.0,15252.0,14999.0,14099.0,14888.0,15572.0,13847.0,14450.0,14386.0,14727.0,15952.0,17529.0,18701.0,17870.0,16792.0,17506.0,18148.0,
MEX.24.15_2,21231828.0,MEX,Coxcatlán,0.01509,7591.0,7061.0,6480.0,7773.0,8290.0,7286.0,7560.0,7794.0,8306.0,8679.0,7563.0,6715.0,8654.0,8591.0,9942.0,9225.0,13610.0,14747.0,13568.0,12513.0,14212.0,14280.0,12360.0,12364.0,12177.0,12950.0,12859.0,13646.0,24049.0,29735.0,26258.0,28085.0,29207.0,
MEX.24.16_2,21231829.0,MEX,Ebano,0.00955,6330.0,5587.0,5837.0,8179.0,7616.0,8800.0,8177.0,8612.0,9185.0,8893.0,7754.0,7335.0,8618.0,8487.0,9551.0,9328.0,10727.0,10527.0,10254.0,9539.0,11276.0,12262.0,10833.0,10784.0,10648.0,11197.0,12529.0,13438.0,14155.0,13952.0,12231.0,12849.0,13163.0,
MEX.24.17_2,21231830.0,MEX,El Naranjo,0.00712,6675.0,7011.0,6756.0,8803.0,10662.0,8933.0,8196.0,9031.0,9833.0,10254.0,7831.0,7316.0,8887.0,7768.0,8161.0,8006.0,8857.0,10359.0,10269.0,9874.0,11490.0,11543.0,11403.0,11778.0,11893.0,12199.0,12291.0,11406.0,11604.0,11693.0,10245.0,11425.0,11058.0,
MEX.24.18_2,21231831.0,MEX,Guadalcázar,0.00421,5945.0,6546.0,6213.0,9690.0,9586.0,9070.0,9598.0,10311.0,10324.0,10787.0,7269.0,7039.0,8252.0,7372.0,8703.0,8545.0,9891.0,9197.0,10214.0,9037.0,9998.0,9360.0,10696.0,10644.0,10811.0,10722.0,11453.0,10487.0,10611.0,10554.0,8615.0,9045.0,9697.0,
MEX.24.19_2,21231832.0,MEX,Huehuetlán,0.00891,7286.0,7161.0,7115.0,9324.0,8702.0,8311.0,9147.0,8913.0,8296.0,10374.0,7415.0,8263.0,9946.0,8560.0,8360.0,9797.0,10124.0,10619.0,10816.0,9314.0,10518.0,11083.0,11622.0,10423.0,10308.0,11323.0,11562.0,12670.0,13606.0,20572.0,20185.0,18675.0,19395.0,
MEX.24.20_2,21231833.0,MEX,Lagunillas,0.00917,5900.0,6857.0,6643.0,9122.0,9295.0,8754.0,7977.0,9602.0,9677.0,9733.0,6931.0,6944.0,9158.0,6069.0,7565.0,7717.0,8881.0,8044.0,8321.0,6951.0,7787.0,8186.0,9618.0,9861.0,10050.0,9939.0,11039.0,10788.0,11948.0,11969.0,11087.0,14110.0,14783.0,
MEX.24.21_2,21231834.0,MEX,Matehuala,0.00956,12950.0,12474.0,12947.0,13101.0,14679.0,12127.0,13821.0,13483.0,16850.0,16739.0,15664.0,14670.0,14723.0,18614.0,17261.0,18466.0,19793.0,21342.0,19720.0,19054.0,19904.0,20483.0,20821.0,18990.0,19129.0,20691.0,25158.0,24765.0,24672.0,22479.0,22570.0,23697.0,24170.0,
MEX.24.22_2,21231835.0,MEX,Matlapa,0.01446,6226.0,6796.0,6456.0,8445.0,7952.0,7202.0,8267.0,8524.0,9523.0,9749.0,7021.0,8355.0,8581.0,11183.0,13679.0,13605.0,15457.0,14727.0,13611.0,12637.0,14737.0,12940.0,11505.0,11773.0,10262.0,10947.0,12325.0,13366.0,13507.0,14281.0,21001.0,21047.0,22041.0,
MEX.24.23_2,21231836.0,MEX,Mexquitic de Carmona,0.00878,9957.0,10438.0,10601.0,11693.0,11782.0,10077.0,12624.0,12733.0,13750.0,14184.0,12033.0,12367.0,13946.0,15495.0,15817.0,16455.0,18113.0,17741.0,18012.0,16870.0,17865.0,16525.0,14323.0,14880.0,14731.0,15232.0,18342.0,17915.0,19435.0,19456.0,19180.0,19867.0,20613.0,
MEX.24.24_2,21231837.0,MEX,Moctezuma,0.01116,5883.0,6820.0,6507.0,8659.0,9506.0,8159.0,7789.0,8841.0,10183.0,9191.0,7469.0,7361.0,9013.0,7086.0,8482.0,8552.0,7980.0,8924.0,10708.0,9098.0,9837.0,10008.0,11375.0,11090.0,11377.0,11473.0,11312.0,14797.0,16073.0,15325.0,11024.0,14135.0,14812.0,
MEX.24.25_2,21231838.0,MEX,Rayón,0.00473,5199.0,6012.0,5502.0,7750.0,8558.0,8078.0,8547.0,8926.0,10158.0,8433.0,6345.0,6155.0,8334.0,6391.0,7626.0,6885.0,7300.0,7285.0,7778.0,6865.0,7274.0,7297.0,9381.0,8555.0,9312.0,9401.0,11263.0,10216.0,10152.0,10150.0,7810.0,7746.0,8152.0,
MEX.24.26_2,21231839.0,MEX,Rioverde,0.00719,7808.0,8827.0,9162.0,10524.0,11244.0,8806.0,10059.0,11191.0,10570.0,11506.0,10804.0,9585.0,10576.0,9448.0,10371.0,10534.0,10892.0,10890.0,12068.0,10878.0,11330.0,11737.0,10832.0,13316.0,11789.0,12423.0,14156.0,13657.0,18412.0,17448.0,15830.0,17377.0,18082.0,
MEX.24.27_2,21231840.0,MEX,Salinas,0.00773,5398.0,5361.0,5698.0,8297.0,9322.0,7715.0,7349.0,9572.0,10372.0,9950.0,7888.0,7360.0,9370.0,9245.0,11416.0,10188.0,9912.0,8304.0,8911.0,7573.0,9668.0,10641.0,13267.0,12985.0,13283.0,14059.0,15872.0,13265.0,12560.0,12566.0,9539.0,10076.0,10491.0,
MEX.24.28_2,21231841.0,MEX,San Antonio,0.00494,7928.0,8216.0,7429.0,8932.0,8734.0,8073.0,9137.0,8978.0,9728.0,11495.0,9650.0,8727.0,9505.0,9274.0,9971.0,9191.0,9644.0,7700.0,8456.0,7580.0,9402.0,9647.0,12677.0,12021.0,12526.0,12877.0,14039.0,13656.0,13019.0,11996.0,9816.0,9698.0,10184.0,
MEX.24.29_2,21231842.0,MEX,San Ciro de Acosta,0.00505,7195.0,7746.0,6954.0,8835.0,9291.0,8355.0,7642.0,9165.0,10108.0,10220.0,8975.0,7877.0,10113.0,8677.0,9603.0,8497.0,8644.0,7848.0,8915.0,7587.0,8527.0,9240.0,11033.0,10706.0,11454.0,11564.0,13286.0,10487.0,11000.0,12686.0,10848.0,10975.0,11324.0,
MEX.24.30_2,21231843.0,MEX,San Luis Potosí,0.00911,18811.0,18457.0,18950.0,16063.0,16332.0,14437.0,15276.0,15699.0,16273.0,16454.0,21739.0,19680.0,16259.0,20081.0,20048.0,20982.0,20226.0,20770.0,20569.0,19750.0,19976.0,20605.0,21595.0,22018.0,22802.0,25108.0,25251.0,27576.0,27693.0,27728.0,27570.0,29275.0,30131.0,
MEX.24.31_2,21231844.0,MEX,San Martín Chalchicuautla,0.00843,4848.0,5445.0,6086.0,8109.0,9172.0,7900.0,7810.0,9035.0,8968.0,8936.0,6518.0,6519.0,8785.0,7325.0,7148.0,6599.0,6974.0,7097.0,7696.0,7768.0,7952.0,9165.0,10184.0,9597.0,10035.0,10607.0,11107.0,10200.0,11250.0,10685.0,9053.0,9479.0,9938.0,
MEX.24.32_2,21231845.0,MEX,San Nicolás Tolentino,0.00497,6124.0,6905.0,6455.0,8460.0,9128.0,8046.0,7725.0,9283.0,10123.0,9966.0,8164.0,7991.0,9927.0,8370.0,9366.0,8948.0,8099.0,7525.0,8449.0,7369.0,7990.0,8940.0,10819.0,10567.0,10849.0,10900.0,11372.0,11564.0,11955.0,12089.0,9503.0,10278.0,10782.0,
MEX.24.33_2,21231846.0,MEX,San Vicente Tancuayalab,0.00765,5448.0,5656.0,5881.0,8735.0,9092.0,8311.0,7614.0,9278.0,9682.0,11071.0,8627.0,9036.0,10915.0,9510.0,10003.0,9853.0,10872.0,10357.0,10555.0,9780.0,10884.0,11225.0,12557.0,12686.0,12940.0,13176.0,13019.0,11913.0,12490.0,12640.0,9492.0,9946.0,10453.0,
MEX.24.34_2,21231847.0,MEX,Santa Catarina,0.00597,6717.0,7098.0,6736.0,9274.0,10700.0,9456.0,8155.0,10413.0,10216.0,10045.0,7914.0,7567.0,9876.0,7036.0,8056.0,8173.0,7674.0,8103.0,9457.0,7768.0,7591.0,8545.0,10361.0,10314.0,10519.0,10055.0,10807.0,11179.0,11743.0,11934.0,11152.0,11586.0,12752.0,
MEX.24.35_2,21231848.0,MEX,Santa María del Río,0.01008,5437.0,6235.0,5865.0,7628.0,10477.0,7789.0,7499.0,9336.0,10116.0,8275.0,7976.0,7596.0,8764.0,6590.0,6934.0,6881.0,7582.0,8267.0,9111.0,8224.0,8369.0,9462.0,11460.0,10328.0,11430.0,11737.0,11977.0,11533.0,12695.0,13581.0,10786.0,11382.0,11768.0,
MEX.24.36_2,21231849.0,MEX,Santo Domingo,0.00463,6544.0,6204.0,6460.0,9503.0,10425.0,9715.0,9008.0,10592.0,10177.0,10086.0,8151.0,7600.0,9086.0,7854.0,8912.0,9176.0,9273.0,9837.0,10732.0,9313.0,9349.0,10030.0,10831.0,11532.0,11702.0,11205.0,12476.0,11098.0,10683.0,10878.0,10128.0,10096.0,10960.0,
MEX.24.37_2,21231850.0,MEX,Soledad de Graciano Sánchez,0.01208,22449.0,22016.0,22387.0,21374.0,20992.0,18558.0,19636.0,17515.0,18979.0,21717.0,23557.0,24491.0,22041.0,25874.0,29829.0,30949.0,33996.0,34371.0,31207.0,32254.0,33625.0,34087.0,35074.0,35847.0,36201.0,37717.0,37106.0,40056.0,44245.0,44309.0,43169.0,44980.0,46418.0,
MEX.24.38_2,21231851.0,MEX,Tamasopo,0.00367,5824.0,6893.0,7127.0,9229.0,9227.0,8689.0,9194.0,9539.0,10665.0,9400.0,7400.0,6939.0,9082.0,8067.0,9263.0,8648.0,8657.0,8597.0,8475.0,7749.0,8129.0,8795.0,10141.0,9885.0,10332.0,9979.0,9453.0,9084.0,10480.0,10961.0,9528.0,10165.0,10374.0,
MEX.24.39_2,21231852.0,MEX,Tamazunchale,0.00286,10166.0,10375.0,10752.0,12968.0,17334.0,15242.0,15807.0,17500.0,18493.0,19118.0,11646.0,12063.0,18053.0,18809.0,21609.0,22183.0,26375.0,26740.0,24066.0,20804.0,19609.0,18961.0,16763.0,17519.0,17829.0,17877.0,18422.0,19945.0,20243.0,17135.0,16054.0,17134.0,17805.0,
MEX.24.40_2,21231853.0,MEX,Tampacán,0.00656,6957.0,7226.0,7664.0,9199.0,8757.0,8223.0,9016.0,8480.0,9518.0,9158.0,7945.0,8174.0,9179.0,9111.0,10209.0,10226.0,8460.0,7236.0,8110.0,6920.0,7913.0,9667.0,12135.0,11994.0,12300.0,12247.0,11911.0,15383.0,16746.0,14030.0,8911.0,10505.0,10286.0,
MEX.24.41_2,21231854.0,MEX,Tampamolón Corona,0.00631,5714.0,6874.0,6859.0,9033.0,9007.0,8341.0,9223.0,9324.0,10321.0,9246.0,7605.0,7601.0,9200.0,7057.0,7426.0,7324.0,8657.0,7265.0,7774.0,6389.0,7713.0,9119.0,10327.0,11123.0,11307.0,10954.0,9942.0,9933.0,11672.0,11749.0,11528.0,14786.0,15360.0,
MEX.24.42_2,21231855.0,MEX,Tamuín,0.01078,4750.0,5331.0,4664.0,6758.0,7943.0,7022.0,7059.0,9094.0,9854.0,7983.0,6839.0,6747.0,8094.0,6855.0,8595.0,7696.0,7882.0,8803.0,9117.0,7465.0,7064.0,8964.0,11865.0,11460.0,12123.0,12634.0,12008.0,12442.0,12852.0,12841.0,9989.0,11021.0,11474.0,
MEX.24.43_2,21231856.0,MEX,Tancanhuitz,0.00428,6253.0,7154.0,7133.0,9889.0,10394.0,10709.0,9148.0,11302.0,11946.0,11479.0,8732.0,8639.0,10462.0,9388.0,11270.0,9776.0,10669.0,10690.0,10999.0,10146.0,9149.0,10403.0,12953.0,11559.0,12118.0,11264.0,13363.0,13440.0,12633.0,12302.0,9009.0,9621.0,9737.0,
MEX.24.44_2,21231857.0,MEX,Tanlajás,0.00767,4963.0,5181.0,4905.0,7171.0,7804.0,7411.0,6375.0,8568.0,10249.0,8688.0,6664.0,6239.0,8519.0,6853.0,7984.0,7958.0,8555.0,7417.0,8434.0,7098.0,7976.0,8610.0,10851.0,10310.0,10806.0,11248.0,12053.0,10147.0,10586.0,10050.0,9100.0,7937.0,9654.0,
MEX.24.45_2,21231858.0,MEX,Tanquián de Escobedo,0.00313,5674.0,5768.0,5950.0,8766.0,8656.0,8466.0,7875.0,9264.0,9706.0,10027.0,6876.0,7637.0,9623.0,7927.0,8234.0,8253.0,9019.0,8224.0,8447.0,7959.0,9183.0,8968.0,9742.0,9700.0,9998.0,9796.0,9113.0,8932.0,9297.0,9654.0,7093.0,7298.0,7856.0,
MEX.24.46_2,21231859.0,MEX,Tierra Nueva,0.01012,5988.0,6887.0,6549.0,10167.0,10782.0,9538.0,9334.0,10824.0,10958.0,10967.0,8276.0,8308.0,10591.0,9284.0,9584.0,9745.0,10682.0,10264.0,11204.0,10467.0,10712.0,10984.0,12211.0,12450.0,12736.0,13134.0,13212.0,17070.0,17126.0,18052.0,13048.0,13971.0,14599.0,
MEX.24.47_2,21231860.0,MEX,Vanegas,0.00399,6829.0,7002.0,6697.0,10534.0,10297.0,10001.0,10357.0,10679.0,9698.0,11269.0,7003.0,7316.0,8578.0,7412.0,8522.0,8274.0,9829.0,9117.0,10149.0,8805.0,9589.0,8679.0,9941.0,9981.0,10216.0,9869.0,10493.0,10551.0,9948.0,10402.0,8709.0,9048.0,9590.0,
MEX.24.48_2,21231861.0,MEX,Venado,0.00466,6148.0,6516.0,6199.0,10099.0,10151.0,9115.0,9644.0,10065.0,10339.0,9566.0,6889.0,6657.0,7804.0,6115.0,7154.0,6866.0,7971.0,7961.0,9360.0,7632.0,8284.0,9322.0,10553.0,10416.0,10656.0,10389.0,10741.0,8780.0,9267.0,9017.0,8584.0,8670.0,9150.0,
MEX.24.49_2,21231862.0,MEX,Villa de Arista,0.00986,5228.0,5670.0,4944.0,7742.0,8851.0,6985.0,6303.0,8863.0,9603.0,8850.0,7596.0,6444.0,8640.0,6952.0,7871.0,7141.0,7807.0,7089.0,8108.0,6802.0,7641.0,8094.0,10450.0,9833.0,10127.0,10407.0,10841.0,9704.0,10735.0,12911.0,12074.0,12061.0,12614.0,
MEX.24.50_2,21231863.0,MEX,Villa de Arriaga,0.00456,5496.0,6564.0,5584.0,8975.0,9712.0,8135.0,6988.0,9064.0,11128.0,9016.0,7544.0,7069.0,8893.0,8027.0,9269.0,8917.0,8473.0,8190.0,8701.0,7456.0,7698.0,8562.0,10236.0,9749.0,10163.0,10438.0,10290.0,9919.0,9714.0,11075.0,9164.0,9658.0,9880.0,
MEX.24.51_2,21231864.0,MEX,Villa de Guadalupe,0.00661,6862.0,7441.0,6831.0,8823.0,9665.0,8329.0,8019.0,9539.0,10336.0,10080.0,8366.0,7882.0,10009.0,8702.0,9918.0,9290.0,8850.0,8118.0,9235.0,7883.0,8760.0,9447.0,12220.0,11548.0,12005.0,12500.0,14509.0,11966.0,12978.0,13032.0,11298.0,11734.0,12268.0,
MEX.24.52_2,21231865.0,MEX,Villa de la Paz,0.01055,7721.0,8676.0,8108.0,9888.0,10509.0,8955.0,9608.0,10996.0,10215.0,11112.0,10492.0,9677.0,10907.0,10734.0,11746.0,12433.0,13610.0,12870.0,13644.0,12109.0,12889.0,13392.0,14998.0,14840.0,15295.0,16059.0,17261.0,16329.0,16673.0,17163.0,10871.0,11109.0,11305.0,
MEX.24.53_2,21231866.0,MEX,Villa de Ramos,0.00542,5696.0,6409.0,6065.0,9520.0,9635.0,8795.0,7474.0,10263.0,11144.0,10679.0,7124.0,6940.0,8137.0,7066.0,7903.0,8248.0,10007.0,9118.0,10143.0,8912.0,10000.0,9396.0,10748.0,10675.0,10826.0,10677.0,11528.0,9835.0,10318.0,9758.0,8286.0,8128.0,8857.0,
MEX.24.54_2,21231867.0,MEX,Villa de Reyes,0.00788,6523.0,7519.0,6946.0,8939.0,11002.0,7775.0,8245.0,9429.0,10217.0,8952.0,8601.0,8003.0,9128.0,8384.0,9265.0,8861.0,8654.0,8893.0,9196.0,9220.0,10697.0,9867.0,12623.0,12734.0,13534.0,13604.0,12299.0,13446.0,12212.0,11722.0,12169.0,12473.0,12888.0,
MEX.24.55_2,21231868.0,MEX,Villa Hidalgo,0.00404,5892.0,7161.0,6934.0,10214.0,11734.0,10378.0,10981.0,12033.0,13566.0,12756.0,9372.0,8441.0,11010.0,10541.0,11897.0,11307.0,12508.0,11988.0,12561.0,10692.0,11046.0,11126.0,12276.0,11336.0,11883.0,11807.0,13598.0,12701.0,12891.0,13386.0,12389.0,12967.0,13395.0,
MEX.24.56_2,21231869.0,MEX,Villa Juárez,0.00194,5556.0,6686.0,6227.0,10015.0,11001.0,10360.0,10826.0,11162.0,11842.0,11052.0,8518.0,7733.0,9620.0,8930.0,9925.0,9660.0,10492.0,11677.0,12196.0,11662.0,10835.0,10300.0,12223.0,11156.0,11779.0,11607.0,10713.0,11233.0,11296.0,11296.0,8978.0,9568.0,9881.0,
MEX.24.57_2,21231870.0,MEX,Xilitla,0.01261,6171.0,6241.0,6613.0,9208.0,9105.0,7728.0,7746.0,9461.0,8918.0,8388.0,6145.0,6315.0,8646.0,6255.0,6106.0,7069.0,11023.0,11281.0,11435.0,10363.0,11124.0,11244.0,11770.0,9823.0,10513.0,10463.0,10603.0,13335.0,15728.0,20601.0,21685.0,19627.0,19949.0,
MEX.24.58_2,21231871.0,MEX,Zaragoza,0.00598,9534.0,9699.0,8246.0,10946.0,10717.0,10067.0,9748.0,11726.0,10506.0,12109.0,10697.0,9551.0,11709.0,11201.0,12461.0,11337.0,12923.0,13040.0,13271.0,12217.0,13465.0,14510.0,14364.0,16388.0,15589.0,15299.0,13047.0,12073.0,13265.0,13993.0,10633.0,10994.0,11304.0,
MEX.25.1_2,21231872.0,MEX,Ahome,0.00224,14384.0,13746.0,13226.0,14807.0,14819.0,13878.0,14535.0,14658.0,14657.0,14714.0,14214.0,13453.0,13722.0,15485.0,17417.0,16268.0,16102.0,17308.0,17657.0,15325.0,15481.0,14995.0,16218.0,17980.0,17996.0,17720.0,15569.0,16830.0,15673.0,16099.0,16575.0,15991.0,16480.0,
MEX.25.2_2,21231873.0,MEX,Angostura,0.01339,6652.0,7455.0,6163.0,5191.0,6006.0,6624.0,6058.0,6417.0,6730.0,6353.0,7624.0,6539.0,6517.0,6197.0,6727.0,6556.0,6613.0,7400.0,7006.0,9518.0,9711.0,10473.0,10880.0,9671.0,10372.0,11601.0,11783.0,12208.0,11764.0,13242.0,13067.0,14223.0,14707.0,
MEX.25.3_2,21231874.0,MEX,Badiraguato,0.00912,8145.0,8101.0,7258.0,6744.0,6967.0,7302.0,7667.0,7642.0,8149.0,7778.0,9736.0,7815.0,7501.0,7526.0,7310.0,7254.0,8725.0,7872.0,7962.0,11142.0,11320.0,11273.0,11229.0,11594.0,10119.0,12134.0,12386.0,12447.0,12108.0,12445.0,11692.0,12571.0,13247.0,
MEX.25.4_2,21231875.0,MEX,Choix,0.00931,7552.0,7756.0,7703.0,6406.0,6610.0,7351.0,7311.0,7348.0,7494.0,7621.0,8594.0,7394.0,7161.0,7285.0,7438.0,6952.0,7639.0,7659.0,7887.0,10793.0,11191.0,10874.0,11103.0,10682.0,10132.0,11786.0,11408.0,12322.0,11930.0,12664.0,12421.0,13026.0,13722.0,
MEX.25.5_2,21231876.0,MEX,Concordia,0.01109,8733.0,8963.0,7558.0,7524.0,7267.0,8038.0,8352.0,8727.0,9009.0,8669.0,9141.0,8017.0,7872.0,7374.0,6040.0,6966.0,7621.0,8236.0,7604.0,10974.0,10387.0,11534.0,13323.0,11149.0,11400.0,13403.0,14630.0,14436.0,15273.0,14775.0,13893.0,15410.0,15889.0,
MEX.25.6_2,21231877.0,MEX,Cosalá,0.01002,10044.0,8399.0,8280.0,5981.0,6518.0,6829.0,7824.0,6952.0,7238.0,7652.0,9182.0,7262.0,6818.0,7955.0,7596.0,6718.0,8352.0,8657.0,8770.0,9680.0,11191.0,10619.0,10633.0,9523.0,10596.0,11459.0,12023.0,12269.0,11896.0,11666.0,11363.0,11968.0,12617.0,
MEX.25.7_2,21231878.0,MEX,Culiacán,0.00501,16937.0,17672.0,19204.0,19253.0,18694.0,17682.0,18120.0,18530.0,19015.0,18671.0,19607.0,18317.0,18521.0,21352.0,22170.0,21734.0,22152.0,22670.0,22963.0,22181.0,21779.0,21619.0,21934.0,20944.0,20533.0,22150.0,25377.0,23885.0,25076.0,25388.0,23436.0,24311.0,25012.0,
MEX.25.8_2,21231879.0,MEX,El Fuerte,0.01703,7177.0,7767.0,6621.0,6253.0,6752.0,7293.0,8089.0,8261.0,8573.0,8154.0,8429.0,7565.0,7554.0,7891.0,7172.0,7838.0,8715.0,9669.0,10185.0,10823.0,10977.0,12051.0,13791.0,13173.0,13152.0,16430.0,15634.0,14940.0,17103.0,16768.0,15997.0,18907.0,19872.0,
MEX.25.9_2,21231880.0,MEX,Elota,0.0,11732.0,12846.0,11762.0,11277.0,11102.0,11032.0,12320.0,12622.0,13581.0,12197.0,12292.0,10744.0,10313.0,11487.0,10503.0,10775.0,8768.0,6354.0,6505.0,9768.0,10594.0,11640.0,10436.0,10567.0,11146.0,11363.0,12665.0,13860.0,13551.0,13862.0,14930.0,16109.0,16823.0,
MEX.25.10_2,21231881.0,MEX,Escuinapa,0.00307,11994.0,12383.0,12524.0,13133.0,13118.0,13171.0,11608.0,11696.0,13644.0,12208.0,11053.0,9766.0,10744.0,16623.0,17798.0,17087.0,17006.0,19822.0,20763.0,13281.0,13954.0,13147.0,13326.0,14629.0,14490.0,13711.0,13168.0,14457.0,14924.0,14419.0,15658.0,16398.0,16983.0,
MEX.25.11_2,21231882.0,MEX,Guasave,0.00184,12483.0,12906.0,13690.0,12317.0,12636.0,12559.0,11459.0,12033.0,11667.0,11365.0,11670.0,11659.0,11317.0,13573.0,14573.0,13288.0,13572.0,14106.0,14362.0,12695.0,12921.0,12726.0,11935.0,13692.0,13531.0,13619.0,12181.0,12767.0,12898.0,14534.0,13532.0,15642.0,16068.0,
MEX.25.12_2,21231883.0,MEX,Mazatlán,0.00402,19659.0,19332.0,18972.0,18728.0,17733.0,17593.0,18018.0,18371.0,18849.0,18511.0,20930.0,18120.0,17002.0,18983.0,19667.0,19426.0,18751.0,19515.0,19749.0,20187.0,19705.0,20924.0,21217.0,20777.0,19354.0,22040.0,22731.0,22843.0,22325.0,22779.0,22476.0,24113.0,24803.0,
MEX.25.13_2,21231884.0,MEX,Mocorito,0.01078,8280.0,8808.0,7337.0,7796.0,7532.0,8470.0,9095.0,9237.0,9539.0,9179.0,9670.0,8698.0,8544.0,7966.0,6712.0,7605.0,8311.0,8920.0,9060.0,12241.0,10564.0,11419.0,13813.0,11499.0,11411.0,14400.0,14316.0,14074.0,13393.0,15059.0,14649.0,15833.0,16533.0,
MEX.25.14_2,21231885.0,MEX,Navolato,0.00293,12489.0,12779.0,13464.0,14956.0,14544.0,12873.0,12576.0,11561.0,12231.0,12585.0,12158.0,10839.0,11038.0,15894.0,17647.0,17107.0,14591.0,15116.0,17335.0,14278.0,14043.0,13469.0,14001.0,14829.0,15723.0,13832.0,14950.0,15130.0,14607.0,15031.0,15340.0,16959.0,17700.0,
MEX.25.15_2,21231886.0,MEX,Rosario,0.01093,8459.0,9098.0,7603.0,7762.0,7266.0,8250.0,8481.0,8748.0,9049.0,8709.0,9209.0,8482.0,8386.0,9243.0,6591.0,7747.0,8259.0,9027.0,11124.0,11995.0,11588.0,12964.0,14123.0,12344.0,12635.0,12677.0,16134.0,15680.0,14233.0,13941.0,15705.0,15898.0,16437.0,
MEX.25.16_2,21231887.0,MEX,Salvador Alvarado,0.00467,13468.0,14290.0,13518.0,13558.0,13836.0,12748.0,12550.0,13162.0,13428.0,12967.0,13257.0,11815.0,12347.0,13607.0,14995.0,14437.0,14082.0,14429.0,14897.0,13425.0,15779.0,15757.0,15523.0,16714.0,16559.0,16538.0,15487.0,15075.0,15769.0,17007.0,16725.0,17203.0,17502.0,
MEX.25.17_2,21231888.0,MEX,San Ignacio,0.00823,8957.0,9212.0,7710.0,7241.0,7249.0,8590.0,7865.0,8482.0,8866.0,8514.0,9094.0,8020.0,7943.0,7647.0,8218.0,7518.0,8397.0,8560.0,8961.0,11475.0,11917.0,11216.0,11704.0,11480.0,11081.0,12446.0,12523.0,12843.0,11930.0,11978.0,11602.0,12452.0,13020.0,
MEX.25.18_2,21231889.0,MEX,Sinaloa,0.01265,8790.0,9217.0,8003.0,8084.0,8954.0,7264.0,6978.0,7077.0,7466.0,7134.0,7233.0,6423.0,6664.0,6651.0,7269.0,7683.0,7248.0,7771.0,7769.0,9573.0,11026.0,11211.0,10250.0,9918.0,10025.0,11086.0,14865.0,15059.0,15258.0,14438.0,13328.0,13625.0,14875.0,
MEX.26.1_2,21231890.0,MEX,Aconchi,0.01021,11332.0,11485.0,11851.0,11994.0,13079.0,10497.0,11276.0,10241.0,10297.0,12890.0,15120.0,13370.0,11933.0,13939.0,14222.0,13325.0,18030.0,16798.0,18476.0,17504.0,17294.0,18971.0,18971.0,19237.0,17978.0,19784.0,22607.0,19463.0,21094.0,21121.0,20721.0,21032.0,21744.0,
MEX.26.2_2,21231891.0,MEX,Agua Prieta,0.00283,25093.0,25624.0,27849.0,28185.0,28614.0,28461.0,29644.0,31797.0,34091.0,33722.0,33273.0,32660.0,30645.0,33855.0,31933.0,33538.0,34443.0,31770.0,33207.0,31200.0,30666.0,31944.0,32270.0,33376.0,34221.0,35206.0,36333.0,36331.0,35321.0,34709.0,33270.0,33801.0,35150.0,
MEX.26.3_2,21231892.0,MEX,Alamos,0.007,13605.0,13862.0,14155.0,14326.0,15387.0,13110.0,14627.0,13557.0,13743.0,16135.0,17777.0,16180.0,14914.0,17047.0,17074.0,16701.0,19551.0,18228.0,18536.0,17133.0,18903.0,20821.0,20439.0,20833.0,19048.0,21686.0,23040.0,19188.0,20144.0,20535.0,19596.0,19985.0,20655.0,
MEX.26.4_2,21231893.0,MEX,Altar,0.00954,12131.0,11355.0,12065.0,12210.0,13162.0,11502.0,12874.0,11331.0,11228.0,13761.0,15012.0,14358.0,13191.0,14089.0,14498.0,14198.0,16999.0,16118.0,15901.0,15589.0,17036.0,18590.0,19272.0,19602.0,17896.0,20626.0,21953.0,23837.0,20213.0,20558.0,20623.0,21401.0,22416.0,
MEX.26.5_2,21231894.0,MEX,Arivechi,0.00564,19303.0,18943.0,19437.0,19671.0,21027.0,18427.0,20470.0,20106.0,22060.0,22802.0,24389.0,22524.0,20715.0,23457.0,23579.0,24209.0,26743.0,25686.0,25216.0,22993.0,24240.0,26187.0,27515.0,26982.0,25854.0,24056.0,27846.0,23755.0,28365.0,28206.0,27698.0,28443.0,29450.0,
MEX.26.6_2,21231895.0,MEX,Arizpe,0.00564,19303.0,18943.0,19437.0,19671.0,21027.0,18427.0,20470.0,20106.0,22060.0,22802.0,24389.0,22524.0,20715.0,23457.0,23579.0,24209.0,26743.0,25686.0,25216.0,22993.0,24240.0,26187.0,27515.0,26982.0,25854.0,24056.0,27846.0,23755.0,28365.0,28206.0,27698.0,28443.0,29450.0,
MEX.26.7_2,21231896.0,MEX,Atil,0.00823,10090.0,10240.0,10975.0,11107.0,11674.0,9686.0,10605.0,9732.0,10152.0,11674.0,12733.0,11661.0,10626.0,11925.0,12069.0,11511.0,13642.0,12534.0,12695.0,12185.0,13839.0,14543.0,14998.0,15433.0,13509.0,16596.0,17269.0,15676.0,17036.0,16851.0,16412.0,16825.0,17536.0,
MEX.26.8_2,21231897.0,MEX,Bacadéhuachi,0.00563,19045.0,18680.0,19191.0,19422.0,20766.0,18236.0,20338.0,19965.0,21928.0,22573.0,24160.0,22303.0,20507.0,23229.0,23347.0,24064.0,26570.0,25518.0,24973.0,22773.0,24016.0,25940.0,27263.0,26724.0,25598.0,23787.0,27565.0,23486.0,28099.0,27944.0,27435.0,28171.0,29168.0,
MEX.26.9_2,21231898.0,MEX,Bacanora,0.00564,19303.0,18943.0,19437.0,19671.0,21027.0,18427.0,20470.0,20106.0,22060.0,22802.0,24389.0,22524.0,20715.0,23457.0,23579.0,24209.0,26743.0,25686.0,25216.0,22993.0,24240.0,26187.0,27515.0,26982.0,25854.0,24056.0,27846.0,23755.0,28365.0,28206.0,27698.0,28443.0,29450.0,
MEX.26.10_2,21231899.0,MEX,Bacerac,0.00564,19303.0,18943.0,19437.0,19671.0,21027.0,18427.0,20470.0,20106.0,22060.0,22802.0,24389.0,22524.0,20715.0,23457.0,23579.0,24209.0,26743.0,25686.0,25216.0,22993.0,24240.0,26187.0,27515.0,26982.0,25854.0,24056.0,27846.0,23755.0,28365.0,28206.0,27698.0,28443.0,29450.0,
MEX.26.11_2,21231900.0,MEX,Bacoachi,0.01023,11241.0,11393.0,11621.0,11761.0,12725.0,10252.0,11247.0,10069.0,10516.0,12798.0,14687.0,12994.0,12030.0,13933.0,13853.0,12764.0,17142.0,15942.0,17640.0,16114.0,17448.0,19149.0,19125.0,19310.0,18039.0,19859.0,20710.0,17913.0,19469.0,19526.0,19117.0,19297.0,19940.0,
MEX.26.12_2,21231901.0,MEX,Bácum,0.01025,11674.0,11381.0,12871.0,13026.0,14508.0,13618.0,15406.0,13392.0,12881.0,16263.0,17511.0,16422.0,15176.0,16235.0,16615.0,16321.0,19424.0,18918.0,18498.0,18235.0,19713.0,21419.0,22478.0,22449.0,20938.0,23607.0,22967.0,25912.0,23303.0,22239.0,19860.0,20678.0,21664.0,
MEX.26.13_2,21231902.0,MEX,Banámichi,0.0104,10575.0,10703.0,10908.0,11040.0,11968.0,9508.0,10724.0,9456.0,10429.0,11635.0,13542.0,11876.0,10943.0,12780.0,12676.0,12125.0,15838.0,14684.0,16161.0,15010.0,16328.0,17722.0,17860.0,17823.0,16739.0,18490.0,19574.0,16805.0,18376.0,18381.0,17766.0,17905.0,18492.0,
MEX.26.14_2,21231903.0,MEX,Baviácora,0.01083,10941.0,11087.0,11403.0,11541.0,12603.0,10233.0,11269.0,10194.0,10163.0,12741.0,14753.0,12983.0,11926.0,13791.0,13724.0,12799.0,17483.0,16271.0,17546.0,16310.0,17515.0,19310.0,19146.0,19469.0,18301.0,20067.0,21056.0,18121.0,19700.0,19752.0,18991.0,19167.0,19804.0,
MEX.26.15_2,21231904.0,MEX,Bavispe,0.00564,19303.0,18943.0,19437.0,19671.0,21027.0,18427.0,20470.0,20106.0,22060.0,22802.0,24389.0,22524.0,20715.0,23457.0,23579.0,24209.0,26743.0,25686.0,25216.0,22993.0,24240.0,26187.0,27515.0,26982.0,25854.0,24056.0,27846.0,23755.0,28365.0,28206.0,27698.0,28443.0,29450.0,
MEX.26.16_2,21231905.0,MEX,Benito Juárez,0.00757,13951.0,14087.0,14899.0,15078.0,15620.0,13432.0,13296.0,11783.0,12182.0,13647.0,15800.0,14201.0,13251.0,14109.0,14313.0,13221.0,15851.0,15406.0,16038.0,15401.0,18064.0,19545.0,19298.0,19423.0,16604.0,20505.0,21924.0,22156.0,18857.0,18117.0,19188.0,20061.0,20895.0,
MEX.26.17_2,21231906.0,MEX,Benjamín Hill,0.00565,10841.0,11015.0,12323.0,13700.0,14041.0,12335.0,13502.0,12626.0,13213.0,14776.0,15296.0,14162.0,12795.0,14227.0,14342.0,14062.0,16081.0,13165.0,14132.0,12934.0,14739.0,16015.0,16927.0,16370.0,14271.0,17675.0,18869.0,16418.0,17134.0,17006.0,18706.0,19265.0,20073.0,
MEX.26.18_2,21231907.0,MEX,Caborca,0.00597,13677.0,14053.0,13392.0,12033.0,12832.0,13219.0,13134.0,12906.0,12220.0,17299.0,17630.0,16196.0,15330.0,13961.0,15252.0,13180.0,14266.0,12374.0,13397.0,13424.0,15206.0,16768.0,17365.0,17751.0,17000.0,18942.0,19665.0,23166.0,19350.0,17901.0,17982.0,19159.0,20262.0,
MEX.26.19_2,21231908.0,MEX,Cajeme,0.00304,24767.0,24848.0,24958.0,25259.0,26551.0,26943.0,25475.0,27201.0,28256.0,28896.0,30012.0,28981.0,26722.0,28741.0,29452.0,30651.0,32462.0,31484.0,29461.0,27363.0,27928.0,29840.0,31189.0,30496.0,30024.0,31959.0,33766.0,30928.0,30853.0,29888.0,27343.0,29095.0,28891.0,
MEX.26.20_2,21231909.0,MEX,Cananea,0.0,21811.0,23776.0,25599.0,25908.0,26580.0,28777.0,31209.0,33775.0,38139.0,35724.0,35427.0,32882.0,30885.0,33487.0,37062.0,36971.0,38338.0,35482.0,36366.0,32501.0,31771.0,33363.0,34340.0,33609.0,35060.0,33730.0,37104.0,33272.0,30595.0,30927.0,30552.0,31529.0,32660.0,
MEX.26.21_2,21231910.0,MEX,Carbó,0.01045,12657.0,12780.0,12471.0,12621.0,12359.0,11255.0,11802.0,11868.0,12457.0,14241.0,14864.0,14167.0,13414.0,15408.0,15649.0,14662.0,17549.0,16459.0,15474.0,14320.0,15652.0,17655.0,18170.0,17765.0,16267.0,18825.0,21612.0,21109.0,23748.0,24567.0,25617.0,25606.0,26623.0,
MEX.26.22_2,21231911.0,MEX,Cucurpe,0.01038,11431.0,11586.0,11845.0,11988.0,13072.0,10559.0,11616.0,10566.0,10557.0,13133.0,15144.0,13360.0,12282.0,14180.0,14121.0,13232.0,17940.0,16712.0,17961.0,16686.0,17897.0,19726.0,19570.0,19902.0,18730.0,20520.0,21528.0,18573.0,20148.0,20192.0,19433.0,19623.0,20279.0,
MEX.26.23_2,21231912.0,MEX,Cumpas,0.01088,10349.0,10473.0,10696.0,10825.0,11743.0,9380.0,10588.0,9627.0,10429.0,11815.0,13688.0,12049.0,11106.0,12959.0,12858.0,12324.0,16048.0,14886.0,16385.0,15212.0,16500.0,17995.0,18201.0,18135.0,17122.0,18855.0,19881.0,17099.0,18667.0,19708.0,18973.0,19232.0,19872.0,
MEX.26.24_2,21231913.0,MEX,Divisaderos,0.00763,13106.0,13216.0,13508.0,13671.0,14730.0,12364.0,14028.0,13383.0,14921.0,15585.0,17077.0,15507.0,14369.0,16524.0,16499.0,16354.0,18684.0,17430.0,19537.0,18020.0,19155.0,20719.0,20834.0,20918.0,19652.0,21296.0,22932.0,19930.0,21472.0,21421.0,20787.0,21028.0,21740.0,
MEX.26.25_2,21231914.0,MEX,Empalme,0.0071,13233.0,13019.0,14023.0,14192.0,14613.0,14570.0,15712.0,18264.0,19834.0,17869.0,17229.0,16390.0,15492.0,16452.0,16867.0,19974.0,21022.0,19811.0,21258.0,18571.0,19212.0,20452.0,18688.0,20133.0,19997.0,21260.0,22459.0,20201.0,19782.0,20511.0,20824.0,25298.0,26468.0,
MEX.26.26_2,21231915.0,MEX,Etchojoa,0.00877,12124.0,11163.0,12185.0,12073.0,12947.0,11329.0,12490.0,10906.0,10689.0,13284.0,14407.0,12926.0,12201.0,14207.0,14528.0,13652.0,17488.0,17092.0,16698.0,15064.0,16161.0,18178.0,18287.0,18705.0,17763.0,20135.0,21535.0,20613.0,18913.0,16300.0,15793.0,16007.0,16807.0,
MEX.26.27_2,21231916.0,MEX,Fronteras,0.00586,14835.0,16043.0,15755.0,15945.0,16409.0,14493.0,14742.0,13862.0,14440.0,16689.0,18440.0,17064.0,15450.0,17578.0,17842.0,16745.0,19454.0,18282.0,18363.0,17443.0,19494.0,22232.0,22348.0,21916.0,19752.0,22684.0,24748.0,20167.0,21224.0,21211.0,21798.0,22383.0,23149.0,
MEX.26.28_2,21231917.0,MEX,General Plutarco Elías Calles,0.00806,13933.0,14350.0,15464.0,15591.0,13533.0,13681.0,15163.0,14849.0,14978.0,16859.0,17748.0,16403.0,14952.0,17422.0,16625.0,19084.0,20010.0,19185.0,22314.0,18689.0,21095.0,23157.0,21307.0,21413.0,21189.0,22634.0,23491.0,22489.0,21585.0,20130.0,19263.0,19301.0,19943.0,
MEX.26.29_2,21231918.0,MEX,Granados,0.0086,13077.0,13186.0,13504.0,13667.0,14725.0,12450.0,14163.0,13484.0,14844.0,15737.0,17145.0,15606.0,14462.0,16626.0,16603.0,16472.0,19052.0,17784.0,20061.0,18495.0,19627.0,21218.0,21369.0,21551.0,20536.0,22216.0,23726.0,20372.0,21998.0,21938.0,21307.0,21646.0,22383.0,
MEX.26.30_2,21231919.0,MEX,Guaymas,0.00624,13075.0,13073.0,13514.0,13440.0,13726.0,12500.0,13659.0,11643.0,12354.0,16103.0,13472.0,14805.0,14396.0,15273.0,15755.0,16036.0,18017.0,15937.0,15994.0,14455.0,17279.0,19043.0,16804.0,17882.0,15344.0,18247.0,17848.0,15098.0,17181.0,19284.0,20650.0,25486.0,27238.0,
MEX.26.31_2,21231920.0,MEX,Hermosillo,0.01108,19863.0,20359.0,20782.0,20507.0,21080.0,20157.0,21127.0,22500.0,24235.0,24107.0,24217.0,23522.0,21812.0,26758.0,27768.0,28839.0,29729.0,32422.0,31623.0,29423.0,29561.0,31498.0,31915.0,33389.0,34234.0,35220.0,36264.0,39963.0,39185.0,38502.0,41390.0,43005.0,44721.0,
MEX.26.32_2,21231921.0,MEX,Huachinera,0.00558,19303.0,18943.0,19437.0,19671.0,21027.0,18427.0,20470.0,20106.0,22060.0,22802.0,24389.0,22524.0,20715.0,23457.0,23579.0,24209.0,26743.0,25686.0,25216.0,22993.0,24240.0,26187.0,27515.0,26982.0,25854.0,24056.0,27846.0,23755.0,28365.0,28206.0,27698.0,28443.0,29168.0,
MEX.26.33_2,21231922.0,MEX,Huásabas,0.00846,13077.0,13186.0,13504.0,13667.0,14725.0,12450.0,14163.0,13484.0,14844.0,15737.0,17145.0,15606.0,14462.0,16626.0,16603.0,16472.0,18861.0,17601.0,19754.0,18216.0,19321.0,20976.0,21122.0,21213.0,20536.0,22216.0,23726.0,20689.0,22312.0,22246.0,21617.0,21966.0,22715.0,
MEX.26.34_2,21231923.0,MEX,Huatabampo,0.00378,13791.0,16535.0,14464.0,17102.0,20759.0,15758.0,19176.0,19276.0,20815.0,21376.0,21217.0,19645.0,21147.0,22810.0,23614.0,21674.0,23922.0,20913.0,20163.0,18639.0,18767.0,19374.0,20184.0,21031.0,22146.0,21981.0,21543.0,20462.0,26034.0,22371.0,29968.0,30437.0,30444.0,
MEX.26.35_2,21231924.0,MEX,Huépac,0.0093,11241.0,11393.0,11621.0,11761.0,12725.0,10252.0,11247.0,10069.0,10516.0,12798.0,14687.0,12994.0,12030.0,14104.0,14027.0,12988.0,17316.0,16110.0,16385.0,15212.0,16500.0,17995.0,18201.0,18135.0,17122.0,18855.0,20905.0,18100.0,19654.0,19708.0,19300.0,19512.0,20163.0,
MEX.26.36_2,21231925.0,MEX,Imuris,0.00933,11115.0,11200.0,12978.0,13134.0,13689.0,11603.0,12310.0,11069.0,12800.0,14585.0,16277.0,15374.0,14475.0,15637.0,15864.0,14893.0,17335.0,17392.0,18068.0,16247.0,17801.0,20060.0,20434.0,20061.0,17348.0,21248.0,21427.0,20128.0,21086.0,20173.0,20847.0,22290.0,23219.0,
MEX.26.37_2,21231926.0,MEX,La Colorada,0.00696,13961.0,14211.0,14499.0,14674.0,15752.0,13335.0,14867.0,13814.0,14016.0,16407.0,18048.0,16441.0,15161.0,17316.0,17349.0,17000.0,19868.0,18533.0,19066.0,17614.0,19391.0,21294.0,20882.0,21331.0,19543.0,22207.0,23378.0,20392.0,21719.0,21792.0,19615.0,19996.0,20667.0,
MEX.26.38_2,21231927.0,MEX,Magdalena,0.01464,11687.0,12074.0,11577.0,11717.0,12665.0,13235.0,10896.0,12722.0,16316.0,13857.0,13771.0,13165.0,12484.0,13689.0,13693.0,19244.0,17390.0,16118.0,16671.0,14890.0,13283.0,13192.0,25225.0,22341.0,25555.0,23791.0,28613.0,29333.0,29170.0,29557.0,29401.0,30429.0,31683.0,
MEX.26.39_2,21231928.0,MEX,Mazatán,0.00901,11180.0,11350.0,11824.0,11967.0,13050.0,11140.0,12420.0,11298.0,11333.0,13924.0,15799.0,14121.0,12999.0,15172.0,14906.0,14426.0,17384.0,16175.0,16837.0,15563.0,16758.0,18185.0,17761.0,18652.0,17488.0,19246.0,19916.0,18758.0,20120.0,20417.0,19659.0,19812.0,20475.0,
MEX.26.40_2,21231929.0,MEX,Moctezuma,0.01066,10679.0,10728.0,10943.0,11727.0,12007.0,10226.0,11250.0,10102.0,10722.0,12658.0,14050.0,12780.0,11916.0,13676.0,13711.0,12737.0,17128.0,15772.0,17546.0,16051.0,17055.0,18616.0,18542.0,18975.0,17718.0,19509.0,20281.0,17538.0,19025.0,18917.0,20450.0,20867.0,21573.0,
MEX.26.41_2,21231930.0,MEX,Naco,0.00709,12781.0,12728.0,12134.0,13428.0,14430.0,12288.0,13955.0,13273.0,13882.0,15444.0,15934.0,14637.0,14068.0,15500.0,15713.0,15607.0,17693.0,17305.0,17731.0,15204.0,16926.0,16626.0,17346.0,18905.0,16888.0,20260.0,22812.0,18995.0,20872.0,20772.0,20276.0,20725.0,21591.0,
MEX.26.42_2,21231931.0,MEX,Nácori Chico,0.00727,19303.0,18943.0,19437.0,19671.0,21027.0,18427.0,20470.0,20106.0,22060.0,22802.0,24389.0,22524.0,20715.0,23457.0,23579.0,24209.0,26743.0,25686.0,25216.0,22993.0,33745.0,36449.0,37172.0,37697.0,36525.0,31818.0,27846.0,23755.0,28365.0,28206.0,27698.0,28443.0,29450.0,
MEX.26.43_2,21231932.0,MEX,Nacozari de García,0.01125,12115.0,12061.0,11978.0,12123.0,13292.0,10881.0,12352.0,11677.0,12109.0,13902.0,15524.0,13599.0,13057.0,15065.0,15056.0,14334.0,18884.0,17825.0,20290.0,18519.0,19818.0,21602.0,20632.0,21820.0,20348.0,21443.0,22244.0,19344.0,22167.0,23344.0,24314.0,23072.0,23865.0,
MEX.26.44_2,21231933.0,MEX,Navojoa,0.00414,16671.0,16656.0,17640.0,19521.0,20312.0,18874.0,20144.0,21757.0,23337.0,22974.0,22085.0,18996.0,17832.0,19954.0,19452.0,22138.0,22645.0,21594.0,20607.0,18901.0,19190.0,20424.0,21396.0,21626.0,21256.0,22092.0,25882.0,26089.0,23976.0,22688.0,26049.0,29852.0,31043.0,
MEX.26.45_2,21231934.0,MEX,Nogales,0.00541,19741.0,20486.0,18884.0,19111.0,20030.0,18469.0,18139.0,19118.0,20179.0,20638.0,23089.0,22247.0,18816.0,21203.0,21854.0,22329.0,24485.0,23641.0,20716.0,21345.0,22146.0,24282.0,25642.0,24524.0,23308.0,25559.0,28091.0,26749.0,28095.0,27249.0,26590.0,25393.0,26352.0,
MEX.26.46_2,21231935.0,MEX,Onavas,0.00792,13106.0,13216.0,13508.0,13671.0,14730.0,12364.0,14028.0,13383.0,14921.0,15585.0,17077.0,15507.0,14369.0,16524.0,16499.0,16354.0,18684.0,17430.0,19537.0,18020.0,19155.0,20719.0,20834.0,20918.0,19897.0,21554.0,23202.0,20187.0,21727.0,21672.0,21039.0,21288.0,22010.0,
MEX.26.47_2,21231936.0,MEX,Opodepe,0.00737,13032.0,13257.0,13246.0,13406.0,13693.0,12047.0,12197.0,11106.0,11529.0,13691.0,15350.0,14089.0,12753.0,14511.0,14710.0,13440.0,16064.0,16375.0,16565.0,15813.0,17684.0,20176.0,20252.0,20059.0,18069.0,20742.0,22398.0,17864.0,18854.0,18885.0,15751.0,16158.0,16676.0,
MEX.26.48_2,21231937.0,MEX,Oquitoa,0.00428,13272.0,13513.0,14107.0,14277.0,14733.0,13314.0,13241.0,12313.0,11991.0,13684.0,16147.0,14319.0,13167.0,14219.0,14190.0,12710.0,15377.0,14398.0,14164.0,13934.0,16295.0,17321.0,17505.0,18246.0,15617.0,18132.0,19458.0,18614.0,17212.0,17711.0,16686.0,16953.0,17624.0,
MEX.26.49_2,21231938.0,MEX,Pitiquito,0.01015,10762.0,10181.0,10723.0,10852.0,10908.0,11595.0,11599.0,10552.0,11655.0,13301.0,13009.0,13346.0,13113.0,13560.0,13520.0,13183.0,16578.0,15472.0,15484.0,14486.0,16182.0,18076.0,17709.0,18096.0,16801.0,18571.0,19579.0,22613.0,19641.0,18554.0,18145.0,19329.0,20440.0,
MEX.26.50_2,21231939.0,MEX,Puerto Peñasco,0.00633,15905.0,17070.0,16957.0,17161.0,16798.0,15426.0,16042.0,18184.0,18671.0,18099.0,17757.0,17950.0,15832.0,18213.0,19619.0,24295.0,23881.0,23962.0,22968.0,20981.0,21606.0,24078.0,24555.0,24140.0,21565.0,22280.0,24666.0,23015.0,22306.0,21135.0,20798.0,25222.0,26229.0,
MEX.26.51_2,21231940.0,MEX,Quiriego,0.00741,13494.0,13705.0,14070.0,14239.0,15435.0,12895.0,14514.0,13390.0,13628.0,16150.0,17970.0,16238.0,14870.0,17355.0,17135.0,16956.0,19758.0,18488.0,18865.0,17602.0,19206.0,21098.0,20681.0,21126.0,19530.0,21993.0,22803.0,19903.0,21656.0,21946.0,21152.0,21294.0,22016.0,
MEX.26.52_2,21231941.0,MEX,Rayón,0.00864,11180.0,11350.0,11824.0,11967.0,13050.0,11140.0,12420.0,11298.0,11333.0,13924.0,15799.0,14121.0,12999.0,15172.0,14906.0,14426.0,17384.0,16175.0,16837.0,15563.0,16758.0,18185.0,17761.0,18652.0,17488.0,19246.0,19916.0,17208.0,18922.0,19065.0,19659.0,19812.0,20475.0,
MEX.26.53_2,21231942.0,MEX,Rosario,0.01137,11711.0,11871.0,12179.0,12326.0,13427.0,10762.0,11559.0,10559.0,10635.0,13210.0,15474.0,13678.0,12223.0,14257.0,14546.0,13695.0,18429.0,17184.0,18749.0,17730.0,19087.0,20985.0,21109.0,21243.0,19918.0,21922.0,22967.0,19975.0,20148.0,20192.0,19433.0,19623.0,20279.0,
MEX.26.54_2,21231943.0,MEX,Sahuaripa,0.00638,18630.0,18258.0,18754.0,18980.0,20302.0,17817.0,19911.0,19490.0,21240.0,22117.0,23621.0,21792.0,20024.0,22702.0,22809.0,23482.0,26195.0,25157.0,24580.0,22262.0,23465.0,25614.0,27203.0,26663.0,25574.0,23723.0,27540.0,23302.0,28075.0,27927.0,27418.0,29271.0,30311.0,
MEX.26.55_2,21231944.0,MEX,San Felipe de Jesús,0.01056,11241.0,11393.0,11621.0,11761.0,12725.0,10252.0,11247.0,10069.0,10516.0,12798.0,14687.0,12994.0,12030.0,13933.0,13853.0,12764.0,17142.0,15942.0,17798.0,16280.0,17583.0,19359.0,19366.0,19556.0,18321.0,20117.0,20905.0,18100.0,19654.0,19708.0,19300.0,19512.0,20163.0,
MEX.26.56_2,21231945.0,MEX,San Ignacio Río Muerto,0.00671,12495.0,13048.0,12205.0,12352.0,13857.0,11276.0,12077.0,10906.0,12240.0,13361.0,14509.0,13391.0,12923.0,13788.0,13972.0,13261.0,15743.0,14701.0,14619.0,13934.0,15715.0,16989.0,17457.0,17432.0,15483.0,18449.0,20432.0,17425.0,18745.0,18234.0,17295.0,17761.0,18509.0,
MEX.26.57_2,21231946.0,MEX,San Javier,0.01007,11510.0,11666.0,11906.0,12049.0,13028.0,10482.0,11492.0,10332.0,10795.0,13076.0,14964.0,13261.0,12282.0,14208.0,14134.0,13070.0,17465.0,16254.0,17934.0,16381.0,17718.0,19446.0,19428.0,19619.0,18347.0,20183.0,21048.0,18237.0,19790.0,19841.0,19434.0,19623.0,20279.0,
MEX.26.58_2,21231947.0,MEX,San Luis Río Colorado,0.00378,15652.0,16137.0,17956.0,17505.0,18729.0,18430.0,20834.0,22004.0,23300.0,22124.0,21272.0,21335.0,20541.0,21884.0,22357.0,23518.0,25456.0,24677.0,24229.0,21644.0,20489.0,20926.0,21636.0,22028.0,24285.0,24304.0,24966.0,23751.0,24018.0,22642.0,21430.0,25433.0,26608.0,
MEX.26.59_2,21231948.0,MEX,San Miguel de Horcasitas,0.00643,14499.0,14354.0,14679.0,14290.0,15224.0,12878.0,13948.0,12992.0,12855.0,14813.0,16991.0,15688.0,14357.0,14774.0,15057.0,15193.0,17365.0,14992.0,14049.0,13184.0,16736.0,18514.0,18344.0,17575.0,15748.0,18427.0,21333.0,20847.0,20659.0,20282.0,19466.0,19629.0,20451.0,
MEX.26.60_2,21231949.0,MEX,San Pedro de la Cueva,0.00564,19303.0,18943.0,19437.0,19671.0,21027.0,18427.0,20470.0,20106.0,22060.0,22802.0,24389.0,22524.0,20715.0,23457.0,23579.0,24209.0,26743.0,25686.0,25216.0,22993.0,24240.0,26187.0,27515.0,26982.0,25854.0,24056.0,27846.0,23755.0,28365.0,28206.0,27698.0,28443.0,29450.0,
MEX.26.61_2,21231950.0,MEX,Santa Ana,0.00723,11409.0,11428.0,12126.0,12590.0,13341.0,11341.0,12602.0,11500.0,11575.0,13940.0,14544.0,13383.0,12738.0,14109.0,14292.0,13662.0,16024.0,16631.0,16214.0,14567.0,16436.0,17490.0,18087.0,19310.0,15901.0,19385.0,20540.0,18171.0,15793.0,17563.0,14247.0,13888.0,15821.0,
MEX.26.62_2,21231951.0,MEX,Santa Cruz,0.00699,11642.0,11843.0,11852.0,11995.0,12752.0,11082.0,11337.0,9704.0,9826.0,12548.0,13981.0,12737.0,11163.0,13117.0,13286.0,12453.0,15269.0,14164.0,14363.0,13551.0,15399.0,17370.0,17592.0,17484.0,15500.0,16832.0,19542.0,16543.0,17012.0,17014.0,15452.0,15951.0,16627.0,
MEX.26.63_2,21231952.0,MEX,Sáric,0.00546,13287.0,13517.0,14151.0,14322.0,14705.0,12885.0,13028.0,12025.0,12493.0,14751.0,15582.0,14279.0,12932.0,15658.0,15881.0,14609.0,17307.0,16130.0,16334.0,15582.0,17483.0,19929.0,19975.0,19777.0,17752.0,20447.0,22163.0,17805.0,18795.0,18827.0,15777.0,16178.0,16696.0,
MEX.26.64_2,21231953.0,MEX,Soyopa,0.01047,10575.0,10703.0,10908.0,11040.0,11968.0,9508.0,10724.0,9772.0,10764.0,11969.0,13875.0,12197.0,11246.0,13111.0,13013.0,12493.0,16226.0,15059.0,16514.0,15330.0,16653.0,18076.0,18221.0,18192.0,17106.0,18876.0,19978.0,17191.0,18758.0,18757.0,18144.0,18295.0,18897.0,
MEX.26.65_2,21231954.0,MEX,Suaqui Grande,0.00905,11241.0,11393.0,11621.0,11761.0,11617.0,9231.0,10429.0,9456.0,10516.0,12798.0,14687.0,12994.0,12030.0,13933.0,13853.0,12764.0,15838.0,14684.0,16161.0,15010.0,16328.0,17722.0,17860.0,17823.0,16739.0,18490.0,19574.0,17913.0,19469.0,19526.0,19117.0,19297.0,19940.0,
MEX.26.66_2,21231955.0,MEX,Tepache,0.00544,12855.0,18680.0,19191.0,19422.0,20766.0,18236.0,20338.0,19965.0,21928.0,22573.0,24160.0,22303.0,20507.0,23229.0,23347.0,24064.0,26570.0,25518.0,24973.0,22773.0,24016.0,25940.0,27263.0,26724.0,25598.0,23787.0,27565.0,19930.0,21472.0,21421.0,20787.0,21028.0,21740.0,
MEX.26.67_2,21231956.0,MEX,Trincheras,0.00775,9994.0,10142.0,10873.0,10987.0,11194.0,9564.0,10069.0,9169.0,9248.0,11103.0,12175.0,11124.0,10119.0,11370.0,11502.0,10854.0,12892.0,11796.0,12051.0,11533.0,13332.0,14585.0,15092.0,14868.0,12845.0,16071.0,16977.0,15181.0,15857.0,15693.0,15404.0,15787.0,16456.0,
MEX.26.68_2,21231957.0,MEX,Tubutama,0.00694,10626.0,10904.0,11293.0,11430.0,11529.0,10006.0,10353.0,9547.0,9203.0,11424.0,12591.0,11433.0,10411.0,11583.0,11720.0,11442.0,13373.0,12260.0,12998.0,12139.0,14056.0,15398.0,15922.0,15663.0,13729.0,16903.0,18167.0,15285.0,15854.0,15690.0,14665.0,15059.0,15699.0,
MEX.26.69_2,21231958.0,MEX,Ures,0.00763,10914.0,11102.0,11156.0,11290.0,11382.0,9955.0,10314.0,9479.0,9667.0,11913.0,13054.0,11912.0,10380.0,12077.0,12224.0,11980.0,13917.0,12941.0,13204.0,12933.0,14861.0,16835.0,16997.0,16876.0,14933.0,17070.0,17813.0,15041.0,16368.0,16324.0,15319.0,15854.0,16526.0,
MEX.26.70_2,21231959.0,MEX,Villa Hidalgo,0.00535,19303.0,18943.0,19437.0,19671.0,21027.0,18427.0,20470.0,20106.0,22060.0,22802.0,24389.0,22524.0,20715.0,23457.0,23579.0,24209.0,26743.0,25686.0,24973.0,22773.0,24016.0,25940.0,27263.0,26724.0,25598.0,23787.0,27565.0,23486.0,28099.0,27944.0,20787.0,21028.0,21740.0,
MEX.26.71_2,21231960.0,MEX,Villa Pesqueira,0.01139,11711.0,11871.0,12179.0,12326.0,13427.0,10762.0,11559.0,10559.0,10635.0,13210.0,15474.0,13678.0,12223.0,14257.0,14546.0,13695.0,18429.0,17184.0,18749.0,17730.0,19087.0,20985.0,21109.0,21243.0,19918.0,21922.0,22967.0,19975.0,21513.0,20192.0,19433.0,19623.0,20279.0,
MEX.26.72_2,21231961.0,MEX,Yécora,0.01107,10237.0,10359.0,10578.0,10706.0,11617.0,9231.0,10530.0,9456.0,10844.0,11635.0,13542.0,11876.0,10943.0,12780.0,12676.0,12266.0,15838.0,14684.0,16161.0,15010.0,16335.0,18076.0,18221.0,18192.0,17106.0,18876.0,19978.0,16805.0,18376.0,18381.0,19117.0,19297.0,19940.0,
MEX.27.1_2,21231962.0,MEX,Balancán,0.01842,6654.0,8700.0,8306.0,8248.0,7896.0,7733.0,9175.0,8727.0,7473.0,8577.0,9748.0,9041.0,8233.0,15258.0,15261.0,18207.0,23203.0,24292.0,28105.0,21403.0,27612.0,29312.0,32318.0,26796.0,29012.0,20297.0,16644.0,16898.0,17413.0,19246.0,20686.0,21301.0,20799.0,
MEX.27.2_2,21231963.0,MEX,Cárdenas,0.02324,8796.0,8941.0,8834.0,8824.0,8697.0,9432.0,9051.0,9954.0,9304.0,12074.0,12713.0,13165.0,11420.0,16939.0,18704.0,23087.0,28187.0,28567.0,33829.0,30403.0,33769.0,39826.0,38896.0,34308.0,35376.0,24031.0,21274.0,18274.0,16845.0,16523.0,15573.0,15677.0,17798.0,
MEX.27.3_2,21231964.0,MEX,Centla,0.03063,542.0,3086.0,3114.0,3106.0,5974.0,6281.0,7593.0,8272.0,9368.0,8099.0,9021.0,9459.0,8737.0,11475.0,11654.0,13384.0,17306.0,18903.0,24748.0,18295.0,24147.0,25577.0,26210.0,23243.0,22785.0,18425.0,16607.0,15564.0,14812.0,13366.0,13992.0,12886.0,13932.0,
MEX.27.4_2,21231965.0,MEX,Centro,0.01718,17761.0,16095.0,16148.0,16085.0,16159.0,16014.0,15075.0,15676.0,15972.0,14608.0,14197.0,14503.0,14272.0,26755.0,30506.0,32272.0,34171.0,37721.0,42930.0,39113.0,41894.0,48398.0,45565.0,43518.0,41256.0,34735.0,36358.0,37215.0,36369.0,35972.0,34109.0,36427.0,37428.0,
MEX.27.5_2,21231966.0,MEX,Comalcalco,0.01501,9047.0,10232.0,10320.0,10011.0,10674.0,10782.0,12382.0,12789.0,11324.0,12841.0,13537.0,13915.0,12822.0,32026.0,36779.0,39183.0,43466.0,40454.0,40657.0,36676.0,39995.0,41935.0,43044.0,37402.0,38170.0,26182.0,22744.0,23434.0,21003.0,22793.0,22115.0,24322.0,25107.0,
MEX.27.6_2,21231967.0,MEX,Cunduacán,0.01866,13075.0,14321.0,13568.0,15150.0,12226.0,8441.0,8097.0,6822.0,7125.0,6214.0,7291.0,8360.0,7510.0,15997.0,17990.0,21259.0,26265.0,26743.0,29176.0,23688.0,26506.0,30800.0,33507.0,36392.0,30808.0,24912.0,21548.0,22570.0,23262.0,23511.0,22286.0,22908.0,24537.0,
MEX.27.7_2,21231968.0,MEX,Emiliano Zapata,0.00449,6306.0,8172.0,19701.0,19522.0,19595.0,19614.0,20690.0,13561.0,12803.0,11645.0,13274.0,14983.0,15009.0,11721.0,14420.0,14620.0,19339.0,19850.0,20738.0,23308.0,25136.0,27343.0,37354.0,23732.0,24686.0,16476.0,14297.0,14638.0,14284.0,13903.0,13958.0,14468.0,15144.0,
MEX.27.8_2,21231969.0,MEX,Huimanguillo,0.0121,13653.0,14413.0,14316.0,14021.0,13450.0,12201.0,9245.0,9307.0,9921.0,9613.0,9298.0,9951.0,9240.0,13588.0,17034.0,19799.0,23847.0,27578.0,30479.0,24740.0,27513.0,31304.0,30346.0,27920.0,29379.0,21759.0,15538.0,16155.0,17502.0,17292.0,15639.0,15752.0,16616.0,
MEX.27.9_2,21231970.0,MEX,Jalapa,0.02744,5445.0,6559.0,6361.0,7103.0,5355.0,6110.0,6521.0,7776.0,8972.0,7576.0,8209.0,8997.0,7589.0,11537.0,12439.0,16472.0,20728.0,25730.0,29854.0,24248.0,28410.0,31450.0,33679.0,28109.0,30154.0,21848.0,21064.0,19273.0,17553.0,16632.0,18140.0,18289.0,19677.0,
MEX.27.10_2,21231971.0,MEX,Jalpa de Méndez,0.022,8274.0,9759.0,9786.0,9498.0,11784.0,11948.0,13131.0,13231.0,11515.0,13244.0,13366.0,13499.0,12033.0,25799.0,30546.0,30454.0,31209.0,33015.0,35877.0,30065.0,33174.0,42147.0,45534.0,39703.0,40826.0,30808.0,24524.0,28446.0,26345.0,26817.0,26262.0,28304.0,29422.0,
MEX.27.11_2,21231972.0,MEX,Jonuta,0.01801,7554.0,9588.0,9427.0,8956.0,9018.0,9814.0,9555.0,9619.0,8971.0,9797.0,10840.0,10743.0,8493.0,19351.0,20722.0,22432.0,29690.0,23426.0,29803.0,23545.0,29273.0,30467.0,30083.0,24242.0,25690.0,18441.0,20402.0,20515.0,20118.0,27480.0,26622.0,27629.0,28923.0,
MEX.27.12_2,21231973.0,MEX,Macuspana,0.02546,2800.0,4522.0,5796.0,6265.0,6518.0,6399.0,6671.0,8453.0,8481.0,7391.0,7960.0,8824.0,7421.0,13772.0,17467.0,18602.0,26265.0,24959.0,25551.0,18890.0,23339.0,24596.0,23718.0,21094.0,22007.0,18056.0,15564.0,15086.0,15747.0,17009.0,17099.0,16198.0,16640.0,
MEX.27.13_2,21231974.0,MEX,Nacajuca,0.02697,12615.0,9687.0,9513.0,9443.0,8544.0,8264.0,12432.0,11784.0,12044.0,11564.0,11584.0,12550.0,20783.0,38999.0,45313.0,48593.0,28863.0,30709.0,38986.0,34372.0,37079.0,52140.0,57646.0,50084.0,51045.0,40674.0,33146.0,34466.0,25893.0,26824.0,25043.0,28860.0,25480.0,
MEX.27.14_2,21231975.0,MEX,Paraíso,0.01554,11788.0,10497.0,9984.0,9908.0,11844.0,11469.0,11572.0,10978.0,9526.0,10181.0,10176.0,10737.0,10213.0,20120.0,25981.0,31075.0,32319.0,28028.0,26569.0,31362.0,34226.0,38522.0,35646.0,30514.0,31169.0,24333.0,19753.0,23738.0,17813.0,17735.0,19768.0,22141.0,22909.0,
MEX.27.15_2,21231976.0,MEX,Tacotalpa,0.01826,6354.0,9154.0,10077.0,9917.0,8989.0,8371.0,9272.0,8910.0,10591.0,9163.0,9617.0,10052.0,9931.0,16543.0,17863.0,20841.0,23717.0,22930.0,28440.0,22526.0,33151.0,35512.0,38194.0,33612.0,32145.0,23448.0,18892.0,19343.0,18958.0,19877.0,18403.0,19568.0,20243.0,
MEX.27.16_2,21231977.0,MEX,Teapa,0.01828,8922.0,7884.0,8680.0,12038.0,13206.0,14150.0,16604.0,16295.0,15892.0,16330.0,14885.0,16576.0,15582.0,40573.0,38937.0,43172.0,56614.0,43835.0,39386.0,30888.0,38075.0,42094.0,45407.0,37550.0,43725.0,31867.0,27514.0,16680.0,15506.0,16268.0,18093.0,18668.0,20058.0,
MEX.27.17_2,21231978.0,MEX,Tenosique,0.02576,3525.0,6372.0,6954.0,6743.0,7062.0,6961.0,7219.0,7180.0,7003.0,9280.0,9614.0,11375.0,10506.0,24093.0,22723.0,26559.0,24238.0,27194.0,30762.0,26044.0,31592.0,34331.0,36484.0,31183.0,32469.0,24240.0,19400.0,18120.0,17603.0,17894.0,18407.0,19731.0,20824.0,
MEX.28.1_2,21231979.0,MEX,Abasolo,0.00836,9685.0,9600.0,9730.0,9818.0,10972.0,9330.0,10428.0,8958.0,9463.0,10416.0,14803.0,14858.0,14144.0,15720.0,16122.0,15391.0,16017.0,16823.0,17400.0,14152.0,14160.0,14457.0,13941.0,13504.0,14273.0,16989.0,19814.0,17734.0,18034.0,16721.0,16142.0,17454.0,18030.0,
MEX.28.2_2,21231980.0,MEX,Aldama,0.01071,8655.0,8482.0,8526.0,8789.0,9901.0,8150.0,9134.0,10356.0,10337.0,10582.0,14492.0,14609.0,12936.0,14827.0,16437.0,15402.0,15708.0,16667.0,16487.0,12948.0,13200.0,12987.0,13560.0,12017.0,14307.0,17196.0,20121.0,18397.0,18353.0,17760.0,17117.0,18853.0,19475.0,
MEX.28.3_2,21231981.0,MEX,Altamira,0.00433,12134.0,12311.0,12038.0,12508.0,13324.0,12308.0,11622.0,13441.0,14231.0,17809.0,15745.0,15921.0,16479.0,20460.0,21432.0,22936.0,22690.0,22690.0,24465.0,19308.0,17040.0,20539.0,18811.0,18829.0,18745.0,17218.0,14420.0,17496.0,18000.0,17507.0,16220.0,17407.0,17987.0,
MEX.28.4_2,21231982.0,MEX,Antiguo Morelos,0.00455,9556.0,9167.0,9277.0,9987.0,11004.0,9241.0,9162.0,9022.0,10848.0,10708.0,12661.0,13659.0,12275.0,13166.0,13263.0,12117.0,12674.0,12148.0,12100.0,11112.0,11556.0,10573.0,9350.0,9424.0,10071.0,13231.0,15887.0,14590.0,13906.0,13164.0,13718.0,13970.0,14431.0,
MEX.28.5_2,21231983.0,MEX,Burgos,0.00865,9035.0,8716.0,9229.0,9218.0,9692.0,9196.0,10835.0,10384.0,10958.0,10179.0,14912.0,14287.0,13292.0,14948.0,15440.0,15295.0,15722.0,16349.0,16692.0,12646.0,13419.0,13707.0,13074.0,12651.0,13214.0,14890.0,17209.0,15771.0,16239.0,15907.0,15179.0,16583.0,17131.0,
MEX.28.6_2,21231984.0,MEX,Bustamante,0.00934,8385.0,8118.0,8122.0,8501.0,9590.0,7935.0,9111.0,8943.0,10066.0,12147.0,15710.0,16017.0,14809.0,16045.0,16964.0,17087.0,17270.0,18080.0,19065.0,15534.0,14642.0,15346.0,14353.0,13840.0,14267.0,15731.0,18340.0,16815.0,19388.0,17613.0,16545.0,18066.0,18662.0,
MEX.28.7_2,21231985.0,MEX,Camargo,0.00302,11689.0,11510.0,10683.0,10875.0,12236.0,9778.0,10678.0,10192.0,10342.0,11788.0,13780.0,13924.0,12890.0,14469.0,14408.0,14873.0,14103.0,14926.0,14287.0,11385.0,11757.0,10923.0,10514.0,10293.0,10995.0,12873.0,15343.0,13973.0,14253.0,14725.0,13857.0,15129.0,15628.0,
MEX.28.8_2,21231986.0,MEX,Casas,0.0081,8043.0,8112.0,8020.0,8492.0,9206.0,7703.0,8456.0,8451.0,8541.0,9030.0,12670.0,12435.0,11001.0,12451.0,12722.0,12560.0,12922.0,14098.0,14128.0,10674.0,10934.0,10790.0,10371.0,10170.0,10854.0,13596.0,16137.0,14776.0,14614.0,13881.0,12602.0,14326.0,14799.0,
MEX.28.9_2,21231987.0,MEX,Ciudad Madero,0.00313,20634.0,19409.0,19153.0,19047.0,20468.0,18179.0,18225.0,19388.0,21351.0,20157.0,23516.0,22429.0,20748.0,23085.0,24073.0,24248.0,26458.0,27340.0,24777.0,19819.0,21341.0,22056.0,21821.0,21511.0,21780.0,23568.0,25099.0,24076.0,23511.0,24171.0,23221.0,23443.0,24222.0,
MEX.28.10_2,21231988.0,MEX,Cruillas,0.00901,9035.0,8716.0,9229.0,9218.0,9692.0,9196.0,10835.0,10384.0,10958.0,10566.0,15367.0,15167.0,14235.0,15849.0,16390.0,15670.0,16456.0,16349.0,16692.0,12646.0,13419.0,13707.0,13074.0,12651.0,13214.0,14890.0,17209.0,15771.0,16239.0,16968.0,16278.0,17672.0,18256.0,
MEX.28.11_2,21231989.0,MEX,El Mante,0.00764,11918.0,11820.0,11873.0,12081.0,12259.0,12211.0,12848.0,12730.0,12879.0,14602.0,14668.0,13937.0,13934.0,15724.0,17379.0,17869.0,19971.0,20200.0,21508.0,15904.0,16782.0,18819.0,18421.0,18513.0,17919.0,17099.0,19555.0,17184.0,17326.0,17028.0,15969.0,17270.0,17835.0,
MEX.28.12_2,21231990.0,MEX,Gómez Farías,0.006,9557.0,9169.0,9968.0,9980.0,11006.0,9269.0,9288.0,9031.0,10630.0,10493.0,12764.0,13835.0,12981.0,14334.0,14426.0,13447.0,13610.0,14051.0,14294.0,11886.0,12521.0,11357.0,10190.0,10236.0,10816.0,13751.0,15568.0,16433.0,15542.0,14755.0,14363.0,15431.0,15940.0,
MEX.28.13_2,21231991.0,MEX,González,0.00856,8517.0,8148.0,7989.0,8397.0,9729.0,8621.0,8377.0,8135.0,9381.0,9713.0,13030.0,13646.0,12080.0,13713.0,14159.0,13812.0,13671.0,14395.0,14703.0,11622.0,11790.0,11611.0,12123.0,11263.0,11265.0,13425.0,16945.0,15997.0,15766.0,14976.0,14691.0,16098.0,16706.0,
MEX.28.14_2,21231992.0,MEX,Güémez,0.00543,9564.0,9861.0,9885.0,10416.0,11103.0,9681.0,10283.0,9745.0,11021.0,10879.0,11842.0,12202.0,12173.0,13829.0,13885.0,13076.0,12738.0,13077.0,12376.0,10721.0,11711.0,10869.0,9753.0,9798.0,10698.0,13629.0,15995.0,14764.0,13687.0,14768.0,14052.0,15029.0,15525.0,
MEX.28.15_2,21231993.0,MEX,Guerrero,0.00301,11943.0,11723.0,11704.0,12884.0,14420.0,11230.0,11982.0,10899.0,12287.0,12608.0,12702.0,13313.0,13002.0,15303.0,15155.0,15452.0,15509.0,16227.0,14541.0,12247.0,11867.0,11469.0,11508.0,11380.0,11811.0,13849.0,14762.0,13985.0,14796.0,14808.0,13495.0,14922.0,15415.0,
MEX.28.16_2,21231994.0,MEX,Gustavo Díaz Ordaz,0.01151,11663.0,9948.0,10528.0,10440.0,11145.0,10437.0,10448.0,9344.0,11488.0,11255.0,14797.0,16464.0,19006.0,21386.0,22721.0,21866.0,24852.0,26563.0,26581.0,21861.0,21052.0,18601.0,13742.0,13167.0,12952.0,13740.0,18044.0,20010.0,21344.0,22040.0,20979.0,21622.0,22336.0,
MEX.28.17_2,21231995.0,MEX,Hidalgo,0.00791,9052.0,8878.0,8446.0,9191.0,10271.0,7796.0,8772.0,8781.0,9348.0,9135.0,12965.0,12739.0,11480.0,14827.0,15044.0,14070.0,14341.0,15297.0,15051.0,13062.0,13313.0,13112.0,12335.0,12165.0,13099.0,15730.0,18453.0,17031.0,15602.0,15087.0,14655.0,16109.0,16641.0,
MEX.28.18_2,21231996.0,MEX,Jaumave,0.00764,7931.0,8001.0,7931.0,8175.0,8744.0,8664.0,8746.0,8009.0,8222.0,8700.0,11971.0,11749.0,10354.0,11842.0,12080.0,11678.0,12547.0,13253.0,13367.0,10094.0,10245.0,9802.0,9691.0,9501.0,10535.0,13303.0,15285.0,14088.0,13709.0,12973.0,12176.0,13379.0,13820.0,
MEX.28.19_2,21231997.0,MEX,Jiménez,0.00566,11089.0,10793.0,10936.0,11296.0,12485.0,10754.0,11173.0,11114.0,11526.0,11488.0,15566.0,15806.0,14858.0,16481.0,16924.0,15176.0,15731.0,16734.0,17110.0,13174.0,12935.0,13292.0,13053.0,12671.0,13249.0,16236.0,18154.0,16583.0,17368.0,16889.0,16220.0,17584.0,18164.0,
MEX.28.20_2,21231998.0,MEX,Llera,0.00693,8750.0,8868.0,8479.0,9164.0,9830.0,7928.0,8907.0,8664.0,8749.0,9093.0,13189.0,12830.0,11251.0,13237.0,13551.0,12940.0,13331.0,14224.0,13940.0,10630.0,10472.0,10391.0,9840.0,9791.0,10582.0,13043.0,15044.0,13890.0,14523.0,13900.0,13271.0,14891.0,15383.0,
MEX.28.21_2,21231999.0,MEX,Mainero,0.00225,10149.0,9794.0,9691.0,10239.0,12108.0,9436.0,11307.0,11307.0,12797.0,10721.0,13186.0,14186.0,11930.0,13774.0,14356.0,13581.0,12940.0,13676.0,12935.0,9871.0,9371.0,8814.0,9190.0,9093.0,9384.0,11522.0,13055.0,13455.0,13280.0,13286.0,12772.0,13973.0,14435.0,
MEX.28.22_2,21232000.0,MEX,Matamoros,0.00401,21293.0,23107.0,23749.0,24034.0,25206.0,24105.0,25278.0,25448.0,27641.0,28500.0,26395.0,25265.0,28534.0,32941.0,34643.0,35563.0,35436.0,32527.0,33715.0,38051.0,37296.0,25729.0,25026.0,24908.0,25070.0,25969.0,24836.0,24808.0,24364.0,25038.0,23844.0,25744.0,26600.0,
MEX.28.23_2,21232001.0,MEX,Méndez,0.01015,9353.0,9083.0,9200.0,9572.0,10789.0,8966.0,10313.0,10448.0,10911.0,10873.0,13919.0,14042.0,14131.0,15370.0,15753.0,15235.0,16498.0,17305.0,17905.0,14492.0,14324.0,14743.0,14217.0,13932.0,14545.0,17302.0,20072.0,17912.0,18478.0,17167.0,16240.0,17605.0,18187.0,
MEX.28.24_2,21232002.0,MEX,Mier,0.00451,13601.0,12490.0,13111.0,13840.0,15389.0,13657.0,14028.0,13548.0,14225.0,13270.0,17157.0,18280.0,16234.0,19137.0,19725.0,19343.0,19022.0,19033.0,19234.0,14701.0,15184.0,14589.0,14307.0,14062.0,14473.0,17597.0,20905.0,18367.0,19182.0,18243.0,17155.0,18677.0,19294.0,
MEX.28.25_2,21232003.0,MEX,Miguel Alemán,0.00422,16174.0,16763.0,16929.0,17424.0,18001.0,19530.0,20410.0,19741.0,20185.0,21594.0,20830.0,21331.0,21144.0,26297.0,27946.0,29217.0,30134.0,32780.0,33595.0,22342.0,19928.0,22737.0,24267.0,24408.0,23239.0,21893.0,20841.0,20888.0,22507.0,21725.0,19717.0,21917.0,22678.0,
MEX.28.26_2,21232004.0,MEX,Miquihuana,0.0087,8956.0,9198.0,9229.0,9298.0,10003.0,9128.0,10312.0,9772.0,11167.0,12072.0,15447.0,15167.0,13740.0,15675.0,16390.0,16805.0,16892.0,16703.0,17063.0,13636.0,13723.0,14797.0,13376.0,12754.0,13007.0,15040.0,17146.0,16045.0,16288.0,17033.0,16116.0,17497.0,18075.0,
MEX.28.27_2,21232005.0,MEX,Nuevo Laredo,0.00467,16840.0,16659.0,16444.0,16582.0,17380.0,15032.0,15234.0,16403.0,18569.0,18401.0,22285.0,22095.0,20986.0,21527.0,21248.0,21010.0,21246.0,20634.0,20279.0,18184.0,16455.0,17731.0,19912.0,19939.0,19826.0,22275.0,23070.0,22310.0,22390.0,23873.0,24320.0,23479.0,24259.0,
MEX.28.28_2,21232006.0,MEX,Nuevo Morelos,0.00719,8574.0,8175.0,8546.0,8866.0,10026.0,8939.0,8672.0,8476.0,9567.0,9596.0,12253.0,14674.0,13176.0,14868.0,14114.0,13472.0,13822.0,14570.0,15027.0,11769.0,12412.0,12197.0,12300.0,12050.0,12593.0,14907.0,16929.0,15901.0,15933.0,14984.0,12798.0,14361.0,14835.0,
MEX.28.29_2,21232007.0,MEX,Ocampo,0.0076,7994.0,8103.0,7920.0,8385.0,8893.0,7689.0,8478.0,8374.0,9082.0,9241.0,12370.0,12209.0,10775.0,12178.0,12659.0,12263.0,12625.0,13371.0,13817.0,10439.0,10700.0,10247.0,9927.0,9733.0,10416.0,13209.0,15738.0,14522.0,13829.0,13093.0,12605.0,13843.0,14300.0,
MEX.28.30_2,21232008.0,MEX,Padilla,0.00894,8080.0,7549.0,7459.0,7787.0,9112.0,8165.0,8094.0,7948.0,9226.0,8649.0,11496.0,12181.0,12495.0,14104.0,14474.0,13952.0,12923.0,13646.0,14011.0,11075.0,11708.0,11377.0,11490.0,11252.0,11866.0,14144.0,16821.0,15499.0,15093.0,13642.0,13342.0,14723.0,15209.0,
MEX.28.31_2,21232009.0,MEX,Palmillas,0.00729,10496.0,10245.0,10235.0,10594.0,11855.0,9876.0,10939.0,10832.0,10996.0,11041.0,15236.0,15108.0,13546.0,15504.0,15923.0,15223.0,15786.0,16746.0,17135.0,13242.0,13491.0,13310.0,12897.0,12694.0,13258.0,16133.0,18642.0,17151.0,17294.0,16727.0,16090.0,17731.0,18316.0,
MEX.28.32_2,21232010.0,MEX,Reynosa,0.00439,17145.0,17368.0,17818.0,17988.0,19028.0,18332.0,20030.0,21397.0,23408.0,22733.0,23958.0,23332.0,20673.0,23429.0,23139.0,24030.0,26362.0,26667.0,26185.0,19120.0,19930.0,22076.0,24890.0,24652.0,24815.0,25502.0,24903.0,25397.0,25984.0,26819.0,25789.0,27001.0,27897.0,
MEX.28.33_2,21232011.0,MEX,Río Bravo,0.00144,13912.0,13849.0,14910.0,14610.0,15212.0,14692.0,16763.0,17176.0,16828.0,17129.0,16548.0,16679.0,16260.0,20108.0,19008.0,20144.0,18004.0,19071.0,20734.0,15151.0,16136.0,18599.0,18447.0,18229.0,18543.0,17904.0,17389.0,16551.0,17043.0,15599.0,14640.0,15690.0,16036.0,
MEX.28.34_2,21232012.0,MEX,San Carlos,0.01015,9353.0,9083.0,9200.0,9572.0,10789.0,8966.0,10313.0,10448.0,10911.0,10781.0,13919.0,14042.0,14131.0,15370.0,15753.0,15125.0,16498.0,17305.0,17905.0,14492.0,14324.0,14743.0,14217.0,13776.0,14545.0,17302.0,20072.0,17912.0,18478.0,17167.0,16522.0,17911.0,18503.0,
MEX.28.35_2,21232013.0,MEX,San Fernando,0.00726,10597.0,10418.0,10025.0,10235.0,11259.0,9076.0,10011.0,10224.0,10366.0,10762.0,17122.0,17600.0,15513.0,17668.0,18011.0,17178.0,16987.0,18952.0,19162.0,14509.0,15890.0,15824.0,13862.0,14087.0,14794.0,17283.0,22345.0,20233.0,19761.0,19233.0,15606.0,17293.0,17864.0,
MEX.28.36_2,21232014.0,MEX,San Nicolás,0.00799,8444.0,8150.0,8976.0,8641.0,8825.0,8553.0,9583.0,8967.0,9497.0,10087.0,14912.0,14287.0,13292.0,14948.0,15440.0,15295.0,15722.0,16349.0,16692.0,14770.0,15340.0,16039.0,15435.0,14924.0,15439.0,16990.0,19380.0,17852.0,16239.0,15907.0,15179.0,16583.0,17131.0,
MEX.28.37_2,21232015.0,MEX,Soto la Marina,0.0098,8096.0,7830.0,7827.0,8208.0,9327.0,7792.0,9365.0,9446.0,9993.0,10567.0,15421.0,15801.0,14797.0,16587.0,16694.0,16360.0,16992.0,17801.0,18773.0,15030.0,15870.0,16330.0,15175.0,14720.0,15491.0,17727.0,20152.0,18452.0,19069.0,17293.0,16522.0,18041.0,18636.0,
MEX.28.38_2,21232016.0,MEX,Tampico,0.00807,12884.0,13360.0,13575.0,13567.0,14834.0,13351.0,14446.0,10125.0,10184.0,14397.0,19882.0,20508.0,19558.0,22387.0,24154.0,17250.0,18583.0,18513.0,18725.0,19972.0,23096.0,23226.0,21272.0,20418.0,22117.0,23965.0,17405.0,19006.0,17919.0,19895.0,18041.0,19582.0,20194.0,
MEX.28.39_2,21232017.0,MEX,Tula,0.00699,12048.0,10783.0,11040.0,10858.0,12479.0,10292.0,11543.0,11731.0,12009.0,12406.0,16076.0,16255.0,14924.0,16724.0,18036.0,17368.0,17828.0,18727.0,18914.0,14075.0,14350.0,13932.0,14105.0,13707.0,14287.0,17392.0,18726.0,18031.0,18318.0,18079.0,17030.0,18571.0,19184.0,
MEX.28.40_2,21232018.0,MEX,Valle Hermoso,-0.00189,14193.0,15044.0,15890.0,15637.0,16769.0,13445.0,13736.0,14085.0,16525.0,16574.0,14428.0,14661.0,16216.0,18079.0,19290.0,18609.0,16919.0,17351.0,18629.0,13484.0,15156.0,15462.0,13130.0,13573.0,13673.0,14152.0,14974.0,15198.0,13885.0,13698.0,12204.0,14096.0,14908.0,
MEX.28.41_2,21232019.0,MEX,Victoria,0.00063,20586.0,20934.0,21612.0,21498.0,22117.0,21105.0,20833.0,21489.0,20516.0,22512.0,20288.0,19643.0,21790.0,24702.0,24216.0,26328.0,25221.0,25497.0,28385.0,21317.0,20369.0,24210.0,21984.0,22307.0,21907.0,22036.0,19956.0,20582.0,21254.0,21182.0,20402.0,21967.0,22698.0,
MEX.28.42_2,21232020.0,MEX,Villagrán,0.00497,10149.0,10282.0,8855.0,9252.0,9861.0,9732.0,9422.0,8011.0,7682.0,9430.0,12790.0,12351.0,11041.0,12489.0,12868.0,12392.0,12177.0,12439.0,12456.0,9863.0,10024.0,9533.0,9406.0,9220.0,9706.0,11943.0,14497.0,13602.0,13356.0,12654.0,12867.0,14104.0,14570.0,
MEX.28.43_2,21232021.0,MEX,Xicoténcatl,0.00302,10971.0,11208.0,11591.0,11682.0,11481.0,10065.0,11601.0,10490.0,12119.0,11962.0,13305.0,15514.0,15080.0,14772.0,14405.0,14873.0,14669.0,13998.0,13351.0,12744.0,13361.0,12210.0,11285.0,11442.0,11723.0,14480.0,16073.0,15036.0,14139.0,13427.0,13922.0,14185.0,14653.0,
MEX.29.1_2,21232022.0,MEX,Acuamanala de Miguel Hidalgo,-0.0013,11009.0,11269.0,11060.0,10315.0,10707.0,9974.0,10706.0,12034.0,12105.0,11852.0,12075.0,12092.0,10776.0,13170.0,13780.0,10837.0,10040.0,10032.0,11042.0,10030.0,10446.0,9887.0,10875.0,10061.0,10316.0,10686.0,11383.0,10188.0,10133.0,11144.0,10145.0,10370.0,10682.0,
MEX.29.2_2,21232023.0,MEX,Amaxac de Guerrero,0.00159,8920.0,9485.0,9323.0,9392.0,9335.0,9047.0,8769.0,9424.0,9566.0,10956.0,11470.0,11033.0,10591.0,11594.0,13213.0,11602.0,10577.0,10642.0,11086.0,10515.0,11145.0,10354.0,10762.0,10426.0,10406.0,11351.0,11307.0,10918.0,10620.0,11831.0,10492.0,11044.0,11351.0,
MEX.29.3_2,21232024.0,MEX,Apetatitlán de Antonio Carvajal,0.00367,8426.0,8723.0,8902.0,8334.0,8414.0,8406.0,8682.0,9481.0,10019.0,9569.0,10369.0,9746.0,8777.0,10438.0,10561.0,9550.0,9401.0,9477.0,10165.0,8976.0,10130.0,9616.0,11157.0,9806.0,10042.0,11516.0,11581.0,11096.0,11252.0,12187.0,10542.0,11096.0,11518.0,
MEX.29.4_2,21232025.0,MEX,Apizaco,0.00171,6638.0,6616.0,6900.0,6771.0,6667.0,6498.0,7369.0,8131.0,8440.0,8355.0,8144.0,7610.0,7566.0,10418.0,10500.0,7924.0,8300.0,7915.0,8105.0,7800.0,8260.0,7750.0,8046.0,7642.0,7948.0,8432.0,8524.0,8027.0,8164.0,8877.0,7884.0,8326.0,8598.0,
MEX.29.5_2,21232026.0,MEX,Atlangatepec,0.00812,6297.0,6631.0,6877.0,6728.0,6474.0,6344.0,7453.0,7900.0,7850.0,7859.0,8794.0,8844.0,8280.0,9423.0,9627.0,9676.0,9090.0,8556.0,9271.0,8675.0,9215.0,9004.0,10528.0,9404.0,9442.0,10299.0,10368.0,11826.0,12116.0,12628.0,11395.0,11920.0,12423.0,
MEX.29.6_2,21232027.0,MEX,Atltzayanca,0.00533,6674.0,6636.0,6864.0,6760.0,6948.0,6523.0,7047.0,7787.0,7808.0,7568.0,8099.0,8761.0,8202.0,9341.0,10765.0,8630.0,7799.0,7308.0,7990.0,7581.0,7915.0,7893.0,9461.0,9218.0,8917.0,9673.0,9783.0,9747.0,10614.0,9916.0,8432.0,9512.0,9817.0,
MEX.29.7_2,21232028.0,MEX,Benito Juárez,0.00841,6886.0,7197.0,7353.0,7315.0,7211.0,7192.0,5894.0,7356.0,7940.0,5890.0,7037.0,7037.0,6576.0,8070.0,9584.0,7976.0,7499.0,7479.0,8277.0,8693.0,9273.0,8627.0,9428.0,9197.0,9542.0,11932.0,12911.0,12214.0,12346.0,12911.0,10096.0,10559.0,10904.0,
MEX.29.8_2,21232029.0,MEX,Calpulalpan,0.0,7662.0,7728.0,8000.0,6864.0,6702.0,7002.0,7775.0,8761.0,8534.0,7872.0,7475.0,7731.0,7256.0,7194.0,7948.0,5321.0,5943.0,5911.0,5812.0,5979.0,6566.0,6198.0,6515.0,6355.0,6447.0,7384.0,7781.0,7439.0,8222.0,8977.0,8584.0,8938.0,9639.0,
MEX.29.9_2,21232030.0,MEX,Chiautempan,-0.00364,9913.0,9951.0,10286.0,10231.0,10194.0,9346.0,10587.0,12150.0,12410.0,11956.0,11647.0,11309.0,9727.0,12864.0,13345.0,10416.0,10716.0,9928.0,10126.0,9824.0,11844.0,10406.0,9859.0,10281.0,11087.0,12830.0,10084.0,8407.0,8257.0,8801.0,7790.0,8228.0,8498.0,
MEX.29.10_2,21232031.0,MEX,Contla de Juan Cuamatzi,0.00386,6282.0,6490.0,6690.0,6914.0,7218.0,6648.0,7920.0,8293.0,8495.0,7497.0,8314.0,8855.0,8855.0,10676.0,11477.0,9070.0,9160.0,9188.0,9301.0,9416.0,9721.0,9287.0,9993.0,9230.0,9583.0,9972.0,9953.0,9142.0,9246.0,9452.0,8284.0,8703.0,9012.0,
MEX.29.11_2,21232032.0,MEX,Cuapiaxtla,0.00321,6945.0,6997.0,6515.0,6027.0,5816.0,6448.0,6798.0,8167.0,7948.0,7754.0,8050.0,7772.0,7664.0,9449.0,10005.0,8959.0,6671.0,6902.0,7430.0,7130.0,7195.0,6789.0,8161.0,7232.0,7249.0,8212.0,8246.0,8258.0,9522.0,10233.0,9600.0,9847.0,10150.0,
MEX.29.12_2,21232033.0,MEX,Cuaxomulco,-0.00081,9833.0,9971.0,10460.0,10331.0,10590.0,10023.0,11237.0,12506.0,12410.0,11956.0,11666.0,11268.0,10753.0,13224.0,14541.0,10492.0,10937.0,10301.0,10674.0,10278.0,11016.0,9981.0,9669.0,10023.0,10482.0,10642.0,10330.0,10139.0,10995.0,11300.0,10132.0,10669.0,10971.0,
MEX.29.13_2,21232034.0,MEX,El Carmen Tequexquitla,0.00493,7018.0,6980.0,6529.0,6904.0,6753.0,6553.0,6177.0,7904.0,7861.0,7264.0,7428.0,7365.0,6802.0,8471.0,8672.0,8268.0,8722.0,9049.0,7828.0,7956.0,8474.0,7835.0,9436.0,9261.0,8611.0,9679.0,9494.0,9101.0,9326.0,9803.0,8497.0,8923.0,9265.0,
MEX.29.14_2,21232035.0,MEX,Emiliano Zapata,0.00632,6509.0,6756.0,6787.0,7538.0,7313.0,7098.0,7750.0,8745.0,9258.0,8761.0,9582.0,10269.0,9354.0,10980.0,11338.0,11070.0,8563.0,9999.0,10830.0,10116.0,10817.0,10216.0,10574.0,10729.0,10789.0,12030.0,11850.0,11603.0,11719.0,12029.0,10716.0,11216.0,11579.0,
MEX.29.15_2,21232036.0,MEX,Españita,0.00108,8528.0,9148.0,9118.0,9172.0,8216.0,8887.0,9343.0,8804.0,8788.0,8477.0,8585.0,10122.0,9608.0,9578.0,10080.0,9808.0,8934.0,8835.0,9943.0,9299.0,9517.0,8872.0,10306.0,9367.0,9602.0,10446.0,9844.0,9678.0,10415.0,9282.0,7685.0,8258.0,8530.0,
MEX.29.16_2,21232037.0,MEX,Huamantla,0.00668,7076.0,6714.0,6799.0,6921.0,7018.0,6968.0,7025.0,7005.0,7020.0,7375.0,7284.0,8670.0,8482.0,10175.0,11399.0,10061.0,9111.0,9589.0,9723.0,9746.0,10200.0,9531.0,10040.0,9622.0,9671.0,10170.0,10041.0,10642.0,11150.0,10876.0,9053.0,9426.0,9841.0,
MEX.29.17_2,21232038.0,MEX,Hueyotlipan,0.00522,6838.0,7077.0,7186.0,6842.0,7663.0,6498.0,8542.0,9204.0,9484.0,8805.0,9542.0,10240.0,8664.0,12361.0,10828.0,11301.0,10798.0,9716.0,10475.0,9793.0,10545.0,9844.0,11039.0,10105.0,10116.0,11269.0,11915.0,11264.0,11900.0,12307.0,10730.0,11001.0,11345.0,
MEX.29.18_2,21232039.0,MEX,Ixtacuixtla de Mariano Matamoros,0.00456,9554.0,9425.0,9623.0,9041.0,10107.0,9297.0,9923.0,9666.0,9965.0,11112.0,11395.0,11871.0,10217.0,14410.0,15430.0,13392.0,11079.0,11193.0,11235.0,11456.0,12211.0,11437.0,12356.0,11966.0,11298.0,12943.0,12942.0,12893.0,12906.0,13496.0,11859.0,12472.0,12922.0,
MEX.29.19_2,21232040.0,MEX,Ixtenco,0.00394,7406.0,7401.0,7405.0,7938.0,7662.0,7342.0,8402.0,8756.0,8864.0,9639.0,9907.0,9797.0,8272.0,9163.0,10740.0,9479.0,8807.0,9328.0,9792.0,9533.0,10140.0,9233.0,10048.0,9636.0,9583.0,9929.0,9367.0,10741.0,10554.0,10817.0,9197.0,9454.0,9870.0,
MEX.29.20_2,21232041.0,MEX,La Magdalena Tlaltelulco,0.0032,15655.0,15641.0,15895.0,16538.0,17160.0,15557.0,16428.0,18020.0,18342.0,17870.0,17992.0,18611.0,17676.0,22967.0,24296.0,19878.0,19942.0,19326.0,19574.0,19035.0,20065.0,18880.0,18869.0,18620.0,20999.0,19662.0,21819.0,20318.0,21319.0,19854.0,17338.0,18363.0,18852.0,
MEX.29.21_2,21232042.0,MEX,Lázaro Cárdenas,0.00854,5737.0,6011.0,6242.0,6288.0,6148.0,5840.0,7101.0,7390.0,7816.0,7333.0,8297.0,8771.0,8138.0,10051.0,10083.0,9818.0,8781.0,8986.0,9512.0,9065.0,9744.0,9202.0,10680.0,9689.0,9732.0,10925.0,10794.0,10959.0,11047.0,11475.0,9799.0,10278.0,10429.0,
MEX.29.22_2,21232043.0,MEX,Mazatecochco de José María Morel,0.00143,9960.0,10152.0,10417.0,10002.0,9975.0,9478.0,10223.0,11475.0,11488.0,11582.0,11712.0,10971.0,10980.0,11593.0,12651.0,11321.0,9421.0,9337.0,10281.0,9725.0,10341.0,9696.0,11652.0,10014.0,10165.0,11158.0,12194.0,12069.0,11750.0,12427.0,10976.0,11549.0,11964.0,
MEX.29.23_2,21232044.0,MEX,Muñoz de Domingo Arenas,0.0042,6881.0,7207.0,7371.0,6947.0,7438.0,6582.0,8059.0,8615.0,8707.0,7748.0,8909.0,9530.0,8114.0,11329.0,11907.0,10623.0,10073.0,8968.0,9611.0,8844.0,9415.0,8732.0,10184.0,9140.0,9303.0,10416.0,10528.0,9875.0,10065.0,10494.0,9176.0,9595.0,9902.0,
MEX.29.24_2,21232045.0,MEX,Nanacamilpa de Mariano Arista,0.01098,5152.0,4967.0,5528.0,4616.0,5393.0,5309.0,5543.0,6013.0,6057.0,6106.0,6152.0,5377.0,4755.0,10376.0,11569.0,8353.0,7608.0,7633.0,7390.0,7265.0,8762.0,8020.0,8527.0,7950.0,6910.0,7985.0,9259.0,8641.0,13688.0,14346.0,12209.0,13243.0,13804.0,
MEX.29.25_2,21232046.0,MEX,Natívitas,0.0,8322.0,8180.0,8464.0,9691.0,10136.0,9531.0,10602.0,10701.0,9921.0,11274.0,11887.0,11825.0,11216.0,13948.0,15673.0,12671.0,11740.0,11196.0,11763.0,11421.0,12608.0,11614.0,12279.0,10942.0,11327.0,11524.0,10317.0,9590.0,10205.0,10455.0,9549.0,10002.0,10277.0,
MEX.29.26_2,21232047.0,MEX,Panotla,0.00294,8993.0,9686.0,9749.0,10346.0,10062.0,10135.0,11131.0,12502.0,12626.0,13864.0,13926.0,11790.0,11629.0,16627.0,16114.0,12892.0,12349.0,12421.0,12446.0,12218.0,12897.0,12801.0,12407.0,12185.0,12228.0,12849.0,13503.0,12889.0,13041.0,13339.0,13232.0,13533.0,13942.0,
MEX.29.27_2,21232048.0,MEX,Papalotla de Xicohténcatl,0.00689,8240.0,8495.0,8133.0,8723.0,10073.0,8384.0,9752.0,9062.0,10208.0,10675.0,11013.0,10460.0,10742.0,11753.0,12237.0,12071.0,10584.0,11512.0,12797.0,12815.0,13404.0,12691.0,13591.0,12378.0,12776.0,13268.0,11276.0,10724.0,10670.0,11067.0,8968.0,9998.0,10269.0,
MEX.29.28_2,21232049.0,MEX,San Damián Texóloc,0.00411,8315.0,8308.0,8438.0,9066.0,8573.0,8994.0,9834.0,10729.0,10696.0,11061.0,11628.0,11074.0,10766.0,12552.0,12614.0,11272.0,10410.0,10920.0,10814.0,10811.0,11361.0,10650.0,12295.0,11223.0,11608.0,12665.0,12846.0,12701.0,12349.0,12844.0,11460.0,12053.0,12345.0,
MEX.29.29_2,21232050.0,MEX,San Francisco Tetlanohcan,0.00641,5482.0,6079.0,6197.0,6745.0,6838.0,6526.0,7184.0,7215.0,7481.0,7686.0,7737.0,9212.0,8785.0,11628.0,12143.0,9616.0,10144.0,10393.0,10428.0,10339.0,11087.0,10429.0,10894.0,10313.0,10164.0,10927.0,10101.0,9327.0,9959.0,10253.0,8928.0,9360.0,9580.0,
MEX.29.30_2,21232051.0,MEX,San Jerónimo Zacualpan,0.00409,7801.0,7587.0,7528.0,7966.0,7682.0,7688.0,7972.0,8778.0,8422.0,8868.0,8852.0,8838.0,8751.0,10346.0,11430.0,9611.0,9592.0,9009.0,9863.0,9242.0,9501.0,9285.0,9477.0,8927.0,8948.0,9311.0,9803.0,9742.0,10410.0,11406.0,10357.0,10884.0,11181.0,
MEX.29.31_2,21232052.0,MEX,San José Teacalco,0.0,7554.0,7727.0,8076.0,7372.0,6947.0,7252.0,8743.0,8899.0,8928.0,8377.0,9717.0,9526.0,9223.0,9935.0,11428.0,9730.0,8975.0,8654.0,8853.0,8648.0,9450.0,8864.0,8852.0,8469.0,8533.0,8945.0,9162.0,8162.0,8706.0,9525.0,8645.0,8919.0,9802.0,
MEX.29.32_2,21232053.0,MEX,San Juan Huactzinco,0.0,9777.0,9908.0,10196.0,11557.0,10741.0,10561.0,9877.0,10753.0,10733.0,10651.0,11104.0,10524.0,10873.0,10430.0,12187.0,11273.0,9267.0,9398.0,10600.0,10126.0,10312.0,9392.0,10488.0,9846.0,10007.0,10547.0,10777.0,10961.0,11452.0,11879.0,10654.0,11213.0,11425.0,
MEX.29.33_2,21232054.0,MEX,San Lorenzo Axocomanitla,0.00496,7714.0,8671.0,7390.0,7959.0,8340.0,7803.0,7870.0,10322.0,10085.0,9202.0,8804.0,9020.0,9141.0,10113.0,11695.0,10061.0,9915.0,9802.0,9890.0,9791.0,9779.0,9331.0,10235.0,10180.0,10461.0,10273.0,11323.0,11532.0,11254.0,11803.0,10470.0,11352.0,11661.0,
MEX.29.34_2,21232055.0,MEX,San Lucas Tecopilco,0.00602,6999.0,7084.0,7184.0,6346.0,5986.0,6505.0,7230.0,8564.0,8990.0,8576.0,10384.0,9847.0,7710.0,12704.0,11381.0,10996.0,8703.0,9065.0,9729.0,9144.0,10156.0,9208.0,10577.0,9659.0,9650.0,10634.0,11165.0,11016.0,11083.0,11584.0,9982.0,10436.0,10754.0,
MEX.29.35_2,21232056.0,MEX,San Pablo del Monte,0.00265,7557.0,7844.0,8040.0,8037.0,8262.0,7993.0,8598.0,8785.0,8893.0,8942.0,9029.0,8412.0,8384.0,9699.0,11593.0,8627.0,8184.0,8605.0,8900.0,9154.0,9385.0,8720.0,9328.0,8886.0,9027.0,9498.0,9647.0,8674.0,9345.0,9885.0,9822.0,9549.0,9853.0,
MEX.29.36_2,21232057.0,MEX,Sanctórum de Lázaro Cárdenas,0.00481,6820.0,6959.0,6962.0,6679.0,6571.0,6939.0,6988.0,7815.0,7947.0,7553.0,7474.0,7619.0,8087.0,9611.0,10628.0,9458.0,8064.0,8366.0,8437.0,8178.0,8721.0,8183.0,9004.0,8991.0,7909.0,8775.0,10541.0,10243.0,9820.0,9328.0,9005.0,8748.0,9110.0,
MEX.29.37_2,21232058.0,MEX,Santa Ana Nopalucan,0.00375,7777.0,8512.0,8458.0,9400.0,8968.0,9055.0,9352.0,10050.0,9982.0,10669.0,10873.0,10975.0,10734.0,12417.0,13239.0,11453.0,10930.0,11091.0,11799.0,11316.0,11685.0,11126.0,11718.0,11125.0,11178.0,11793.0,11741.0,11763.0,12414.0,12911.0,11620.0,12219.0,12515.0,
MEX.29.38_2,21232059.0,MEX,Santa Apolonia Teacalco,0.00169,9607.0,9222.0,9039.0,10018.0,10153.0,9704.0,9784.0,10049.0,10041.0,9985.0,10708.0,9853.0,10522.0,12631.0,14652.0,11581.0,10536.0,10256.0,10253.0,10126.0,11104.0,10115.0,10551.0,10371.0,9539.0,10389.0,11137.0,10639.0,11737.0,12185.0,10669.0,11326.0,11635.0,
MEX.29.39_2,21232060.0,MEX,Santa Catarina Ayometla,-0.00241,10921.0,11190.0,10637.0,10986.0,11524.0,10325.0,9570.0,10156.0,10424.0,11393.0,12152.0,11789.0,11151.0,12418.0,12261.0,12365.0,12219.0,11828.0,10877.0,10177.0,10754.0,9842.0,9931.0,9986.0,10198.0,10863.0,10002.0,10216.0,9747.0,10305.0,8758.0,9237.0,9488.0,
MEX.29.40_2,21232061.0,MEX,Santa Cruz Quilehtla,-0.00241,10921.0,11190.0,10637.0,10986.0,11524.0,10325.0,9570.0,10156.0,10424.0,11393.0,12152.0,11789.0,11151.0,12418.0,12261.0,12365.0,12219.0,11828.0,10877.0,10177.0,10754.0,9842.0,9931.0,9986.0,10198.0,10863.0,10002.0,10216.0,9747.0,10305.0,8758.0,9237.0,9488.0,
MEX.29.41_2,21232062.0,MEX,Santa Cruz Tlaxcala,0.0,9116.0,9398.0,9787.0,9936.0,10608.0,9937.0,11806.0,11364.0,11668.0,12609.0,13140.0,13187.0,12178.0,16000.0,16608.0,14348.0,13870.0,13474.0,13927.0,13301.0,14104.0,13174.0,12049.0,13175.0,13685.0,13403.0,12929.0,12677.0,12615.0,13432.0,11479.0,12072.0,12375.0,
MEX.29.42_2,21232063.0,MEX,Santa Isabel Xiloxoxtla,0.00397,13764.0,13551.0,13727.0,13676.0,13958.0,13391.0,14675.0,16144.0,16322.0,15731.0,15677.0,16276.0,14921.0,20315.0,21757.0,17431.0,17658.0,17106.0,17832.0,16810.0,17780.0,16652.0,16595.0,16402.0,18795.0,17306.0,19547.0,18000.0,19098.0,19854.0,17338.0,18363.0,18852.0,
MEX.29.43_2,21232064.0,MEX,Tenancingo,0.00794,7823.0,9500.0,9280.0,8392.0,8762.0,8239.0,8826.0,8847.0,9870.0,10087.0,10321.0,10297.0,9392.0,10444.0,12432.0,10787.0,11019.0,12238.0,13956.0,12647.0,13285.0,12443.0,12825.0,12010.0,12650.0,14371.0,13851.0,13643.0,12838.0,13425.0,11704.0,12308.0,12639.0,
MEX.29.44_2,21232065.0,MEX,Teolocholco,0.00192,8598.0,8834.0,8937.0,9172.0,9162.0,8852.0,8985.0,9773.0,10100.0,9668.0,10716.0,11332.0,11212.0,12437.0,12305.0,12068.0,11436.0,11848.0,11085.0,9367.0,10007.0,9407.0,9343.0,9397.0,9244.0,10575.0,10128.0,9974.0,10795.0,11241.0,10401.0,10929.0,11228.0,
MEX.29.45_2,21232066.0,MEX,Tepetitla de Lardizábal,0.00395,7207.0,7272.0,7304.0,8009.0,8501.0,8030.0,8727.0,9168.0,9053.0,10560.0,10846.0,10792.0,10237.0,11787.0,13740.0,11238.0,11258.0,11259.0,11847.0,11201.0,11699.0,11104.0,11715.0,11058.0,11363.0,12918.0,12401.0,12076.0,11790.0,12394.0,11175.0,11756.0,12040.0,
MEX.29.46_2,21232067.0,MEX,Tepeyanco,0.00395,14320.0,14633.0,14803.0,15219.0,15843.0,14423.0,16612.0,17509.0,17908.0,18349.0,18035.0,17960.0,17070.0,22545.0,23829.0,19581.0,19435.0,19830.0,20636.0,19977.0,20889.0,20316.0,20564.0,20033.0,20115.0,21209.0,21011.0,20926.0,20529.0,20819.0,18253.0,19383.0,19899.0,
MEX.29.47_2,21232068.0,MEX,Terrenate,0.00947,5614.0,5911.0,5896.0,6155.0,6858.0,5593.0,6703.0,7326.0,7551.0,7063.0,7940.0,8326.0,7672.0,10208.0,10651.0,10048.0,9891.0,9142.0,9421.0,9176.0,9905.0,9479.0,11010.0,9958.0,10005.0,10923.0,11220.0,10912.0,11398.0,11863.0,10066.0,10343.0,10682.0,
MEX.29.48_2,21232069.0,MEX,Tetla de la Solidaridad,0.00673,7268.0,7678.0,7584.0,7571.0,7926.0,7065.0,8041.0,8706.0,8621.0,8111.0,8820.0,8955.0,8598.0,10519.0,10662.0,10120.0,9968.0,10126.0,10264.0,10120.0,10929.0,10824.0,10114.0,11296.0,11300.0,10343.0,9790.0,9931.0,10775.0,11496.0,9879.0,10613.0,10999.0,
MEX.29.49_2,21232070.0,MEX,Tetlatlahuca,0.00136,8823.0,9233.0,9600.0,9564.0,9475.0,9754.0,9970.0,10375.0,10262.0,10924.0,11415.0,11044.0,10145.0,13432.0,14976.0,12408.0,11806.0,10132.0,10558.0,10492.0,10959.0,10495.0,10521.0,10733.0,9914.0,10276.0,10456.0,10261.0,10752.0,11672.0,10739.0,11399.0,11710.0,
MEX.29.50_2,21232071.0,MEX,Tlaxcala,0.00292,9837.0,10330.0,10555.0,11074.0,11535.0,10298.0,9726.0,10352.0,10729.0,11583.0,12554.0,12315.0,11080.0,12369.0,11257.0,13247.0,13460.0,12361.0,13787.0,13156.0,13766.0,13015.0,12759.0,12031.0,11700.0,12611.0,12930.0,12832.0,12633.0,10996.0,9477.0,9986.0,10257.0,
MEX.29.51_2,21232072.0,MEX,Tlaxco,0.00699,6068.0,6117.0,6649.0,6520.0,6361.0,6246.0,6085.0,7113.0,7440.0,7048.0,7788.0,8439.0,7901.0,8108.0,8810.0,8468.0,7516.0,8016.0,7802.0,8266.0,8618.0,8407.0,9245.0,8827.0,8171.0,9348.0,9449.0,9207.0,9390.0,11178.0,10067.0,10387.0,10723.0,
MEX.29.52_2,21232073.0,MEX,Tocatlán,0.00149,6981.0,6487.0,7390.0,7326.0,7085.0,7162.0,9244.0,8535.0,8462.0,9432.0,10368.0,9720.0,9935.0,10465.0,11135.0,9711.0,8622.0,9117.0,8274.0,8679.0,9089.0,8607.0,9132.0,8960.0,8839.0,9648.0,9246.0,8848.0,9388.0,10096.0,8571.0,9068.0,9339.0,
MEX.29.53_2,21232074.0,MEX,Totolac,0.00095,10170.0,10547.0,10917.0,9934.0,10092.0,9541.0,10331.0,11656.0,11625.0,11493.0,11709.0,11791.0,10222.0,13077.0,13544.0,11298.0,9904.0,10115.0,11812.0,10199.0,10760.0,10151.0,11413.0,10532.0,10165.0,12019.0,11377.0,11385.0,11188.0,11587.0,11138.0,11718.0,11943.0,
MEX.29.54_2,21232075.0,MEX,Tzompantepec,0.0,9437.0,9663.0,9993.0,10008.0,8974.0,8331.0,9018.0,10528.0,10765.0,10115.0,10622.0,10412.0,9993.0,11815.0,13150.0,10580.0,11281.0,11127.0,10699.0,10433.0,11430.0,10406.0,10595.0,10281.0,11765.0,12830.0,10084.0,9479.0,8662.0,8672.0,6768.0,8119.0,8354.0,
MEX.29.55_2,21232076.0,MEX,Xaloztoc,0.00384,8036.0,8474.0,8538.0,7898.0,7704.0,7563.0,8246.0,8242.0,8298.0,9204.0,10644.0,9965.0,9220.0,10980.0,12307.0,10107.0,8249.0,8612.0,9124.0,8308.0,9357.0,8099.0,9499.0,8466.0,9250.0,10469.0,11548.0,10597.0,11421.0,11744.0,10019.0,10525.0,11217.0,
MEX.29.56_2,21232077.0,MEX,Xaltocan,0.00174,7387.0,7418.0,7838.0,7817.0,7597.0,7589.0,9004.0,9759.0,9689.0,9383.0,9669.0,8753.0,8364.0,10924.0,9727.0,9530.0,8739.0,8330.0,8234.0,8394.0,8770.0,9334.0,9075.0,9983.0,9630.0,9392.0,9528.0,9615.0,9477.0,9000.0,8505.0,8885.0,9166.0,
MEX.29.57_2,21232078.0,MEX,Xicohtzinco,0.00302,8500.0,9550.0,9400.0,11003.0,10613.0,9929.0,9295.0,9650.0,9854.0,10014.0,10233.0,10223.0,10695.0,11208.0,11245.0,11990.0,10971.0,11342.0,12637.0,12312.0,12705.0,11935.0,10888.0,10458.0,10629.0,11556.0,10678.0,10697.0,10412.0,10428.0,8936.0,9422.0,9678.0,
MEX.29.58_2,21232079.0,MEX,Yauhquemehcan,0.00353,8914.0,8393.0,7908.0,8510.0,8589.0,8543.0,8666.0,9560.0,9653.0,10826.0,11860.0,10975.0,10472.0,11956.0,12166.0,10436.0,11397.0,11584.0,11285.0,11472.0,11049.0,10590.0,10810.0,10040.0,10798.0,10884.0,11408.0,11256.0,11203.0,13463.0,11863.0,12572.0,12913.0,
MEX.29.59_2,21232080.0,MEX,Zacatelco,0.00177,9569.0,9663.0,9493.0,10510.0,10088.0,9571.0,9170.0,10471.0,10437.0,10137.0,10849.0,10448.0,9946.0,11200.0,12988.0,11022.0,9636.0,9782.0,10489.0,10716.0,10777.0,10321.0,11162.0,10415.0,10586.0,10654.0,10828.0,11107.0,11352.0,11858.0,10367.0,10913.0,11312.0,
MEX.29.60_2,21232081.0,MEX,Ziltlaltépec de Trinidad Sánchez,0.00655,6404.0,6945.0,6988.0,6677.0,7152.0,6629.0,7591.0,7602.0,7441.0,7320.0,6896.0,7630.0,7609.0,8336.0,12004.0,9314.0,7628.0,7394.0,8673.0,7639.0,8104.0,7907.0,9213.0,8290.0,8271.0,10395.0,12691.0,11001.0,11245.0,13067.0,10423.0,10536.0,10867.0,
MEX.30.1_2,21232082.0,MEX,Acajete,0.00783,12844.0,13031.0,13226.0,13687.0,15101.0,14151.0,13105.0,14175.0,14888.0,13582.0,13570.0,13556.0,14036.0,17085.0,17764.0,17390.0,17114.0,19281.0,18943.0,18362.0,18984.0,19983.0,21081.0,20155.0,20197.0,19938.0,19059.0,18683.0,21340.0,18924.0,17561.0,18609.0,18664.0,
MEX.30.2_2,21232083.0,MEX,Acatlán,0.0,9301.0,9204.0,9471.0,9074.0,8961.0,9165.0,9240.0,9898.0,8699.0,9097.0,9515.0,8127.0,8052.0,9150.0,8965.0,9249.0,10559.0,9118.0,8113.0,8728.0,8975.0,11670.0,10735.0,11576.0,10580.0,9960.0,8128.0,8993.0,9097.0,9916.0,8880.0,8872.0,10708.0,
MEX.30.3_2,21232084.0,MEX,Acayucan,0.00514,8459.0,9346.0,9198.0,9437.0,9590.0,9450.0,9489.0,9564.0,10171.0,9074.0,9029.0,9334.0,9291.0,10446.0,11022.0,11185.0,11239.0,11984.0,12697.0,11785.0,11773.0,12865.0,12229.0,12231.0,12354.0,12141.0,11452.0,10820.0,12108.0,10964.0,10373.0,11055.0,11431.0,
MEX.30.4_2,21232085.0,MEX,Actopan,0.01272,4542.0,4169.0,4297.0,5284.0,5670.0,5194.0,4354.0,4821.0,5201.0,4560.0,4516.0,5039.0,5051.0,5879.0,6999.0,6949.0,6673.0,6700.0,6814.0,6395.0,5213.0,5622.0,7784.0,7552.0,8272.0,8273.0,8593.0,8560.0,10200.0,10933.0,10647.0,10914.0,11867.0,
MEX.30.5_2,21232086.0,MEX,Acula,0.0116,5344.0,5051.0,5023.0,5914.0,6592.0,5935.0,5273.0,4947.0,5851.0,5286.0,5218.0,5552.0,5610.0,6697.0,7431.0,7574.0,7173.0,7321.0,7420.0,7079.0,6029.0,6650.0,9807.0,8638.0,9328.0,9146.0,9570.0,9030.0,10263.0,10240.0,10606.0,10933.0,11163.0,
MEX.30.6_2,21232087.0,MEX,Acultzingo,0.0,9403.0,9941.0,9696.0,9638.0,11157.0,10979.0,10447.0,11647.0,11699.0,9361.0,11423.0,10135.0,9309.0,12642.0,13746.0,15911.0,11686.0,13338.0,12970.0,12683.0,13085.0,13040.0,11378.0,11694.0,13075.0,12763.0,11568.0,9556.0,9655.0,10622.0,10054.0,10306.0,10124.0,
MEX.30.7_2,21232088.0,MEX,Agua Dulce,0.00326,14829.0,14379.0,14506.0,14020.0,14256.0,13720.0,14984.0,15764.0,15568.0,15588.0,14942.0,13825.0,13862.0,16144.0,17502.0,17793.0,19534.0,19922.0,20078.0,19162.0,21146.0,20767.0,18510.0,18534.0,16803.0,16548.0,16700.0,15083.0,11149.0,11749.0,11337.0,11809.0,11947.0,
MEX.30.8_2,21232089.0,MEX,Álamo Temapache,0.00434,7963.0,8492.0,8820.0,8111.0,8867.0,8407.0,9007.0,9618.0,8772.0,10459.0,8919.0,8548.0,8480.0,9753.0,10736.0,10560.0,12167.0,11932.0,10251.0,10183.0,10649.0,10541.0,11111.0,11285.0,12038.0,10943.0,9789.0,10320.0,9710.0,10607.0,10239.0,10614.0,10722.0,
MEX.30.9_2,21232090.0,MEX,Alpatláhuac,0.0,9969.0,10531.0,10463.0,10655.0,9980.0,10524.0,10582.0,11263.0,10366.0,9951.0,10080.0,10492.0,9670.0,10737.0,11216.0,11057.0,11714.0,11172.0,11078.0,10593.0,9951.0,9822.0,12156.0,12994.0,12579.0,11971.0,10592.0,10179.0,9635.0,9033.0,8954.0,9112.0,9647.0,
MEX.30.10_2,21232091.0,MEX,Alto Lucero de Gutiérrez Barrios,0.00994,6361.0,6421.0,6159.0,5831.0,7210.0,5934.0,6401.0,6874.0,6437.0,6441.0,6557.0,6127.0,6022.0,6963.0,7847.0,7654.0,9294.0,7939.0,7942.0,7976.0,7609.0,7836.0,9666.0,9189.0,10346.0,9549.0,9753.0,10528.0,10541.0,11294.0,10798.0,11149.0,11350.0,
MEX.30.11_2,21232092.0,MEX,Altotonga,0.00243,8433.0,9221.0,9393.0,9320.0,9475.0,8299.0,11985.0,12444.0,9174.0,8645.0,8844.0,11055.0,12005.0,13263.0,14093.0,12306.0,14444.0,17502.0,13136.0,12052.0,11571.0,13503.0,12485.0,13230.0,12011.0,12209.0,12181.0,11810.0,12472.0,12061.0,10768.0,11053.0,11988.0,
MEX.30.12_2,21232093.0,MEX,Alvarado,-0.00402,9055.0,9522.0,9983.0,9410.0,9923.0,9489.0,9615.0,9477.0,8875.0,14137.0,13675.0,11264.0,11733.0,11838.0,12060.0,11545.0,14045.0,15726.0,16458.0,11464.0,10981.0,11372.0,10183.0,10132.0,9569.0,9207.0,9383.0,8753.0,9795.0,8867.0,8681.0,8923.0,8980.0,
MEX.30.13_2,21232094.0,MEX,Amatitlán,0.0119,6572.0,6652.0,7216.0,7586.0,8346.0,7754.0,7164.0,7844.0,8214.0,7695.0,7709.0,7500.0,7619.0,9073.0,10257.0,10274.0,10401.0,10199.0,10489.0,10426.0,9333.0,10355.0,13041.0,12463.0,12815.0,13082.0,12972.0,12447.0,15055.0,15665.0,14859.0,15660.0,15828.0,
MEX.30.14_2,21232095.0,MEX,Amatlán de los Reyes,0.00777,13238.0,13788.0,14243.0,13728.0,13226.0,12790.0,14781.0,15230.0,14974.0,14463.0,14623.0,13979.0,14105.0,16948.0,18316.0,18179.0,20728.0,20881.0,21136.0,18563.0,20166.0,21078.0,21694.0,21444.0,20536.0,20511.0,19933.0,19369.0,20959.0,21184.0,19617.0,20479.0,21073.0,
MEX.30.15_2,21232096.0,MEX,Angel R. Cabada,0.00213,10109.0,10583.0,11281.0,11298.0,10490.0,9810.0,10246.0,10637.0,10073.0,11045.0,9624.0,10930.0,10336.0,10997.0,12108.0,11142.0,13571.0,11823.0,12046.0,11621.0,10651.0,10999.0,10707.0,10795.0,12594.0,11957.0,13003.0,12217.0,11378.0,10857.0,10103.0,9954.0,10221.0,
MEX.30.16_2,21232097.0,MEX,Apazapan,0.01314,6394.0,6512.0,6901.0,6852.0,7487.0,7004.0,6354.0,6648.0,6575.0,6675.0,6420.0,6173.0,5370.0,6519.0,7620.0,7850.0,9042.0,8140.0,7682.0,7229.0,6832.0,8392.0,11968.0,11655.0,12208.0,11772.0,11030.0,14140.0,15818.0,17026.0,17928.0,18420.0,19627.0,
MEX.30.17_2,21232098.0,MEX,Aquila,0.00648,8419.0,8947.0,9444.0,8678.0,8243.0,8462.0,7968.0,8723.0,8756.0,8231.0,8370.0,8016.0,8270.0,9430.0,10140.0,9094.0,9353.0,9896.0,11275.0,11020.0,11398.0,12154.0,12407.0,11070.0,13972.0,12137.0,10041.0,10951.0,12655.0,11014.0,9874.0,9957.0,10032.0,
MEX.30.18_2,21232099.0,MEX,Astacinga,0.00588,7145.0,7287.0,8152.0,7409.0,7996.0,7307.0,7135.0,7379.0,7598.0,8217.0,8934.0,9315.0,9052.0,8179.0,7928.0,8465.0,8274.0,9512.0,8935.0,8292.0,7895.0,8928.0,9251.0,9915.0,9305.0,9553.0,10964.0,12153.0,11953.0,11573.0,10283.0,11100.0,10867.0,
MEX.30.19_2,21232100.0,MEX,Atlahuilco,0.00618,8279.0,8490.0,8597.0,8113.0,8561.0,8012.0,7869.0,8227.0,8031.0,7912.0,7900.0,7785.0,7564.0,8916.0,8995.0,9964.0,10925.0,9707.0,8875.0,9194.0,8648.0,10994.0,12579.0,11547.0,13422.0,12510.0,12056.0,11595.0,12832.0,10086.0,11288.0,11250.0,11376.0,
MEX.30.20_2,21232101.0,MEX,Atoyac,0.00876,6251.0,6726.0,8240.0,8475.0,8895.0,8753.0,8255.0,8904.0,9859.0,8944.0,8660.0,9233.0,9577.0,10223.0,10535.0,10061.0,10875.0,11888.0,11680.0,11262.0,11689.0,12006.0,12827.0,12689.0,13599.0,13109.0,11061.0,10930.0,13697.0,13847.0,12151.0,12493.0,12270.0,
MEX.30.21_2,21232102.0,MEX,Atzacan,0.00444,14953.0,15510.0,15407.0,13109.0,14120.0,13421.0,14027.0,14243.0,14524.0,13509.0,13704.0,13310.0,13691.0,14699.0,15207.0,15308.0,17133.0,17340.0,17646.0,16247.0,17564.0,17968.0,18638.0,18417.0,17800.0,17449.0,17906.0,16401.0,16266.0,16537.0,15730.0,16376.0,16923.0,
MEX.30.22_2,21232103.0,MEX,Atzalan,0.00504,9865.0,10636.0,11058.0,12293.0,11884.0,12274.0,10854.0,13057.0,11806.0,13554.0,13239.0,10901.0,10326.0,14771.0,13535.0,14387.0,15503.0,17115.0,16626.0,15338.0,15538.0,16300.0,15367.0,14440.0,15398.0,15073.0,13070.0,12495.0,10122.0,11010.0,10271.0,10528.0,10626.0,
MEX.30.23_2,21232104.0,MEX,Ayahualulco,0.01396,6169.0,6483.0,6722.0,6387.0,6377.0,7045.0,6199.0,6680.0,6072.0,5806.0,5568.0,5706.0,5891.0,6502.0,7184.0,6502.0,7941.0,8325.0,8277.0,6464.0,5584.0,6606.0,9013.0,8802.0,10937.0,10865.0,12951.0,13181.0,14897.0,13915.0,12670.0,12931.0,13450.0,
MEX.30.24_2,21232105.0,MEX,Banderilla,0.00606,10432.0,10869.0,10872.0,11119.0,11671.0,11453.0,11669.0,11634.0,12334.0,10929.0,11990.0,11478.0,11382.0,11962.0,12400.0,12418.0,13195.0,14596.0,15971.0,14676.0,15019.0,16446.0,16232.0,16256.0,15225.0,15199.0,14436.0,13955.0,15007.0,15714.0,15105.0,16097.0,16580.0,
MEX.30.25_2,21232106.0,MEX,Benito Juárez,0.00551,8077.0,8088.0,6783.0,6476.0,7665.0,6493.0,6690.0,7266.0,7375.0,7456.0,6124.0,6839.0,6331.0,7598.0,7960.0,8431.0,8097.0,7182.0,7201.0,8137.0,6390.0,7594.0,8444.0,8320.0,8134.0,8360.0,8992.0,9545.0,9889.0,11499.0,10740.0,10761.0,12237.0,
MEX.30.26_2,21232107.0,MEX,Boca del Río,0.01066,15621.0,16074.0,16251.0,15904.0,15555.0,16458.0,17772.0,18070.0,18081.0,16979.0,17658.0,16848.0,16668.0,20521.0,21083.0,22129.0,23473.0,23917.0,25189.0,24049.0,24703.0,25293.0,32645.0,31296.0,31697.0,32727.0,24763.0,28395.0,26806.0,28104.0,25409.0,26353.0,27213.0,
MEX.30.27_2,21232108.0,MEX,Calcahualco,0.00867,6878.0,7008.0,6596.0,6623.0,6838.0,7079.0,8553.0,7572.0,7281.0,7162.0,7183.0,6774.0,6738.0,8174.0,8717.0,8469.0,9310.0,8855.0,10175.0,10421.0,9204.0,9315.0,9488.0,8894.0,10312.0,10095.0,10227.0,10890.0,13091.0,11361.0,10750.0,12289.0,12673.0,
MEX.30.28_2,21232109.0,MEX,Camarón de Tejeda,0.00943,6874.0,7328.0,7332.0,6710.0,7841.0,6866.0,7304.0,7703.0,7111.0,7111.0,7319.0,6679.0,6661.0,7691.0,8505.0,8413.0,8914.0,8788.0,8733.0,8754.0,8484.0,9002.0,11255.0,10193.0,11810.0,11039.0,10813.0,12344.0,13104.0,13190.0,11383.0,12526.0,12156.0,
MEX.30.29_2,21232110.0,MEX,Camerino Z. Mendoza,0.00461,11394.0,10629.0,11098.0,11256.0,11895.0,11578.0,11079.0,12285.0,12403.0,11754.0,11919.0,11247.0,11314.0,13376.0,14077.0,13943.0,15450.0,16506.0,16018.0,14299.0,16574.0,15449.0,14904.0,14683.0,14223.0,13359.0,13487.0,12267.0,11233.0,11450.0,10712.0,11755.0,11605.0,
MEX.30.30_2,21232111.0,MEX,Carlos A. Carrillo,0.00906,7138.0,7288.0,7436.0,7231.0,6699.0,6811.0,7853.0,7715.0,7533.0,8742.0,8582.0,7425.0,7278.0,8974.0,9758.0,9845.0,11077.0,9938.0,11043.0,10534.0,10149.0,12131.0,13089.0,11774.0,11693.0,11656.0,11977.0,11292.0,10280.0,11605.0,10904.0,10822.0,11851.0,
MEX.30.31_2,21232112.0,MEX,Carrillo Puerto,0.00565,7678.0,8116.0,8192.0,8379.0,9001.0,8726.0,10178.0,8927.0,8972.0,8572.0,8431.0,7934.0,7887.0,9362.0,9829.0,8421.0,9377.0,8494.0,8733.0,8608.0,9024.0,7941.0,11033.0,10680.0,12057.0,11391.0,11940.0,11426.0,13345.0,12516.0,11676.0,11848.0,12350.0,
MEX.30.32_2,21232113.0,MEX,Castillo de Teayo,0.00491,8682.0,8281.0,8149.0,8084.0,9043.0,7676.0,6209.0,8434.0,8295.0,7984.0,7467.0,8463.0,7787.0,9088.0,8829.0,8948.0,8331.0,8039.0,9011.0,8043.0,7011.0,9325.0,11178.0,9997.0,10463.0,10197.0,9170.0,10404.0,11504.0,10823.0,10412.0,10709.0,11763.0,
MEX.30.33_2,21232114.0,MEX,Catemaco,0.00184,11367.0,12623.0,14427.0,14517.0,14383.0,13913.0,12236.0,14130.0,11840.0,15207.0,13356.0,12535.0,11953.0,12199.0,13557.0,12256.0,15470.0,16656.0,14700.0,14486.0,15443.0,14613.0,15472.0,13842.0,15773.0,15467.0,15266.0,16100.0,12831.0,11964.0,11489.0,11787.0,12719.0,
MEX.30.34_2,21232115.0,MEX,Cazones de Herrera,0.00814,6313.0,5845.0,5673.0,6621.0,6973.0,6504.0,6230.0,5932.0,6410.0,5359.0,5423.0,5973.0,6103.0,7069.0,7878.0,8321.0,7972.0,7601.0,7786.0,7327.0,6205.0,7307.0,9070.0,8455.0,9044.0,9006.0,8841.0,8861.0,8902.0,11072.0,11082.0,11179.0,11862.0,
MEX.30.35_2,21232116.0,MEX,Cerro Azul,0.00797,7439.0,8512.0,8700.0,7627.0,8271.0,8270.0,8743.0,9703.0,8902.0,11450.0,9863.0,8246.0,8048.0,11202.0,11898.0,11709.0,12247.0,12435.0,12419.0,13112.0,13130.0,10781.0,12555.0,12430.0,13227.0,12507.0,14075.0,14479.0,11953.0,12641.0,9940.0,10348.0,14186.0,
MEX.30.36_2,21232117.0,MEX,Chacaltianguis,0.00283,8570.0,8601.0,8985.0,9115.0,8890.0,9177.0,8912.0,9399.0,8872.0,7286.0,7369.0,7717.0,7718.0,9195.0,9446.0,9198.0,9632.0,7806.0,8761.0,8190.0,7710.0,7419.0,10133.0,9786.0,10045.0,9716.0,10522.0,9864.0,11511.0,10690.0,10393.0,10714.0,10980.0,
MEX.30.37_2,21232118.0,MEX,Chalma,0.00874,5939.0,6440.0,6462.0,6612.0,7772.0,7264.0,7284.0,8241.0,8707.0,8315.0,7886.0,7629.0,7880.0,9820.0,10767.0,10486.0,10993.0,10425.0,10919.0,11139.0,9283.0,10047.0,10035.0,9967.0,9734.0,9740.0,9581.0,10733.0,12988.0,12197.0,13199.0,13237.0,13514.0,
MEX.30.38_2,21232119.0,MEX,Chiconamel,0.00719,7895.0,8096.0,8221.0,7722.0,7618.0,8058.0,7685.0,7697.0,7999.0,7927.0,7584.0,7662.0,8045.0,8762.0,9366.0,9571.0,9571.0,8173.0,9605.0,9204.0,8941.0,10106.0,11943.0,11341.0,11379.0,11170.0,12027.0,11487.0,13944.0,11452.0,11712.0,10846.0,11141.0,
MEX.30.39_2,21232120.0,MEX,Chiconquiaco,0.01029,7984.0,7826.0,7216.0,6271.0,6907.0,6670.0,6612.0,7274.0,6773.0,6011.0,6314.0,5795.0,5790.0,7293.0,8106.0,7999.0,10099.0,8106.0,8307.0,8007.0,7687.0,8464.0,10219.0,9788.0,10760.0,10129.0,9848.0,10762.0,12337.0,13370.0,13811.0,13982.0,14507.0,
MEX.30.40_2,21232121.0,MEX,Chicontepec,0.0,7926.0,8205.0,7469.0,7881.0,8183.0,8084.0,7901.0,8819.0,8661.0,8753.0,7931.0,8053.0,7574.0,8725.0,9059.0,9035.0,9647.0,7953.0,8050.0,9136.0,8179.0,6527.0,7465.0,7687.0,7755.0,7597.0,8685.0,7614.0,8816.0,8806.0,8106.0,8443.0,8751.0,
MEX.30.41_2,21232122.0,MEX,Chinameca,0.0061,14483.0,14911.0,15019.0,15180.0,16278.0,15413.0,14582.0,15457.0,16006.0,14636.0,14853.0,14882.0,15087.0,17595.0,19055.0,18857.0,19280.0,19542.0,19800.0,19179.0,18610.0,19637.0,22710.0,21736.0,21549.0,21723.0,20591.0,19617.0,21198.0,19287.0,18234.0,18723.0,19678.0,
MEX.30.42_2,21232123.0,MEX,Chinampa de Gorostiza,0.01064,8924.0,7211.0,7342.0,8916.0,9787.0,9004.0,9912.0,8472.0,9140.0,10954.0,10248.0,11433.0,11039.0,15447.0,14230.0,14003.0,14128.0,16462.0,13034.0,12595.0,12733.0,11906.0,12806.0,10020.0,9811.0,9794.0,13425.0,16948.0,17076.0,19095.0,18069.0,18769.0,19085.0,
MEX.30.43_2,21232124.0,MEX,Chocamán,0.00747,9544.0,11375.0,12347.0,11862.0,12430.0,12201.0,12427.0,13829.0,14436.0,13552.0,13609.0,12837.0,12651.0,14177.0,14990.0,16715.0,16841.0,19124.0,18456.0,17325.0,19065.0,18131.0,17419.0,18055.0,17505.0,16395.0,18102.0,17850.0,16512.0,18359.0,17310.0,18091.0,18534.0,
MEX.30.44_2,21232125.0,MEX,Chontla,0.00343,7928.0,7776.0,7251.0,8230.0,9105.0,8159.0,7384.0,7758.0,8021.0,7481.0,7479.0,7447.0,7675.0,8965.0,9424.0,9108.0,8756.0,8539.0,8871.0,9156.0,8042.0,7564.0,8784.0,8623.0,8973.0,8567.0,9347.0,9274.0,10468.0,10525.0,9586.0,9986.0,10355.0,
MEX.30.45_2,21232126.0,MEX,Chumatlán,0.01436,7857.0,8994.0,12355.0,12760.0,11164.0,9575.0,9991.0,10374.0,10684.0,10051.0,10097.0,9580.0,9548.0,16630.0,17609.0,17957.0,20516.0,20305.0,23078.0,18966.0,20598.0,19780.0,14257.0,16638.0,14696.0,14567.0,22192.0,21140.0,21941.0,23902.0,21765.0,24273.0,24850.0,
MEX.30.46_2,21232127.0,MEX,Citlaltépetl,0.00136,8148.0,7377.0,6867.0,7803.0,8670.0,7757.0,8431.0,8282.0,8574.0,8002.0,8063.0,7933.0,8046.0,9222.0,9568.0,9161.0,8979.0,7776.0,8211.0,8546.0,7206.0,7650.0,8153.0,8634.0,8268.0,7878.0,8720.0,8702.0,9141.0,9882.0,8946.0,9411.0,9768.0,
MEX.30.47_2,21232128.0,MEX,Coacoatzintla,-0.0018,11843.0,11975.0,12549.0,13769.0,15358.0,14706.0,14173.0,14718.0,15891.0,13744.0,14378.0,14155.0,13033.0,8045.0,8522.0,8634.0,10704.0,9924.0,10444.0,9324.0,10395.0,10686.0,13419.0,12202.0,13052.0,12715.0,10855.0,10502.0,9891.0,11266.0,11644.0,11534.0,12167.0,
MEX.30.48_2,21232129.0,MEX,Coahuitlán,0.00263,6684.0,7388.0,7768.0,7817.0,8004.0,8550.0,7681.0,8577.0,9691.0,9209.0,9167.0,8686.0,8668.0,11811.0,10066.0,11189.0,9693.0,8435.0,9614.0,7632.0,8579.0,8673.0,7875.0,8267.0,8210.0,8765.0,10241.0,9744.0,11678.0,10009.0,10215.0,10610.0,9915.0,
MEX.30.49_2,21232130.0,MEX,Coatepec,0.00833,10999.0,11126.0,11488.0,11287.0,11682.0,11469.0,11980.0,12175.0,11816.0,11377.0,11372.0,11379.0,11287.0,12914.0,13564.0,13445.0,15328.0,15464.0,14871.0,13596.0,15611.0,15690.0,16761.0,16482.0,15534.0,15766.0,15442.0,14503.0,15594.0,22575.0,21414.0,22434.0,23050.0,
MEX.30.50_2,21232131.0,MEX,Coatzacoalcos,0.00669,9888.0,10183.0,10329.0,10423.0,10590.0,10755.0,11403.0,11336.0,11286.0,10793.0,10779.0,10885.0,10869.0,12162.0,12727.0,12658.0,14148.0,14299.0,14123.0,12717.0,14236.0,14824.0,15774.0,15595.0,14142.0,14636.0,13888.0,13442.0,14610.0,15213.0,14493.0,15059.0,16005.0,
MEX.30.51_2,21232132.0,MEX,Coatzintla,0.00349,13058.0,13511.0,14111.0,13963.0,14334.0,14172.0,14430.0,15105.0,15071.0,12176.0,12166.0,11796.0,12004.0,15084.0,15852.0,16275.0,17557.0,17987.0,18392.0,17115.0,18265.0,18831.0,16369.0,19001.0,15782.0,16056.0,15493.0,14658.0,14483.0,14980.0,13825.0,14753.0,15110.0,
MEX.30.52_2,21232133.0,MEX,Coetzala,0.00906,7715.0,8375.0,8499.0,8664.0,8094.0,8792.0,8871.0,9150.0,9071.0,9584.0,9797.0,10097.0,9988.0,10788.0,11137.0,11973.0,13495.0,16103.0,12266.0,10874.0,11260.0,12853.0,13754.0,13506.0,13484.0,13025.0,13805.0,13061.0,13958.0,12473.0,13849.0,13633.0,14010.0,
MEX.30.53_2,21232134.0,MEX,Colipa,0.00167,7607.0,7419.0,7478.0,8032.0,8624.0,7975.0,7706.0,8879.0,8498.0,8656.0,8689.0,7705.0,7822.0,9196.0,9224.0,9251.0,9215.0,9183.0,8899.0,9212.0,9003.0,7760.0,9083.0,9270.0,9298.0,8890.0,9862.0,9736.0,8605.0,8866.0,7641.0,7932.0,8148.0,
MEX.30.54_2,21232135.0,MEX,Comapa,0.01035,6216.0,6273.0,6128.0,5913.0,6531.0,6012.0,6029.0,6403.0,6827.0,6595.0,6705.0,6399.0,6184.0,7697.0,7255.0,7885.0,9452.0,7942.0,7860.0,8262.0,7595.0,8157.0,9913.0,9507.0,10655.0,9735.0,10742.0,10594.0,10687.0,11879.0,11306.0,11796.0,12177.0,
MEX.30.55_2,21232136.0,MEX,Córdoba,0.00591,11108.0,11142.0,11152.0,11338.0,11585.0,11675.0,12077.0,11814.0,12446.0,11059.0,11524.0,11680.0,11491.0,14234.0,13527.0,14593.0,15679.0,16048.0,15749.0,14324.0,14540.0,15881.0,16428.0,16176.0,15150.0,15237.0,13284.0,13273.0,14049.0,15446.0,14462.0,15425.0,15893.0,
MEX.30.56_2,21232137.0,MEX,Cosamaloapan de Carpio,0.00302,9381.0,10000.0,10060.0,10122.0,8971.0,9290.0,10320.0,10449.0,10943.0,10687.0,10706.0,10086.0,10088.0,10821.0,11222.0,10754.0,11773.0,11578.0,11930.0,10750.0,11955.0,12033.0,11281.0,11510.0,11353.0,11150.0,11820.0,11928.0,13583.0,12493.0,10569.0,12224.0,12097.0,
MEX.30.57_2,21232138.0,MEX,Cosautlán de Carvajal,0.00407,7498.0,7856.0,12197.0,10285.0,9243.0,8060.0,10358.0,12144.0,10050.0,13116.0,12770.0,9205.0,9158.0,10186.0,9693.0,9411.0,10383.0,13326.0,15169.0,13261.0,14958.0,14065.0,12218.0,14032.0,12859.0,11951.0,12853.0,12359.0,10028.0,10985.0,10961.0,11447.0,11552.0,
MEX.30.58_2,21232139.0,MEX,Coscomatepec,0.00138,11627.0,12574.0,17448.0,15168.0,13019.0,13177.0,10816.0,14777.0,12495.0,17353.0,16216.0,11608.0,10805.0,11294.0,12745.0,12102.0,12717.0,13185.0,13777.0,12569.0,12619.0,13689.0,14907.0,13005.0,14845.0,13835.0,14202.0,13114.0,12735.0,13826.0,12566.0,13208.0,14174.0,
MEX.30.59_2,21232140.0,MEX,Cosoleacaque,0.00865,10509.0,10428.0,10584.0,10356.0,10798.0,10850.0,11360.0,11493.0,11362.0,10867.0,10856.0,10576.0,10805.0,12531.0,13335.0,13280.0,14993.0,15406.0,16543.0,14870.0,16854.0,17270.0,18710.0,17643.0,16006.0,16519.0,16823.0,16475.0,17042.0,16691.0,14771.0,16966.0,17502.0,
MEX.30.60_2,21232141.0,MEX,Cotaxtla,0.00924,7234.0,7311.0,7580.0,7579.0,8223.0,7737.0,7474.0,8072.0,8053.0,8499.0,8403.0,7565.0,7056.0,8791.0,9852.0,10053.0,10777.0,9986.0,9364.0,8997.0,8983.0,9670.0,11821.0,12388.0,11915.0,11980.0,12228.0,11654.0,12284.0,14108.0,13412.0,14537.0,15888.0,
MEX.30.61_2,21232142.0,MEX,Coxquihui,0.00486,8106.0,8229.0,9662.0,8707.0,9474.0,8377.0,9253.0,10048.0,9238.0,11471.0,9684.0,8212.0,8563.0,10545.0,10675.0,10326.0,10559.0,12074.0,9882.0,10266.0,10960.0,9988.0,10987.0,11041.0,10885.0,10108.0,11700.0,13769.0,15731.0,14058.0,11584.0,12057.0,12454.0,
MEX.30.62_2,21232143.0,MEX,Coyutla,0.00768,9245.0,6776.0,6869.0,6866.0,7224.0,7104.0,7168.0,7516.0,7626.0,8030.0,8860.0,7706.0,7200.0,10505.0,10457.0,9462.0,10717.0,10684.0,11487.0,8863.0,9062.0,9333.0,11603.0,9723.0,12122.0,11848.0,11057.0,10172.0,12468.0,11164.0,10462.0,11096.0,11286.0,
MEX.30.63_2,21232144.0,MEX,Cuichapa,0.00834,7563.0,7539.0,8058.0,8667.0,9278.0,8668.0,10039.0,9533.0,9886.0,10328.0,9924.0,9711.0,9910.0,12645.0,13396.0,13029.0,12066.0,12892.0,14253.0,13314.0,13756.0,14159.0,13154.0,13315.0,13401.0,13138.0,11041.0,11717.0,9584.0,10670.0,11709.0,11436.0,11549.0,
MEX.30.64_2,21232145.0,MEX,Cuitláhuac,0.01266,8653.0,8152.0,7866.0,9115.0,9611.0,8921.0,8986.0,9739.0,10074.0,9411.0,9606.0,10254.0,9957.0,13369.0,12639.0,14849.0,13072.0,14088.0,15232.0,14456.0,15509.0,15744.0,16824.0,14656.0,16083.0,15494.0,18980.0,18421.0,13635.0,14095.0,13567.0,14101.0,14446.0,
MEX.30.65_2,21232146.0,MEX,El Higo,0.0,7407.0,7350.0,7410.0,8109.0,8728.0,8093.0,7947.0,8912.0,8273.0,8559.0,8523.0,7787.0,7991.0,9374.0,9841.0,9537.0,9696.0,9405.0,8898.0,9276.0,8963.0,7475.0,8281.0,7739.0,7806.0,7417.0,8860.0,8029.0,8420.0,8910.0,8579.0,8876.0,8920.0,
MEX.30.66_2,21232147.0,MEX,Emiliano Zapata,0.00748,7986.0,8005.0,8733.0,8132.0,8598.0,8484.0,8959.0,9032.0,8624.0,8712.0,8680.0,8068.0,8142.0,9437.0,9799.0,9907.0,11173.0,10884.0,10571.0,12727.0,14013.0,13869.0,13621.0,13649.0,12958.0,12837.0,12756.0,11743.0,12826.0,11462.0,11345.0,11838.0,12274.0,
MEX.30.67_2,21232148.0,MEX,Espinal,0.00911,7934.0,7621.0,6981.0,6636.0,7295.0,6663.0,7613.0,7559.0,7117.0,6484.0,6781.0,6303.0,6298.0,7305.0,8206.0,8089.0,10271.0,8464.0,8406.0,8347.0,8590.0,8857.0,10498.0,9940.0,10829.0,10191.0,9982.0,10177.0,11792.0,11553.0,11591.0,11717.0,11868.0,
MEX.30.68_2,21232149.0,MEX,Filomeno Mata,0.0,10619.0,10426.0,12491.0,13496.0,14691.0,14224.0,14822.0,13767.0,14819.0,14979.0,20055.0,19617.0,19852.0,22610.0,21561.0,22046.0,19865.0,19242.0,19989.0,18182.0,19485.0,20757.0,19074.0,19608.0,18067.0,17515.0,14957.0,14013.0,14265.0,15079.0,13768.0,14396.0,14573.0,
MEX.30.69_2,21232150.0,MEX,Fortín,0.00841,11280.0,11680.0,11702.0,11958.0,12122.0,12316.0,11845.0,11775.0,12426.0,11041.0,11486.0,11565.0,11469.0,14109.0,14933.0,14661.0,15845.0,16184.0,17029.0,15423.0,16033.0,17717.0,21968.0,18805.0,20437.0,20290.0,18856.0,17865.0,16960.0,17044.0,15115.0,16108.0,16590.0,
MEX.30.70_2,21232151.0,MEX,Gutiérrez Zamora,0.00406,7905.0,7723.0,7808.0,7554.0,8139.0,7930.0,9854.0,8675.0,7529.0,9478.0,9181.0,8089.0,7590.0,8926.0,8915.0,9212.0,9146.0,9189.0,9162.0,9163.0,9494.0,9640.0,10673.0,9905.0,9996.0,9598.0,9721.0,9167.0,9504.0,9888.0,10292.0,11349.0,11529.0,
MEX.30.71_2,21232152.0,MEX,Hidalgotitlán,0.00417,8288.0,8089.0,7844.0,8825.0,10028.0,8750.0,8607.0,8947.0,8890.0,8486.0,8430.0,8598.0,9021.0,10289.0,10796.0,10281.0,10088.0,9768.0,9937.0,9980.0,9019.0,8617.0,10221.0,10077.0,10384.0,9974.0,10813.0,11072.0,11854.0,10787.0,11009.0,11470.0,11870.0,
MEX.30.72_2,21232153.0,MEX,Huatusco,0.0,13988.0,15119.0,14547.0,14113.0,15575.0,14910.0,17135.0,18909.0,18799.0,18876.0,18056.0,15802.0,16038.0,17734.0,19238.0,18885.0,19862.0,21493.0,21626.0,20269.0,22296.0,22122.0,17129.0,17506.0,16901.0,17332.0,15042.0,13510.0,11186.0,11990.0,11354.0,11706.0,11842.0,
MEX.30.73_2,21232154.0,MEX,Huayacocotla,0.0017,8547.0,9023.0,8485.0,9221.0,9767.0,9397.0,8861.0,9698.0,9754.0,9273.0,8557.0,9169.0,9237.0,10548.0,11229.0,11073.0,10588.0,10200.0,10124.0,10468.0,9611.0,9219.0,9493.0,9192.0,9569.0,9707.0,10313.0,9212.0,10997.0,10499.0,10177.0,10602.0,11079.0,
MEX.30.74_2,21232155.0,MEX,Hueyapan de Ocampo,0.00968,6780.0,6428.0,6213.0,5828.0,6576.0,5774.0,6092.0,6269.0,6390.0,6332.0,6490.0,6030.0,6024.0,7099.0,7966.0,7407.0,8533.0,7048.0,7204.0,7195.0,7268.0,7556.0,9281.0,8989.0,9854.0,9255.0,9996.0,9941.0,10374.0,10862.0,10354.0,10874.0,10953.0,
MEX.30.75_2,21232156.0,MEX,Huiloapan de Cuauhtémoc,0.00406,11818.0,10201.0,10495.0,10892.0,11358.0,11174.0,10309.0,11780.0,11824.0,11539.0,11450.0,10828.0,10988.0,12442.0,13419.0,13208.0,14243.0,15543.0,16229.0,13166.0,15733.0,14663.0,13658.0,13864.0,12982.0,12786.0,13040.0,13481.0,13177.0,12194.0,10757.0,12006.0,12132.0,
MEX.30.76_2,21232157.0,MEX,Ignacio de la Llave,0.00142,7292.0,7094.0,7000.0,7591.0,8255.0,7522.0,7767.0,8748.0,8364.0,8530.0,8561.0,7802.0,7920.0,8958.0,9299.0,8996.0,9215.0,8848.0,8560.0,8892.0,8727.0,7760.0,9083.0,8204.0,9298.0,8890.0,9333.0,8244.0,8252.0,8571.0,7898.0,8440.0,8667.0,
MEX.30.77_2,21232158.0,MEX,Ilamatlán,0.00209,7475.0,7952.0,6783.0,7614.0,8111.0,7662.0,7056.0,7860.0,8188.0,7329.0,7515.0,7150.0,7199.0,8617.0,9130.0,8543.0,8777.0,7506.0,6924.0,7613.0,6857.0,7512.0,8179.0,8008.0,8074.0,7994.0,8790.0,8348.0,8859.0,8692.0,8259.0,8606.0,9011.0,
MEX.30.78_2,21232159.0,MEX,Isla,0.00194,12977.0,11833.0,12514.0,11837.0,12615.0,10981.0,10816.0,12452.0,12579.0,10898.0,10002.0,9304.0,10136.0,11529.0,11700.0,9921.0,13482.0,12423.0,11820.0,11169.0,11704.0,14534.0,14446.0,14771.0,14259.0,13846.0,12114.0,10087.0,12537.0,13315.0,11746.0,12157.0,12866.0,
MEX.30.79_2,21232160.0,MEX,Ixcatepec,0.00255,7455.0,7400.0,7486.0,7905.0,8499.0,7834.0,7479.0,8751.0,8072.0,8408.0,8403.0,7643.0,7787.0,8873.0,9323.0,9086.0,9199.0,8944.0,8523.0,9361.0,9122.0,7607.0,7687.0,7936.0,7941.0,7548.0,9671.0,8475.0,8919.0,9989.0,8969.0,9342.0,9499.0,
MEX.30.80_2,21232161.0,MEX,Ixhuacán de los Reyes,-0.00212,9526.0,8924.0,9850.0,10005.0,10628.0,8471.0,10150.0,11896.0,12270.0,12975.0,15343.0,13387.0,13418.0,17547.0,15705.0,13415.0,8963.0,10526.0,11604.0,9520.0,9466.0,10667.0,9559.0,10430.0,9686.0,9468.0,10499.0,10459.0,10512.0,9288.0,8085.0,9169.0,10419.0,
MEX.30.81_2,21232162.0,MEX,Ixhuatlán de Madero,0.0,7944.0,8224.0,7720.0,8568.0,8359.0,8629.0,7829.0,8749.0,8353.0,8368.0,7258.0,8188.0,7704.0,9043.0,9664.0,9690.0,9380.0,8297.0,8134.0,9178.0,7649.0,6376.0,7289.0,6970.0,7237.0,7288.0,9064.0,8639.0,9061.0,9328.0,8401.0,8855.0,9522.0,
MEX.30.82_2,21232163.0,MEX,Ixhuatlán del Café,0.0063,7514.0,6826.0,7488.0,8559.0,8964.0,8496.0,7919.0,8535.0,9087.0,9218.0,8180.0,8802.0,8551.0,8926.0,10267.0,9254.0,9885.0,9999.0,10561.0,9515.0,9093.0,10551.0,11255.0,10673.0,10597.0,11314.0,13034.0,12190.0,12003.0,10726.0,10523.0,10451.0,11131.0,
MEX.30.83_2,21232164.0,MEX,Ixhuatlán del Sureste,0.00305,12655.0,13576.0,14044.0,13624.0,14299.0,14063.0,13994.0,14676.0,13478.0,13932.0,14005.0,13342.0,13348.0,15853.0,16709.0,17059.0,18550.0,17589.0,17888.0,16619.0,17978.0,18772.0,17611.0,18249.0,17026.0,15378.0,15093.0,14250.0,12648.0,13500.0,13156.0,13742.0,14095.0,
MEX.30.84_2,21232165.0,MEX,Ixhuatlancillo,0.00785,10861.0,11259.0,11409.0,11374.0,11945.0,11646.0,11977.0,12171.0,12413.0,11759.0,11757.0,11554.0,11638.0,13508.0,14232.0,14199.0,15674.0,16085.0,16080.0,14528.0,16247.0,16801.0,18661.0,17156.0,16313.0,16748.0,18631.0,17295.0,18566.0,16113.0,16569.0,17596.0,18146.0,
MEX.30.85_2,21232166.0,MEX,Ixmatlahuacan,0.00857,7290.0,7025.0,6278.0,7549.0,7897.0,7852.0,8190.0,8526.0,10597.0,10463.0,10034.0,8486.0,7761.0,10044.0,9880.0,10298.0,12765.0,10179.0,11063.0,10624.0,10281.0,11405.0,12607.0,11853.0,12973.0,13664.0,12005.0,11728.0,11021.0,12592.0,11866.0,12348.0,12878.0,
MEX.30.86_2,21232167.0,MEX,Ixtaczoquitlán,0.00819,10598.0,11079.0,11243.0,11055.0,11917.0,11951.0,12505.0,12610.0,12328.0,10552.0,10679.0,10865.0,10853.0,12524.0,13326.0,13945.0,15644.0,15878.0,14888.0,13676.0,14838.0,15770.0,16515.0,16345.0,15183.0,15342.0,15591.0,14480.0,19007.0,19144.0,18191.0,19052.0,19605.0,
MEX.30.87_2,21232168.0,MEX,Jalacingo,0.00598,10562.0,9971.0,10315.0,10417.0,11391.0,10802.0,10131.0,10590.0,10999.0,9727.0,10009.0,9679.0,9680.0,12351.0,13023.0,13569.0,14156.0,14458.0,14678.0,14240.0,15421.0,15717.0,15156.0,15126.0,14603.0,14150.0,14359.0,12339.0,11799.0,12656.0,11851.0,12431.0,12779.0,
MEX.30.88_2,21232169.0,MEX,Jalcomulco,0.01182,5237.0,5054.0,5265.0,6252.0,6670.0,6268.0,5315.0,5034.0,6149.0,5124.0,4990.0,5999.0,5955.0,6951.0,7878.0,8115.0,8229.0,8262.0,8099.0,7619.0,6994.0,7252.0,10405.0,9409.0,10185.0,9746.0,10554.0,10563.0,11360.0,10699.0,10881.0,10890.0,11983.0,
MEX.30.89_2,21232170.0,MEX,Jáltipan,0.00397,9779.0,10034.0,9737.0,9212.0,9722.0,10352.0,10373.0,11157.0,10669.0,10861.0,10662.0,10328.0,10255.0,10592.0,11525.0,11981.0,13020.0,13839.0,13535.0,13017.0,14263.0,14224.0,12086.0,13526.0,11957.0,11265.0,11068.0,11058.0,9737.0,10470.0,10488.0,10921.0,10726.0,
MEX.30.90_2,21232171.0,MEX,Jamapa,0.01114,7026.0,7621.0,7240.0,7358.0,8003.0,7724.0,7454.0,8093.0,8299.0,8007.0,7887.0,7792.0,7941.0,8721.0,9740.0,9587.0,9835.0,9892.0,10124.0,10078.0,9673.0,10525.0,12734.0,13171.0,12350.0,12901.0,12949.0,11889.0,15770.0,15771.0,15137.0,15877.0,16503.0,
MEX.30.91_2,21232172.0,MEX,Jesús Carranza,0.00267,7694.0,7785.0,6847.0,7859.0,8964.0,7756.0,7424.0,7869.0,7797.0,7458.0,7389.0,7573.0,7996.0,8836.0,9122.0,8679.0,9105.0,7888.0,8035.0,8340.0,7299.0,7021.0,8231.0,8257.0,8539.0,8083.0,8869.0,9069.0,9527.0,9589.0,9070.0,9448.0,9805.0,
MEX.30.92_2,21232173.0,MEX,Jilotepec,0.00739,7009.0,8572.0,8274.0,9498.0,9397.0,9098.0,8686.0,7794.0,8117.0,8565.0,8702.0,9050.0,9124.0,9293.0,10360.0,10344.0,13023.0,12596.0,11812.0,11037.0,12664.0,13320.0,12732.0,13291.0,12273.0,12203.0,12437.0,11610.0,10643.0,13263.0,12631.0,13179.0,13607.0,
MEX.30.93_2,21232174.0,MEX,José Azueta,0.00787,7125.0,6940.0,7223.0,7127.0,6997.0,7158.0,6874.0,7403.0,6568.0,6215.0,6529.0,7010.0,6437.0,6885.0,7967.0,7893.0,9788.0,7818.0,7923.0,7866.0,6939.0,7964.0,9973.0,8706.0,9188.0,9054.0,9443.0,9295.0,9889.0,11481.0,11553.0,11849.0,13076.0,
MEX.30.94_2,21232175.0,MEX,Juan Rodríguez Clara,0.01206,6099.0,6203.0,6334.0,6051.0,6711.0,6105.0,6279.0,6275.0,5874.0,6338.0,6491.0,6517.0,6485.0,7979.0,8445.0,8658.0,10436.0,9013.0,9370.0,9137.0,7424.0,8555.0,9891.0,9597.0,10317.0,9727.0,11903.0,12617.0,13918.0,13887.0,12276.0,13376.0,13717.0,
MEX.30.95_2,21232176.0,MEX,Juchique de Ferrer,-0.00097,8077.0,8341.0,7766.0,8072.0,8779.0,7958.0,7828.0,8594.0,8421.0,8312.0,8408.0,7817.0,7607.0,9608.0,9268.0,9733.0,8526.0,8074.0,7999.0,7943.0,7604.0,6631.0,7030.0,7125.0,7264.0,6888.0,8317.0,8187.0,8074.0,8011.0,7885.0,8094.0,8313.0,
MEX.30.96_2,21232177.0,MEX,La Antigua,0.00786,10443.0,10816.0,11229.0,12001.0,12650.0,12399.0,13476.0,13745.0,14111.0,13430.0,13620.0,13092.0,13080.0,15385.0,16242.0,16085.0,17779.0,18083.0,18131.0,16920.0,17437.0,18142.0,18370.0,18475.0,17453.0,17500.0,17084.0,16251.0,16641.0,17251.0,16625.0,17265.0,17816.0,
MEX.30.97_2,21232178.0,MEX,La Perla,0.00375,8984.0,9739.0,9017.0,9070.0,11347.0,8372.0,7139.0,8721.0,9488.0,8698.0,8800.0,9562.0,9931.0,10780.0,8646.0,9176.0,10402.0,9670.0,9982.0,12002.0,10626.0,10329.0,10943.0,11026.0,11212.0,11102.0,8687.0,8446.0,9944.0,9510.0,9643.0,11182.0,12002.0,
MEX.30.98_2,21232179.0,MEX,Landero y Coss,0.00276,9362.0,8654.0,8773.0,10136.0,9527.0,10125.0,9444.0,10229.0,9116.0,8482.0,8884.0,9790.0,9075.0,10373.0,10569.0,10684.0,10937.0,10844.0,10873.0,10845.0,10053.0,11488.0,12109.0,11166.0,12471.0,12631.0,10146.0,9459.0,9594.0,9632.0,10249.0,10047.0,10268.0,
MEX.30.99_2,21232180.0,MEX,Las Choapas,0.0,7936.0,7277.0,8746.0,8166.0,8067.0,8487.0,8036.0,8864.0,8157.0,10446.0,8819.0,8027.0,8452.0,9692.0,9608.0,9552.0,11009.0,9003.0,8225.0,8595.0,8388.0,7195.0,7934.0,8005.0,8354.0,8495.0,9208.0,8979.0,9221.0,8842.0,8738.0,8711.0,8945.0,
MEX.30.100_2,21232181.0,MEX,Las Minas,0.00615,7795.0,7290.0,7351.0,9619.0,9856.0,8422.0,8722.0,8278.0,8535.0,8029.0,7185.0,8989.0,9019.0,8485.0,10049.0,8889.0,9446.0,9261.0,9586.0,8707.0,8814.0,10805.0,10060.0,9127.0,10304.0,10205.0,12470.0,11100.0,12425.0,11736.0,11896.0,12237.0,12872.0,
MEX.30.101_2,21232182.0,MEX,Las Vigas de Ramírez,0.00477,8776.0,8951.0,9132.0,9111.0,9232.0,9216.0,8646.0,8966.0,9432.0,8692.0,8777.0,8751.0,8815.0,9237.0,9535.0,9494.0,8655.0,10641.0,10931.0,11941.0,10959.0,10527.0,11499.0,11107.0,11310.0,10872.0,13102.0,11269.0,12723.0,10188.0,12011.0,11986.0,12258.0,
MEX.30.102_2,21232183.0,MEX,Lerdo de Tejada,0.01306,6135.0,7965.0,9557.0,8113.0,8711.0,6896.0,7763.0,7706.0,9301.0,8538.0,8434.0,7165.0,7207.0,8386.0,9119.0,8625.0,11183.0,14749.0,15195.0,14745.0,17406.0,14552.0,11033.0,13263.0,12850.0,12313.0,11640.0,9351.0,10464.0,19467.0,19495.0,20259.0,20910.0,
MEX.30.103_2,21232184.0,MEX,Los Reyes,0.00502,8599.0,8560.0,8685.0,8775.0,8782.0,8899.0,8838.0,9261.0,8810.0,8982.0,9020.0,8200.0,6868.0,8552.0,8568.0,8864.0,10373.0,8983.0,9132.0,8854.0,9057.0,9902.0,11630.0,12469.0,11844.0,11213.0,11268.0,11357.0,12361.0,12367.0,10458.0,10777.0,11587.0,
MEX.30.104_2,21232185.0,MEX,Magdalena,0.00664,11170.0,10076.0,10354.0,10754.0,10991.0,11246.0,10639.0,12188.0,11629.0,10752.0,10784.0,10276.0,10089.0,11384.0,13190.0,14871.0,15114.0,14599.0,14622.0,13665.0,14660.0,14633.0,13413.0,14013.0,12986.0,12650.0,15536.0,15061.0,13714.0,14691.0,17346.0,18129.0,18309.0,
MEX.30.105_2,21232186.0,MEX,Maltrata,0.00392,8572.0,8351.0,8215.0,8531.0,9160.0,11113.0,9947.0,12006.0,9976.0,10163.0,11565.0,9982.0,9087.0,10209.0,11809.0,10810.0,13091.0,14036.0,12931.0,11964.0,12686.0,12971.0,12435.0,12195.0,12574.0,12161.0,11588.0,9668.0,9428.0,11929.0,11190.0,11187.0,11570.0,
MEX.30.106_2,21232187.0,MEX,Manlio Fabio Altamirano,0.01121,7599.0,7732.0,7851.0,7992.0,8411.0,8091.0,7940.0,8225.0,7387.0,7438.0,7505.0,6765.0,6979.0,8532.0,9403.0,10393.0,11208.0,9596.0,9313.0,9208.0,9285.0,9490.0,11941.0,11970.0,12016.0,11758.0,13275.0,13083.0,16263.0,16094.0,14776.0,14884.0,15075.0,
MEX.30.107_2,21232188.0,MEX,Mariano Escobedo,0.006,11541.0,12848.0,13200.0,12900.0,13320.0,13045.0,13150.0,14161.0,14144.0,13490.0,13670.0,13516.0,13441.0,16305.0,16982.0,17467.0,17704.0,17855.0,18241.0,16892.0,18216.0,17637.0,18382.0,18570.0,17680.0,17403.0,18567.0,17697.0,15919.0,16863.0,15979.0,16856.0,17314.0,
MEX.30.108_2,21232189.0,MEX,Martínez de la Torre,0.00489,13238.0,13788.0,14287.0,13772.0,14499.0,14143.0,13338.0,13259.0,14974.0,12717.0,12819.0,12428.0,12479.0,15075.0,16045.0,16039.0,17569.0,17774.0,17938.0,16697.0,18166.0,19007.0,18574.0,19246.0,18221.0,18250.0,16919.0,17183.0,16142.0,16765.0,15887.0,16589.0,17090.0,
MEX.30.109_2,21232190.0,MEX,Mecatlán,0.0,12362.0,10646.0,12896.0,12978.0,13933.0,11865.0,13755.0,14282.0,14439.0,14712.0,14885.0,14342.0,14577.0,23558.0,27028.0,25631.0,20727.0,23241.0,22892.0,21429.0,22356.0,21181.0,19879.0,20519.0,19176.0,18734.0,18070.0,16835.0,13783.0,13579.0,13035.0,13328.0,13290.0,
MEX.30.110_2,21232191.0,MEX,Mecayapan,0.00576,8756.0,8630.0,8799.0,8816.0,8760.0,8784.0,8901.0,8853.0,8296.0,7613.0,8093.0,8742.0,8190.0,9363.0,10054.0,10055.0,12579.0,10127.0,10126.0,10193.0,9114.0,10559.0,13340.0,12702.0,12535.0,12106.0,13249.0,12263.0,12955.0,10388.0,9700.0,10951.0,11292.0,
MEX.30.111_2,21232192.0,MEX,Medellín,0.01161,9293.0,9428.0,9348.0,9352.0,9627.0,9479.0,10042.0,9909.0,10112.0,9353.0,9684.0,9411.0,9502.0,11335.0,12056.0,11841.0,13858.0,20237.0,20956.0,19334.0,15124.0,15996.0,18955.0,18398.0,17579.0,17705.0,16368.0,15897.0,16790.0,17206.0,16408.0,17373.0,17631.0,
MEX.30.112_2,21232193.0,MEX,Miahuatlán,0.00768,7320.0,7235.0,7346.0,7537.0,7374.0,7626.0,7431.0,7704.0,7364.0,7496.0,7516.0,6837.0,6719.0,8040.0,8568.0,8864.0,10373.0,9495.0,8692.0,8839.0,8509.0,11552.0,11787.0,12008.0,12992.0,12206.0,12626.0,10324.0,10741.0,10530.0,11695.0,12028.0,11694.0,
MEX.30.113_2,21232194.0,MEX,Minatitlán,0.00366,10915.0,11650.0,10921.0,11386.0,12125.0,11302.0,10503.0,12463.0,12140.0,12808.0,12175.0,11086.0,11021.0,12343.0,14927.0,14928.0,14138.0,16351.0,16164.0,13909.0,15820.0,14823.0,13874.0,14361.0,13352.0,13044.0,13846.0,12959.0,11937.0,12963.0,12135.0,13140.0,14096.0,
MEX.30.114_2,21232195.0,MEX,Misantla,0.00333,7697.0,8424.0,8646.0,7674.0,8480.0,7828.0,8400.0,9012.0,8150.0,9822.0,8591.0,7791.0,7841.0,8914.0,10237.0,9445.0,10006.0,8549.0,8764.0,9132.0,9751.0,8190.0,9105.0,9175.0,9844.0,9257.0,11339.0,11548.0,9924.0,9183.0,10094.0,10484.0,10666.0,
MEX.30.115_2,21232196.0,MEX,Mixtla de Altamirano,0.00374,8272.0,8209.0,8131.0,7767.0,8170.0,7826.0,7315.0,7920.0,7579.0,7245.0,7870.0,7259.0,6876.0,7782.0,8065.0,7889.0,10020.0,9937.0,9793.0,10740.0,9245.0,9668.0,9492.0,10596.0,9188.0,9476.0,9725.0,9852.0,9729.0,9364.0,8950.0,9155.0,8707.0,
MEX.30.116_2,21232197.0,MEX,Moloacán,0.00874,7200.0,6788.0,6962.0,7678.0,7136.0,7575.0,7223.0,7133.0,7346.0,6828.0,6940.0,7547.0,7082.0,8112.0,8044.0,8667.0,9237.0,8492.0,8783.0,8378.0,7447.0,9616.0,10609.0,10074.0,10645.0,10309.0,10436.0,10281.0,10992.0,13591.0,13484.0,13212.0,14410.0,
MEX.30.117_2,21232198.0,MEX,Nanchital de Lázaro Cárdenas del,0.00828,10885.0,10267.0,10627.0,10665.0,11301.0,10893.0,10672.0,10988.0,12535.0,12342.0,12377.0,12074.0,12120.0,15026.0,15456.0,15909.0,17690.0,17705.0,17630.0,16329.0,17921.0,18392.0,18010.0,18309.0,17640.0,15835.0,15955.0,14963.0,13909.0,14721.0,14085.0,14661.0,15016.0,
MEX.30.118_2,21232199.0,MEX,Naolinco,-0.00481,13258.0,13029.0,14970.0,15032.0,15921.0,15112.0,14927.0,15445.0,16529.0,15329.0,15183.0,15146.0,15191.0,18006.0,19088.0,18264.0,14025.0,10948.0,11005.0,10829.0,11046.0,11459.0,12619.0,13010.0,12053.0,12025.0,11674.0,10667.0,12158.0,12295.0,10637.0,12042.0,12876.0,
MEX.30.119_2,21232200.0,MEX,Naranjal,0.00398,10329.0,9277.0,9147.0,10393.0,9828.0,8639.0,9320.0,11945.0,10732.0,10789.0,10665.0,8956.0,9533.0,11895.0,11778.0,11903.0,11882.0,13910.0,13102.0,12804.0,12946.0,12823.0,11507.0,12220.0,12428.0,12880.0,11871.0,10969.0,10158.0,11156.0,9901.0,10456.0,10335.0,
MEX.30.120_2,21232201.0,MEX,Naranjos Amatlán,0.0,8697.0,8465.0,9564.0,9278.0,10077.0,9014.0,9928.0,11189.0,9582.0,11712.0,10197.0,9604.0,9806.0,12462.0,11493.0,11310.0,8539.0,10519.0,10397.0,9502.0,9671.0,8546.0,8546.0,10097.0,9648.0,9733.0,13492.0,11311.0,12124.0,10567.0,9178.0,9320.0,9556.0,
MEX.30.121_2,21232202.0,MEX,Nautla,0.0059,6599.0,6199.0,6404.0,8779.0,8740.0,8755.0,7796.0,8095.0,7663.0,7390.0,6995.0,8107.0,7534.0,8651.0,10082.0,9874.0,9026.0,9428.0,9656.0,9421.0,8574.0,7850.0,10491.0,9151.0,9943.0,9729.0,10085.0,9277.0,9683.0,10697.0,10819.0,11361.0,12425.0,
MEX.30.122_2,21232203.0,MEX,Nogales,0.00358,12192.0,12765.0,13089.0,12793.0,13427.0,13287.0,13627.0,14110.0,13891.0,12896.0,13208.0,12578.0,12665.0,14799.0,15429.0,15675.0,16957.0,17339.0,17395.0,16182.0,17666.0,18322.0,15374.0,15620.0,14792.0,14958.0,15057.0,14595.0,14035.0,14092.0,14263.0,14846.0,14977.0,
MEX.30.123_2,21232204.0,MEX,Oluta,0.00665,7104.0,7876.0,8764.0,8908.0,9432.0,8943.0,9626.0,9330.0,9678.0,8801.0,9165.0,8788.0,8899.0,9242.0,10795.0,9768.0,11782.0,11313.0,11729.0,11668.0,12983.0,13640.0,13808.0,14062.0,13104.0,13291.0,11415.0,10888.0,9381.0,10442.0,9826.0,10231.0,10619.0,
MEX.30.124_2,21232205.0,MEX,Omealca,0.00731,5931.0,5448.0,5498.0,7061.0,6750.0,6597.0,5964.0,5680.0,6889.0,6679.0,6757.0,7193.0,7232.0,8314.0,8725.0,8676.0,7107.0,7836.0,7951.0,7765.0,7541.0,7295.0,9301.0,8820.0,8949.0,8571.0,7497.0,8362.0,9924.0,10128.0,9938.0,10644.0,11391.0,
MEX.30.125_2,21232206.0,MEX,Orizaba,0.00669,11239.0,11582.0,11831.0,11929.0,12531.0,12314.0,12752.0,13071.0,12838.0,12674.0,12688.0,12389.0,12314.0,13086.0,14528.0,14431.0,15533.0,15735.0,16393.0,14872.0,17042.0,17251.0,18104.0,17869.0,16862.0,17099.0,16700.0,15518.0,17583.0,17738.0,16581.0,17616.0,18130.0,
MEX.30.126_2,21232207.0,MEX,Otatitlán,0.0048,8977.0,9747.0,7532.0,8956.0,8886.0,7297.0,7318.0,7331.0,7281.0,7591.0,6992.0,7278.0,7465.0,8347.0,9176.0,9476.0,12187.0,11287.0,12574.0,11222.0,12145.0,11980.0,12289.0,12185.0,12790.0,12965.0,8880.0,8588.0,8664.0,8940.0,8480.0,9107.0,9333.0,
MEX.30.127_2,21232208.0,MEX,Oteapan,0.00557,11393.0,12158.0,12603.0,12227.0,12880.0,12183.0,12741.0,12993.0,13024.0,12166.0,12329.0,11265.0,11417.0,13166.0,13899.0,13699.0,14830.0,14968.0,15118.0,14137.0,15453.0,16094.0,17074.0,16553.0,15785.0,15871.0,17084.0,16355.0,16578.0,16703.0,16065.0,16681.0,17220.0,
MEX.30.128_2,21232209.0,MEX,Ozuluama de Mascareñas,-0.00216,8098.0,7735.0,7368.0,8178.0,8892.0,8102.0,8013.0,8076.0,7783.0,7678.0,7612.0,7492.0,7899.0,8606.0,8733.0,8258.0,7902.0,7213.0,7251.0,7523.0,6584.0,6326.0,6732.0,6817.0,7033.0,7084.0,7549.0,7061.0,7551.0,7535.0,7288.0,7561.0,7776.0,
MEX.30.129_2,21232210.0,MEX,Pajapan,0.00849,7035.0,7155.0,7107.0,6601.0,7394.0,6753.0,7393.0,7764.0,7132.0,7240.0,7417.0,6844.0,6827.0,7840.0,8609.0,8515.0,10670.0,9065.0,9013.0,9018.0,8592.0,9060.0,11083.0,10686.0,11641.0,10874.0,10917.0,11118.0,12154.0,11550.0,10665.0,11085.0,11284.0,
MEX.30.130_2,21232211.0,MEX,Pánuco,0.00573,6859.0,7208.0,7272.0,7329.0,8268.0,7399.0,7605.0,8090.0,7881.0,7891.0,7404.0,7214.0,6874.0,8288.0,8716.0,8697.0,9920.0,9956.0,9611.0,8688.0,9654.0,9446.0,9330.0,9298.0,10148.0,9280.0,9825.0,9654.0,10832.0,10714.0,10077.0,10682.0,10920.0,
MEX.30.131_2,21232212.0,MEX,Papantla,0.00625,10538.0,9372.0,8052.0,8482.0,8454.0,8721.0,9326.0,9388.0,9923.0,9256.0,8815.0,8196.0,8277.0,10423.0,11438.0,10875.0,12815.0,11940.0,12349.0,11431.0,12028.0,12917.0,12013.0,12295.0,11900.0,12189.0,10851.0,11269.0,13632.0,11809.0,11031.0,11219.0,11525.0,
MEX.30.132_2,21232213.0,MEX,Paso de Ovejas,0.0014,7649.0,8281.0,8629.0,8432.0,8864.0,8332.0,8953.0,9343.0,8473.0,9363.0,8715.0,8078.0,8405.0,9641.0,8559.0,7867.0,8653.0,7625.0,8361.0,7784.0,8262.0,7930.0,10247.0,9524.0,10186.0,8813.0,8946.0,9444.0,11536.0,10429.0,9520.0,10317.0,10381.0,
MEX.30.133_2,21232214.0,MEX,Paso del Macho,0.00804,5696.0,6417.0,6139.0,7045.0,7295.0,7163.0,5720.0,6460.0,7235.0,5639.0,5969.0,7745.0,7361.0,8784.0,9186.0,9357.0,8589.0,9416.0,9008.0,8580.0,8523.0,9798.0,10866.0,9810.0,10093.0,9794.0,9439.0,9134.0,12188.0,8394.0,7787.0,8101.0,8691.0,
MEX.30.134_2,21232215.0,MEX,Perote,0.00539,6244.0,6589.0,7651.0,8115.0,8217.0,7326.0,7393.0,7261.0,8095.0,7251.0,6874.0,6821.0,7020.0,10435.0,12107.0,10296.0,13360.0,12362.0,10635.0,11976.0,13481.0,13305.0,7928.0,7759.0,7666.0,8025.0,10658.0,9584.0,8778.0,9623.0,9824.0,9625.0,10292.0,
MEX.30.135_2,21232216.0,MEX,Platón Sánchez,0.00664,9458.0,8806.0,8343.0,8390.0,8945.0,8489.0,6918.0,7619.0,7231.0,6744.0,8411.0,7288.0,7297.0,8969.0,9601.0,9571.0,9873.0,9193.0,8497.0,9441.0,9848.0,10435.0,12135.0,12721.0,12998.0,12212.0,10664.0,10231.0,9520.0,11567.0,10687.0,11203.0,12918.0,
MEX.30.136_2,21232217.0,MEX,Playa Vicente,-0.0026,8257.0,9584.0,9260.0,9587.0,10422.0,9743.0,9364.0,10641.0,9923.0,9929.0,10197.0,9373.0,9524.0,10255.0,11167.0,10452.0,10878.0,8518.0,8012.0,8408.0,8021.0,6708.0,8326.0,8005.0,8232.0,8086.0,8922.0,8539.0,8421.0,8103.0,10225.0,10662.0,10568.0,
MEX.30.137_2,21232218.0,MEX,Poza Rica de Hidalgo,0.01025,15621.0,16074.0,16251.0,15904.0,15555.0,16458.0,17203.0,18070.0,18081.0,16415.0,17087.0,16574.0,16417.0,20283.0,20794.0,21922.0,22659.0,23844.0,24875.0,23753.0,26822.0,26622.0,27544.0,27655.0,26988.0,26397.0,24816.0,25164.0,24365.0,26925.0,25431.0,26482.0,26897.0,
MEX.30.138_2,21232219.0,MEX,Pueblo Viejo,0.00993,12198.0,12575.0,12789.0,13222.0,12725.0,13462.0,13714.0,13919.0,14449.0,13682.0,13710.0,13416.0,13321.0,15529.0,16496.0,16367.0,19694.0,20426.0,20766.0,18985.0,21152.0,21328.0,23522.0,21808.0,22155.0,22178.0,21032.0,20571.0,21787.0,21978.0,19580.0,21856.0,21442.0,
MEX.30.139_2,21232220.0,MEX,Puente Nacional,0.00366,7717.0,7596.0,8433.0,8391.0,9226.0,7950.0,8490.0,8746.0,8496.0,8002.0,8312.0,7360.0,7485.0,8300.0,8888.0,8436.0,8685.0,8009.0,8571.0,8570.0,9072.0,10373.0,10901.0,10701.0,10875.0,10516.0,10114.0,10094.0,10265.0,9474.0,8810.0,10077.0,9758.0,
MEX.30.140_2,21232221.0,MEX,Rafael Delgado,0.00502,9824.0,10013.0,10303.0,10716.0,11054.0,10829.0,10232.0,11705.0,11649.0,11343.0,11247.0,10800.0,10856.0,12788.0,13326.0,13017.0,14460.0,16279.0,16416.0,13814.0,16151.0,14388.0,13633.0,13749.0,12566.0,12516.0,12735.0,12201.0,11057.0,11127.0,10642.0,11501.0,11617.0,
MEX.30.141_2,21232222.0,MEX,Rafael Lucio,0.00704,10695.0,10685.0,10551.0,10606.0,12452.0,12247.0,11685.0,12459.0,13017.0,10766.0,11311.0,11104.0,11102.0,11362.0,12383.0,12531.0,15178.0,15169.0,15898.0,15090.0,14931.0,16811.0,17769.0,17537.0,16650.0,16587.0,15763.0,14962.0,15341.0,16119.0,15524.0,16197.0,16690.0,
MEX.30.142_2,21232223.0,MEX,Río Blanco,0.01012,10560.0,10819.0,10983.0,10998.0,11546.0,11514.0,11622.0,11929.0,12122.0,11523.0,11523.0,11284.0,11369.0,14065.0,14620.0,15052.0,16478.0,16898.0,17471.0,15509.0,17649.0,18116.0,21136.0,18333.0,18723.0,18918.0,19989.0,18920.0,19565.0,17099.0,14440.0,15828.0,16340.0,
MEX.30.143_2,21232224.0,MEX,Saltabarranca,0.00367,5039.0,6972.0,8421.0,7292.0,7916.0,6944.0,7478.0,9725.0,8672.0,9481.0,8240.0,6913.0,6682.0,10892.0,11516.0,11542.0,10259.0,12227.0,10430.0,10928.0,9871.0,9779.0,10805.0,10471.0,10886.0,9839.0,10783.0,10203.0,11076.0,9898.0,9301.0,9619.0,10547.0,
MEX.30.144_2,21232225.0,MEX,San Andrés Tenejapan,0.00349,10752.0,9988.0,10031.0,10664.0,11036.0,10939.0,9950.0,11264.0,11329.0,11064.0,10965.0,10502.0,10523.0,12363.0,13072.0,12798.0,14111.0,15335.0,15631.0,12774.0,15322.0,13950.0,13128.0,13214.0,12428.0,11547.0,13139.0,12380.0,11355.0,11595.0,10402.0,11250.0,11370.0,
MEX.30.145_2,21232226.0,MEX,San Andrés Tuxtla,0.00422,9458.0,9976.0,10625.0,11072.0,11707.0,11423.0,10224.0,11549.0,11699.0,11870.0,11862.0,10853.0,11464.0,12710.0,13883.0,13881.0,14794.0,16141.0,15512.0,14670.0,16266.0,15005.0,12596.0,13218.0,12802.0,12264.0,12653.0,12764.0,10522.0,11480.0,12975.0,13504.0,13589.0,
MEX.30.146_2,21232227.0,MEX,San Juan Evangelista,0.00474,8507.0,8396.0,8571.0,8545.0,8347.0,8337.0,8671.0,8930.0,7872.0,7512.0,7823.0,8346.0,7852.0,8362.0,8893.0,8975.0,10808.0,8874.0,9122.0,8830.0,7539.0,9497.0,11033.0,10751.0,11127.0,10949.0,11664.0,11348.0,11121.0,10770.0,9373.0,9684.0,10896.0,
MEX.30.147_2,21232228.0,MEX,San Rafael,0.01333,6645.0,5859.0,5509.0,5893.0,6125.0,5779.0,6067.0,5921.0,5997.0,5677.0,5732.0,5182.0,5195.0,6508.0,7649.0,7730.0,8300.0,7328.0,7670.0,7625.0,6939.0,7672.0,10865.0,10272.0,11359.0,10938.0,8776.0,13551.0,13376.0,15105.0,12507.0,12523.0,15916.0,
MEX.30.148_2,21232229.0,MEX,Santiago Sochiapan,0.00271,7323.0,7764.0,8109.0,8292.0,9361.0,8557.0,7970.0,8284.0,8226.0,7871.0,7914.0,7662.0,7663.0,8563.0,8943.0,8834.0,9200.0,8334.0,8317.0,8490.0,7456.0,6638.0,8164.0,7289.0,8918.0,8733.0,10253.0,10683.0,10898.0,10376.0,8998.0,9527.0,9877.0,
MEX.30.149_2,21232230.0,MEX,Santiago Tuxtla,0.00529,7859.0,7244.0,7779.0,7884.0,8261.0,8221.0,8401.0,8705.0,9136.0,10043.0,8618.0,8679.0,8522.0,9802.0,10748.0,10715.0,10944.0,10186.0,9550.0,10439.0,10844.0,11649.0,11774.0,11980.0,10762.0,10297.0,9915.0,8942.0,9979.0,10063.0,9831.0,9614.0,10830.0,
MEX.30.150_2,21232231.0,MEX,Sayula de Alemán,0.00476,7906.0,7897.0,7710.0,7920.0,8582.0,8020.0,8038.0,8967.0,8733.0,8661.0,8703.0,8435.0,8339.0,9920.0,11847.0,10672.0,10552.0,9332.0,9510.0,9351.0,7258.0,9124.0,10771.0,10907.0,11328.0,10691.0,10517.0,9907.0,10628.0,11080.0,10206.0,10377.0,11662.0,
MEX.30.151_2,21232232.0,MEX,Sochiapa,-0.00129,13669.0,13985.0,13114.0,13149.0,12105.0,11816.0,11190.0,13353.0,11426.0,12439.0,11412.0,10871.0,10806.0,10745.0,10262.0,10549.0,14305.0,12844.0,11011.0,9799.0,10537.0,12570.0,15590.0,14043.0,13773.0,13430.0,12725.0,11380.0,11600.0,10367.0,11216.0,11543.0,11843.0,
MEX.30.152_2,21232233.0,MEX,Soconusco,0.0064,9116.0,9135.0,9027.0,8214.0,8857.0,7976.0,8876.0,8763.0,7899.0,8117.0,8077.0,7544.0,7643.0,8629.0,9085.0,9102.0,11095.0,10005.0,10017.0,9906.0,11106.0,11967.0,12652.0,12632.0,11602.0,11547.0,11669.0,11099.0,10446.0,11780.0,11162.0,11606.0,12043.0,
MEX.30.153_2,21232234.0,MEX,Soledad Atzompa,0.00159,9691.0,10553.0,11431.0,11623.0,12091.0,11223.0,10230.0,12247.0,12134.0,11503.0,12047.0,11455.0,10996.0,12435.0,13685.0,13418.0,13996.0,15440.0,15128.0,13318.0,14583.0,13786.0,12842.0,12654.0,11711.0,11666.0,12610.0,12192.0,10771.0,11566.0,11307.0,11795.0,12099.0,
MEX.30.154_2,21232235.0,MEX,Soledad de Doblado,0.00685,6945.0,6856.0,6860.0,8287.0,8217.0,8224.0,8285.0,8602.0,7561.0,7052.0,7345.0,7850.0,7277.0,8364.0,9337.0,9109.0,9009.0,9335.0,9545.0,9322.0,7082.0,7839.0,10019.0,9087.0,9530.0,9515.0,11503.0,12029.0,12963.0,11707.0,10725.0,11258.0,12418.0,
MEX.30.155_2,21232236.0,MEX,Soteapan,0.00842,6627.0,6651.0,6469.0,5996.0,6755.0,5923.0,6542.0,6585.0,6014.0,6103.0,6424.0,5939.0,5817.0,7580.0,7644.0,7870.0,9028.0,7963.0,9919.0,9822.0,9737.0,9877.0,9341.0,9638.0,9975.0,9417.0,9417.0,9843.0,8957.0,9390.0,9233.0,9091.0,9273.0,
MEX.30.156_2,21232237.0,MEX,Tamalín,0.00235,7498.0,7267.0,7016.0,8013.0,9155.0,8024.0,7961.0,8150.0,8081.0,7726.0,7660.0,7754.0,8299.0,9258.0,9511.0,9038.0,8681.0,8049.0,8199.0,8340.0,7299.0,7021.0,8249.0,8257.0,8539.0,8083.0,8869.0,9007.0,9527.0,9589.0,9266.0,9652.0,10014.0,
MEX.30.157_2,21232238.0,MEX,Tamiahua,0.00663,5980.0,5548.0,5504.0,5748.0,6833.0,6020.0,6036.0,6826.0,6427.0,6328.0,6415.0,5860.0,5905.0,7131.0,7251.0,7082.0,7338.0,6788.0,6509.0,6859.0,6551.0,5786.0,7474.0,7385.0,7873.0,7424.0,8559.0,8401.0,9570.0,9377.0,9880.0,10266.0,10532.0,
MEX.30.158_2,21232239.0,MEX,Tampico Alto,0.00484,7999.0,7725.0,7908.0,10142.0,10115.0,10323.0,7854.0,9808.0,9620.0,9091.0,8682.0,9892.0,9353.0,10574.0,11580.0,11122.0,10406.0,11701.0,11859.0,11342.0,10427.0,10149.0,12545.0,11427.0,12102.0,11494.0,11687.0,11594.0,12672.0,12319.0,11783.0,12134.0,13214.0,
MEX.30.159_2,21232240.0,MEX,Tancoco,-0.00257,9801.0,10014.0,10792.0,10211.0,10963.0,10131.0,10583.0,11907.0,10780.0,13728.0,12319.0,9690.0,9971.0,11665.0,12443.0,11700.0,11121.0,8149.0,8601.0,8887.0,9160.0,7517.0,8982.0,7723.0,8830.0,7763.0,11513.0,10470.0,11686.0,11663.0,9290.0,9433.0,9440.0,
MEX.30.160_2,21232241.0,MEX,Tantima,0.00211,8089.0,8135.0,7218.0,7847.0,8709.0,8108.0,8568.0,8316.0,8412.0,7808.0,7923.0,8169.0,8196.0,9348.0,9416.0,9234.0,8984.0,8688.0,8573.0,9016.0,8073.0,7619.0,8652.0,8444.0,8623.0,8272.0,9177.0,9240.0,9549.0,10054.0,9657.0,9983.0,10352.0,
MEX.30.161_2,21232242.0,MEX,Tantoyuca,0.00348,6987.0,7385.0,7720.0,8960.0,10022.0,8845.0,8518.0,8781.0,10596.0,8869.0,8528.0,8928.0,8898.0,9054.0,8998.0,8944.0,9992.0,10568.0,10079.0,9187.0,10077.0,9120.0,10313.0,9163.0,9272.0,8719.0,10968.0,9734.0,10634.0,11055.0,10604.0,10919.0,11178.0,
MEX.30.162_2,21232243.0,MEX,Tatahuicapan de Juárez,0.0,7173.0,7015.0,6662.0,7457.0,8504.0,7471.0,7444.0,7769.0,7447.0,7362.0,7293.0,7164.0,7571.0,8420.0,8605.0,8221.0,7999.0,7348.0,7305.0,7545.0,6566.0,5918.0,6822.0,6546.0,6952.0,6643.0,7738.0,7500.0,7711.0,7753.0,8935.0,9301.0,9553.0,
MEX.30.163_2,21232244.0,MEX,Tatatila,0.01355,5370.0,5024.0,4588.0,5709.0,6296.0,5628.0,4757.0,4784.0,6167.0,5537.0,5169.0,5365.0,5396.0,6733.0,7586.0,7484.0,7255.0,8014.0,8380.0,8084.0,6899.0,9217.0,11249.0,9557.0,11375.0,10973.0,11308.0,10419.0,11335.0,9816.0,8882.0,9119.0,10978.0,
MEX.30.164_2,21232245.0,MEX,Tecolutla,0.00589,6042.0,5722.0,6411.0,8416.0,8972.0,8507.0,6674.0,8382.0,8553.0,8229.0,7411.0,8347.0,7653.0,8946.0,9590.0,9846.0,8790.0,9584.0,9602.0,9468.0,8544.0,8025.0,10844.0,9579.0,10420.0,10212.0,10176.0,10289.0,10687.0,11147.0,10827.0,11168.0,12228.0,
MEX.30.165_2,21232246.0,MEX,Tehuipango,0.00612,6999.0,7189.0,7821.0,8029.0,8953.0,9051.0,8415.0,7896.0,7920.0,8308.0,8218.0,7442.0,8296.0,10187.0,9433.0,10166.0,11884.0,11866.0,10953.0,8838.0,10857.0,10004.0,10026.0,10358.0,13588.0,11524.0,10392.0,9241.0,11497.0,8870.0,9344.0,9404.0,9511.0,
MEX.30.166_2,21232247.0,MEX,Tempoal,0.0,6579.0,6930.0,6949.0,7276.0,8138.0,7373.0,7192.0,8157.0,7812.0,8055.0,7935.0,7199.0,7226.0,8672.0,8717.0,8752.0,9975.0,8741.0,8270.0,8671.0,8560.0,7229.0,8379.0,8400.0,8674.0,8319.0,7185.0,6922.0,6747.0,7555.0,7149.0,7363.0,7567.0,
MEX.30.167_2,21232248.0,MEX,Tenampa,0.00164,9665.0,9513.0,8888.0,8124.0,8564.0,8111.0,8043.0,9415.0,8636.0,7898.0,8324.0,7991.0,7541.0,9529.0,9291.0,9009.0,10808.0,9120.0,8641.0,8703.0,9511.0,9195.0,10013.0,10699.0,9866.0,8854.0,8776.0,8670.0,9072.0,9877.0,8894.0,9388.0,9623.0,
MEX.30.168_2,21232249.0,MEX,Tenochtitlán,0.0,7495.0,7440.0,7551.0,7993.0,8593.0,8055.0,7612.0,9028.0,8239.0,8673.0,8674.0,7715.0,7884.0,8827.0,9379.0,9086.0,9130.0,8797.0,8192.0,8604.0,8323.0,6758.0,7076.0,6992.0,7263.0,6887.0,8321.0,8771.0,9344.0,8911.0,8426.0,8777.0,8922.0,
MEX.30.169_2,21232250.0,MEX,Teocelo,0.01142,8051.0,8855.0,8472.0,9148.0,8310.0,9191.0,10214.0,9180.0,9038.0,9772.0,10847.0,9015.0,9019.0,12592.0,13301.0,13474.0,17861.0,16428.0,14781.0,14363.0,17420.0,16298.0,15044.0,15854.0,15718.0,15112.0,14394.0,13845.0,15493.0,14505.0,15098.0,15769.0,15086.0,
MEX.30.170_2,21232251.0,MEX,Tepatlaxco,0.00771,8876.0,8708.0,8163.0,7971.0,8351.0,7942.0,9599.0,8528.0,8380.0,7790.0,8050.0,7901.0,7476.0,8908.0,9503.0,9576.0,11103.0,9657.0,9684.0,9765.0,8839.0,11165.0,11671.0,11143.0,11914.0,11295.0,11968.0,12330.0,14417.0,14395.0,11793.0,13420.0,12883.0,
MEX.30.171_2,21232252.0,MEX,Tepetlán,0.01289,7240.0,6507.0,6250.0,6600.0,6745.0,6506.0,7312.0,6151.0,6788.0,5814.0,5908.0,5779.0,5665.0,6841.0,7683.0,7944.0,8431.0,7562.0,7864.0,8452.0,7735.0,8500.0,10214.0,9580.0,10539.0,10227.0,10053.0,10185.0,11276.0,18001.0,15848.0,17082.0,18645.0,
MEX.30.172_2,21232253.0,MEX,Tepetzintla,0.0,6969.0,6634.0,6522.0,6630.0,7619.0,6631.0,6729.0,7561.0,6966.0,7385.0,7374.0,6570.0,6677.0,7202.0,8195.0,7298.0,6861.0,6634.0,6393.0,7222.0,6999.0,5931.0,6448.0,6823.0,6804.0,6454.0,6908.0,7138.0,6619.0,7345.0,7202.0,7474.0,7680.0,
MEX.30.173_2,21232254.0,MEX,Tequila,0.00616,7748.0,8759.0,7905.0,8971.0,8861.0,9087.0,8901.0,9075.0,10085.0,8420.0,8158.0,8925.0,8922.0,10332.0,11047.0,10654.0,9856.0,10774.0,12310.0,11043.0,10357.0,10468.0,9868.0,12353.0,11896.0,11238.0,11835.0,10970.0,12276.0,12761.0,11847.0,13882.0,14046.0,
MEX.30.174_2,21232255.0,MEX,Texcatepec,0.00126,8934.0,9042.0,8678.0,9784.0,10690.0,9836.0,9525.0,10072.0,10308.0,9787.0,9718.0,9523.0,9722.0,10993.0,11113.0,10712.0,10978.0,9990.0,10075.0,10418.0,9941.0,8993.0,9958.0,9557.0,10037.0,9701.0,10208.0,10458.0,11437.0,11599.0,10988.0,10650.0,11033.0,
MEX.30.175_2,21232256.0,MEX,Texhuacán,0.00838,6681.0,6503.0,6481.0,7400.0,7457.0,7394.0,6831.0,7049.0,7800.0,7558.0,7782.0,6949.0,6663.0,8667.0,8516.0,9084.0,9126.0,8115.0,9073.0,9171.0,9906.0,8814.0,10405.0,10927.0,11254.0,10882.0,11019.0,11389.0,10618.0,10555.0,9956.0,8545.0,9390.0,
MEX.30.176_2,21232257.0,MEX,Texistepec,0.01167,6696.0,6629.0,6726.0,7132.0,6865.0,7199.0,6606.0,7034.0,6871.0,6795.0,7428.0,7060.0,7052.0,8160.0,8794.0,8832.0,9674.0,8801.0,9265.0,8381.0,7781.0,9777.0,12516.0,11993.0,13101.0,12197.0,11907.0,11573.0,11980.0,13215.0,13284.0,13366.0,14574.0,
MEX.30.177_2,21232258.0,MEX,Tezonapa,0.00995,7627.0,7704.0,7705.0,7964.0,8253.0,8076.0,6238.0,7520.0,7026.0,6397.0,6764.0,6366.0,6534.0,7627.0,7583.0,7009.0,7791.0,8968.0,8557.0,9272.0,8185.0,7514.0,10998.0,10255.0,11459.0,11112.0,11952.0,10702.0,12548.0,10987.0,11308.0,11273.0,11765.0,
MEX.30.178_2,21232259.0,MEX,Tierra Blanca,0.00714,8026.0,8324.0,8548.0,8263.0,8146.0,8401.0,9013.0,9288.0,8826.0,9102.0,9053.0,8175.0,8326.0,9692.0,10371.0,10784.0,12253.0,12750.0,11000.0,10436.0,12006.0,12080.0,12341.0,12275.0,13106.0,12167.0,11830.0,12059.0,14783.0,11880.0,11091.0,11585.0,11893.0,
MEX.30.179_2,21232260.0,MEX,Tihuatlán,0.00416,10471.0,10737.0,11459.0,11370.0,11724.0,11470.0,11532.0,11928.0,12190.0,11000.0,11082.0,10922.0,10855.0,12268.0,12675.0,12727.0,13640.0,14111.0,13986.0,13532.0,13803.0,13844.0,15829.0,13973.0,14377.0,13934.0,14452.0,13620.0,13097.0,11757.0,11250.0,11655.0,11993.0,
MEX.30.180_2,21232261.0,MEX,Tlachichilco,0.00394,7989.0,7953.0,7630.0,8828.0,9737.0,8826.0,8999.0,8852.0,9243.0,8638.0,8908.0,8951.0,9145.0,10551.0,10937.0,10718.0,11059.0,10009.0,10192.0,10495.0,9524.0,8884.0,10335.0,9377.0,10503.0,10062.0,10873.0,10963.0,12030.0,11190.0,10622.0,11066.0,11458.0,
MEX.30.181_2,21232262.0,MEX,Tlacojalpan,0.01095,7499.0,7989.0,8216.0,8344.0,8177.0,7850.0,7783.0,8423.0,8355.0,7866.0,7848.0,7648.0,7752.0,8869.0,9455.0,9400.0,10951.0,9368.0,9310.0,9126.0,8434.0,9614.0,13468.0,12357.0,13538.0,12999.0,13429.0,12901.0,15208.0,14596.0,16125.0,16434.0,18298.0,
MEX.30.182_2,21232263.0,MEX,Tlacolulan,0.00584,7861.0,8694.0,9026.0,9877.0,10159.0,9538.0,8897.0,9538.0,9776.0,9378.0,9475.0,8496.0,9062.0,10030.0,10726.0,10340.0,11451.0,11130.0,10815.0,11352.0,11638.0,11083.0,11988.0,11774.0,12237.0,11645.0,10289.0,11147.0,12579.0,13666.0,12866.0,13083.0,13380.0,
MEX.30.183_2,21232264.0,MEX,Tlacotalpan,0.00823,6700.0,6702.0,6454.0,6261.0,6929.0,6325.0,6907.0,6754.0,7043.0,6845.0,6902.0,6399.0,6249.0,7547.0,7255.0,7774.0,8625.0,6868.0,7434.0,7860.0,7131.0,7920.0,10357.0,9526.0,10823.0,10189.0,10321.0,9962.0,9981.0,11735.0,11133.0,11624.0,12001.0,
MEX.30.184_2,21232265.0,MEX,Tlacotepec de Mejía,0.01368,5583.0,5712.0,5617.0,5285.0,5990.0,5299.0,6141.0,5993.0,5460.0,5788.0,6088.0,5792.0,5759.0,7489.0,7286.0,7516.0,7963.0,7788.0,6742.0,7138.0,6473.0,6985.0,9289.0,9012.0,11502.0,9955.0,12314.0,13505.0,12675.0,13233.0,12457.0,12665.0,13176.0,
MEX.30.185_2,21232266.0,MEX,Tlalixcoyan,0.00619,7844.0,7541.0,7964.0,8237.0,8196.0,8287.0,8287.0,8533.0,7774.0,7354.0,7511.0,8074.0,7521.0,8288.0,9121.0,9035.0,11345.0,9511.0,9741.0,9618.0,8666.0,10100.0,12111.0,11551.0,12167.0,11964.0,11766.0,11330.0,10804.0,10731.0,10735.0,10559.0,11135.0,
MEX.30.186_2,21232267.0,MEX,Tlalnelhuayocan,0.00382,13340.0,13774.0,13845.0,13955.0,14946.0,14397.0,15061.0,15114.0,15720.0,14203.0,14703.0,14654.0,14535.0,12293.0,12472.0,12594.0,13342.0,13613.0,14669.0,13551.0,13799.0,15079.0,19303.0,21741.0,18098.0,17584.0,17158.0,17801.0,19253.0,19573.0,14740.0,17760.0,18277.0,
MEX.30.187_2,21232268.0,MEX,Tlaltetela,0.00724,6757.0,6427.0,6630.0,7583.0,7455.0,6983.0,6254.0,6418.0,7663.0,6796.0,7012.0,6535.0,6424.0,9015.0,8402.0,9373.0,8171.0,9212.0,10033.0,9744.0,9861.0,8236.0,10135.0,10568.0,10791.0,10284.0,10197.0,10353.0,8835.0,7841.0,8428.0,8085.0,8828.0,
MEX.30.188_2,21232269.0,MEX,Tlapacoyan,0.00736,10154.0,10690.0,11202.0,10114.0,10619.0,10470.0,10877.0,11888.0,11038.0,10631.0,11418.0,10007.0,10433.0,11690.0,12773.0,12615.0,14671.0,15831.0,14428.0,14551.0,16781.0,15700.0,15188.0,15073.0,14906.0,14444.0,15234.0,14773.0,16531.0,15758.0,15152.0,15825.0,15558.0,
MEX.30.189_2,21232270.0,MEX,Tlaquilpa,0.00565,7506.0,7649.0,8071.0,7335.0,6730.0,6774.0,6438.0,7814.0,7450.0,7256.0,7257.0,7353.0,6849.0,7904.0,7748.0,7376.0,9399.0,9421.0,9851.0,7727.0,7799.0,9523.0,11090.0,8387.0,10143.0,9341.0,10008.0,9884.0,10762.0,8655.0,9171.0,9285.0,9864.0,
MEX.30.190_2,21232271.0,MEX,Tlilapan,0.00695,8426.0,8568.0,8823.0,9039.0,9658.0,9611.0,9063.0,10186.0,10277.0,10003.0,9892.0,9514.0,9465.0,11141.0,12156.0,12037.0,13048.0,14483.0,13867.0,11798.0,13876.0,12554.0,13190.0,13541.0,12201.0,13245.0,13332.0,13258.0,11968.0,12125.0,11025.0,11498.0,11703.0,
MEX.30.191_2,21232272.0,MEX,Tomatlán,0.00404,10617.0,10551.0,9308.0,9551.0,9858.0,9540.0,8894.0,9584.0,9926.0,9172.0,9667.0,9283.0,9084.0,13017.0,13190.0,13851.0,13821.0,16059.0,16289.0,14194.0,15325.0,14651.0,12283.0,12445.0,12004.0,11679.0,12876.0,11992.0,10182.0,11063.0,10394.0,10787.0,10884.0,
MEX.30.192_2,21232273.0,MEX,Tonayán,0.01188,5729.0,5439.0,5344.0,6246.0,6491.0,6129.0,5721.0,5350.0,6149.0,5004.0,5039.0,5550.0,5575.0,6468.0,8128.0,8216.0,8382.0,8038.0,8293.0,7782.0,6632.0,7521.0,10534.0,9536.0,10804.0,10379.0,9934.0,10477.0,9949.0,11515.0,11421.0,11755.0,12548.0,
MEX.30.193_2,21232274.0,MEX,Totutla,0.00168,10109.0,10270.0,10935.0,10977.0,9988.0,11010.0,10408.0,10035.0,9586.0,9214.0,9322.0,10849.0,9930.0,11874.0,11697.0,11867.0,12873.0,13404.0,13079.0,12959.0,13226.0,9431.0,9421.0,9258.0,10279.0,10897.0,11923.0,11038.0,11442.0,11397.0,10653.0,9508.0,11664.0,
MEX.30.194_2,21232275.0,MEX,Tres Valles,0.00587,8633.0,9303.0,9601.0,9629.0,10663.0,10257.0,9968.0,10157.0,11167.0,10158.0,10498.0,9957.0,9948.0,11710.0,12226.0,13015.0,12671.0,12271.0,12384.0,13146.0,12919.0,12362.0,13698.0,13024.0,14156.0,13713.0,13082.0,12737.0,14041.0,11049.0,9993.0,10932.0,10998.0,
MEX.30.195_2,21232276.0,MEX,Tuxpan,0.00852,9105.0,9321.0,10121.0,9636.0,10144.0,9967.0,10306.0,10655.0,10610.0,10275.0,10349.0,9893.0,9825.0,11310.0,13756.0,12847.0,14523.0,14356.0,14103.0,13673.0,15109.0,16648.0,16936.0,16860.0,15898.0,15842.0,15255.0,14854.0,13081.0,13416.0,12717.0,13268.0,13699.0,
MEX.30.196_2,21232277.0,MEX,Tuxtilla,0.00339,7129.0,8296.0,8701.0,13078.0,12696.0,11810.0,9253.0,11297.0,11460.0,9009.0,8997.0,11693.0,11048.0,11026.0,11617.0,11853.0,12520.0,11671.0,11770.0,11157.0,9689.0,11684.0,13021.0,12323.0,11922.0,12635.0,12444.0,11185.0,11374.0,13478.0,13439.0,13842.0,13317.0,
MEX.30.197_2,21232278.0,MEX,Ursulo Galván,0.00318,7803.0,9244.0,11010.0,12039.0,12693.0,10033.0,10123.0,12761.0,11357.0,12832.0,12520.0,10590.0,10096.0,11451.0,12310.0,12263.0,12317.0,12840.0,13197.0,12510.0,12700.0,14272.0,12193.0,12483.0,13330.0,12859.0,13710.0,13545.0,15615.0,11109.0,10319.0,10949.0,10667.0,
MEX.30.198_2,21232279.0,MEX,Uxpanapa,0.00562,5576.0,5766.0,5335.0,6887.0,7857.0,6597.0,6039.0,6343.0,6624.0,6244.0,5961.0,6491.0,7020.0,7865.0,8053.0,7458.0,8147.0,7089.0,7609.0,7419.0,6404.0,6152.0,7164.0,7375.0,7656.0,7309.0,8082.0,8350.0,9071.0,9376.0,8867.0,9237.0,9495.0,
MEX.30.199_2,21232280.0,MEX,Vega de Alatorre,0.0,7568.0,7517.0,7318.0,8184.0,8634.0,7989.0,7693.0,8888.0,8308.0,8540.0,8536.0,7968.0,8112.0,9139.0,9611.0,9346.0,9675.0,9439.0,8932.0,9361.0,9122.0,7607.0,7687.0,7834.0,7941.0,7448.0,8542.0,8240.0,8434.0,8563.0,8296.0,8581.0,8619.0,
MEX.30.200_2,21232281.0,MEX,Veracruz,0.01748,10265.0,10551.0,10546.0,10989.0,11657.0,11340.0,11668.0,11376.0,17791.0,16588.0,17262.0,16537.0,16381.0,22017.0,20735.0,23958.0,24943.0,26016.0,27034.0,25783.0,26822.0,26622.0,27544.0,27655.0,26988.0,26397.0,26262.0,25164.0,24365.0,25566.0,24959.0,25494.0,26431.0,
MEX.30.201_2,21232282.0,MEX,Villa Aldama,0.00891,8631.0,8655.0,8355.0,8471.0,9674.0,8628.0,9255.0,9609.0,9955.0,9277.0,9516.0,10682.0,10096.0,12110.0,13167.0,13976.0,11537.0,13144.0,13619.0,12632.0,12907.0,14691.0,14031.0,13639.0,14371.0,13894.0,13719.0,13142.0,11488.0,12502.0,11530.0,12597.0,12883.0,
MEX.30.202_2,21232283.0,MEX,Xalapa,0.00487,13933.0,14351.0,14437.0,14571.0,15756.0,15051.0,15802.0,15843.0,16486.0,14909.0,15383.0,15388.0,15244.0,13734.0,14855.0,15108.0,15269.0,15670.0,16421.0,15821.0,15598.0,16987.0,20668.0,19259.0,20052.0,19621.0,18408.0,20190.0,21175.0,19851.0,17494.0,19662.0,20270.0,
MEX.30.203_2,21232284.0,MEX,Xico,0.0041,10977.0,10342.0,10305.0,10526.0,11117.0,10660.0,10078.0,11517.0,11783.0,11044.0,11024.0,11041.0,11071.0,11293.0,12527.0,12381.0,12990.0,13543.0,14001.0,13371.0,14371.0,14439.0,13611.0,13938.0,13553.0,13460.0,12962.0,12834.0,11123.0,11708.0,11593.0,12097.0,12245.0,
MEX.30.204_2,21232285.0,MEX,Xoxocotla,0.00735,6516.0,7715.0,7898.0,6475.0,7434.0,5419.0,5385.0,6746.0,6404.0,6263.0,6193.0,6404.0,6574.0,7343.0,8158.0,8771.0,9314.0,10139.0,9471.0,7031.0,7340.0,8209.0,8532.0,9324.0,9244.0,8557.0,10750.0,10628.0,11469.0,9621.0,8531.0,9142.0,9783.0,
MEX.30.205_2,21232286.0,MEX,Yanga,0.00921,7458.0,7661.0,8832.0,9306.0,9997.0,8226.0,9229.0,9582.0,9790.0,10934.0,10894.0,9869.0,9741.0,10614.0,11541.0,11338.0,11517.0,12471.0,14238.0,13441.0,13803.0,14513.0,14695.0,13410.0,14951.0,14678.0,13638.0,13033.0,11546.0,10555.0,9747.0,10266.0,10532.0,
MEX.30.206_2,21232287.0,MEX,Yecuatla,0.00589,9091.0,8914.0,8138.0,7458.0,8159.0,7322.0,7672.0,7966.0,7856.0,7589.0,7707.0,7218.0,6916.0,8281.0,8156.0,8667.0,9794.0,8093.0,7844.0,8201.0,7595.0,8157.0,10150.0,9652.0,10629.0,9990.0,10084.0,9956.0,10687.0,12110.0,11380.0,12026.0,12414.0,
MEX.30.207_2,21232288.0,MEX,Zacualpan,0.0,8225.0,8686.0,8547.0,9395.0,10073.0,9375.0,8381.0,9253.0,9120.0,8761.0,8687.0,8646.0,8822.0,8879.0,9333.0,9001.0,9190.0,7674.0,7935.0,8092.0,6901.0,6680.0,7901.0,7756.0,8115.0,7401.0,9172.0,9156.0,9501.0,10759.0,10181.0,10607.0,10989.0,
MEX.30.208_2,21232289.0,MEX,Zaragoza,0.00728,10356.0,10372.0,10490.0,10413.0,10829.0,10909.0,11324.0,11392.0,11631.0,11016.0,11007.0,10825.0,10812.0,12819.0,13618.0,13571.0,14965.0,15376.0,15203.0,14029.0,15585.0,16060.0,16836.0,16612.0,15012.0,15659.0,15453.0,14538.0,15152.0,15364.0,14075.0,15098.0,15559.0,
MEX.30.209_2,21232290.0,MEX,Zentla,0.01067,7319.0,7744.0,7442.0,6347.0,7493.0,6284.0,7065.0,6911.0,6344.0,6329.0,6627.0,6055.0,6131.0,7277.0,7745.0,7818.0,8283.0,7568.0,7571.0,7660.0,7416.0,9993.0,9670.0,9607.0,10369.0,9659.0,10756.0,12378.0,13037.0,12410.0,11317.0,11986.0,12185.0,
MEX.30.210_2,21232291.0,MEX,Zongolica,0.00175,9952.0,10445.0,10609.0,10411.0,9683.0,10455.0,10028.0,10112.0,9487.0,8554.0,9051.0,9640.0,8848.0,9555.0,9619.0,10152.0,12205.0,9851.0,9900.0,9649.0,9319.0,12454.0,11716.0,12706.0,12784.0,12019.0,10754.0,9845.0,9896.0,9701.0,12751.0,11445.0,12172.0,
MEX.30.211_2,21232292.0,MEX,Zontecomatlán de López y Fuentes,0.00528,7539.0,7405.0,6667.0,7473.0,8356.0,7392.0,7787.0,7683.0,7663.0,7341.0,7334.0,7423.0,7413.0,8939.0,9110.0,8871.0,8806.0,9046.0,9032.0,8785.0,7830.0,9726.0,11876.0,11395.0,11532.0,11525.0,10540.0,10088.0,9186.0,8738.0,8860.0,9368.0,9615.0,
MEX.30.212_2,21232293.0,MEX,Zozocolco de Hidalgo,0.00524,7951.0,7443.0,8002.0,8789.0,9332.0,7267.0,7333.0,9249.0,8764.0,9834.0,7691.0,8235.0,8997.0,10333.0,9635.0,10534.0,8713.0,9354.0,10482.0,9067.0,10115.0,11669.0,11836.0,11058.0,10132.0,9890.0,10239.0,10150.0,13799.0,11063.0,11538.0,11393.0,11854.0,
MEX.31.1_2,21232294.0,MEX,Abalá,0.00529,5717.0,5923.0,5993.0,6616.0,6999.0,6223.0,6201.0,7746.0,9028.0,8036.0,10509.0,10180.0,8642.0,7819.0,7509.0,8423.0,5837.0,5492.0,5190.0,9005.0,9376.0,8416.0,8214.0,8225.0,8389.0,9548.0,8851.0,9355.0,9989.0,9967.0,9292.0,9282.0,9565.0,
MEX.31.2_2,21232295.0,MEX,Acanceh,0.00318,5508.0,6129.0,6815.0,6712.0,7317.0,6154.0,6858.0,8253.0,7777.0,6987.0,6884.0,7450.0,7672.0,6889.0,6669.0,7481.0,7620.0,6439.0,6157.0,6624.0,7153.0,7668.0,7868.0,7800.0,8422.0,8960.0,6986.0,7412.0,8172.0,8547.0,7955.0,8399.0,8668.0,
MEX.31.3_2,21232296.0,MEX,Akil,0.0049,5773.0,6036.0,5955.0,6027.0,8082.0,8165.0,7663.0,7838.0,7376.0,5474.0,5969.0,9682.0,9885.0,7369.0,7610.0,4727.0,5662.0,5424.0,5033.0,5518.0,5658.0,6626.0,7468.0,6650.0,7081.0,7249.0,7967.0,8130.0,9016.0,11100.0,11084.0,10641.0,10648.0,
MEX.31.4_2,21232297.0,MEX,Baca,0.00744,5133.0,6434.0,7079.0,6284.0,5605.0,5009.0,5749.0,5846.0,6934.0,5853.0,7218.0,7594.0,7313.0,7108.0,5412.0,6070.0,4350.0,4093.0,4003.0,6210.0,7564.0,7504.0,7624.0,8094.0,8131.0,8518.0,7426.0,7793.0,8609.0,9877.0,8776.0,8907.0,9866.0,
MEX.31.5_2,21232298.0,MEX,Bokobá,0.00208,6412.0,7222.0,7388.0,7650.0,7753.0,6792.0,7049.0,8309.0,10146.0,8194.0,8489.0,9187.0,8281.0,7537.0,7573.0,8495.0,5475.0,5000.0,4873.0,8556.0,8524.0,7634.0,7793.0,8052.0,7932.0,8382.0,8121.0,8421.0,8522.0,8489.0,8372.0,8708.0,8755.0,
MEX.31.6_2,21232299.0,MEX,Buctzotz,0.0,5322.0,5508.0,6023.0,7313.0,8869.0,7862.0,9450.0,7796.0,8463.0,6764.0,5900.0,7074.0,8195.0,6234.0,6149.0,5142.0,5089.0,4501.0,4251.0,4800.0,5283.0,5662.0,6316.0,6443.0,6078.0,6335.0,6182.0,7410.0,7693.0,7884.0,7247.0,7502.0,7662.0,
MEX.31.7_2,21232300.0,MEX,Cacalchén,-0.00209,6592.0,6029.0,5985.0,7322.0,8267.0,7607.0,8967.0,8974.0,8914.0,7485.0,8489.0,9188.0,9320.0,7978.0,6901.0,6166.0,6094.0,5309.0,5409.0,8298.0,8335.0,6927.0,6986.0,6778.0,6676.0,7385.0,6425.0,6530.0,8513.0,7600.0,6551.0,7248.0,8459.0,
MEX.31.8_2,21232301.0,MEX,Calotmul,0.00374,6153.0,6128.0,6252.0,8349.0,10174.0,8493.0,9145.0,9667.0,9282.0,7279.0,7986.0,9916.0,9770.0,8713.0,7121.0,6045.0,6755.0,6317.0,6028.0,6910.0,7293.0,8208.0,8073.0,7405.0,8799.0,8527.0,8782.0,8084.0,9955.0,9809.0,8845.0,9277.0,9566.0,
MEX.31.9_2,21232302.0,MEX,Cansahcab,0.0,5927.0,6427.0,7042.0,8859.0,10178.0,8459.0,10846.0,10189.0,9909.0,7217.0,7290.0,7890.0,8384.0,6901.0,6604.0,6905.0,6619.0,6144.0,5500.0,6447.0,6692.0,5667.0,7024.0,6151.0,6848.0,7364.0,8585.0,8242.0,9085.0,10470.0,9444.0,9872.0,10336.0,
MEX.31.10_2,21232303.0,MEX,Cantamayec,0.00323,6552.0,6286.0,6334.0,7572.0,9926.0,8896.0,9263.0,9097.0,8984.0,7058.0,7489.0,9610.0,9683.0,8508.0,7020.0,5457.0,6278.0,5687.0,5441.0,5905.0,6520.0,7465.0,7351.0,6624.0,8858.0,8464.0,8567.0,9189.0,11439.0,11165.0,9009.0,9474.0,9769.0,
MEX.31.11_2,21232304.0,MEX,Celestún,0.0,6066.0,6432.0,7001.0,7685.0,9430.0,8434.0,9948.0,8297.0,9084.0,6811.0,6402.0,8047.0,8962.0,6971.0,6423.0,5633.0,5718.0,5156.0,4808.0,5418.0,5771.0,5931.0,6826.0,6183.0,6116.0,6362.0,7688.0,8365.0,8285.0,8737.0,8560.0,8809.0,9011.0,
MEX.31.12_2,21232305.0,MEX,Cenotillo,0.00322,6235.0,6156.0,6331.0,8459.0,10204.0,9090.0,10475.0,9605.0,9471.0,7402.0,7579.0,10378.0,10087.0,8831.0,7164.0,6049.0,6745.0,6475.0,6067.0,6393.0,6830.0,7625.0,8366.0,7402.0,8383.0,8357.0,8919.0,8334.0,10140.0,9603.0,8685.0,9159.0,9444.0,
MEX.31.13_2,21232306.0,MEX,Chacsinkín,-0.00726,8145.0,8315.0,8588.0,11384.0,13724.0,10865.0,11455.0,13760.0,13559.0,10967.0,10704.0,12607.0,12223.0,10253.0,9271.0,8528.0,8550.0,7387.0,6932.0,7245.0,7621.0,8402.0,8132.0,7059.0,8332.0,8240.0,8520.0,7106.0,8774.0,7391.0,6686.0,6895.0,7108.0,
MEX.31.14_2,21232307.0,MEX,Chankom,0.0,6810.0,6751.0,6906.0,9805.0,11369.0,9373.0,9888.0,10387.0,10123.0,6857.0,6940.0,9146.0,10207.0,8561.0,7495.0,6702.0,7162.0,6807.0,6282.0,6682.0,7067.0,7955.0,7773.0,7220.0,8521.0,7929.0,8322.0,7762.0,9517.0,9388.0,8396.0,8806.0,9080.0,
MEX.31.15_2,21232308.0,MEX,Chapab,0.00538,7256.0,7622.0,7905.0,9637.0,10565.0,9589.0,11062.0,10461.0,11199.0,9692.0,9759.0,11954.0,11471.0,10643.0,9302.0,7466.0,8435.0,7890.0,7367.0,8351.0,8897.0,9484.0,10107.0,9905.0,10071.0,10231.0,11178.0,11665.0,12464.0,12390.0,11169.0,11749.0,12071.0,
MEX.31.16_2,21232309.0,MEX,Chemax,0.00703,6362.0,6667.0,7153.0,9984.0,10742.0,9450.0,11022.0,10482.0,10388.0,8919.0,9652.0,10828.0,9655.0,8411.0,7311.0,7315.0,8424.0,7660.0,7344.0,8356.0,8806.0,8644.0,9552.0,9750.0,9817.0,10082.0,13100.0,14137.0,14478.0,13521.0,11606.0,12118.0,12520.0,
MEX.31.17_2,21232310.0,MEX,Chichimilá,-0.0044,5512.0,5930.0,6154.0,7994.0,9401.0,7590.0,8334.0,8959.0,9143.0,7023.0,6561.0,8178.0,9144.0,6725.0,6585.0,6365.0,6820.0,6021.0,5649.0,5861.0,6091.0,6414.0,5478.0,5488.0,5726.0,6005.0,8150.0,7516.0,6833.0,7115.0,6073.0,6645.0,6713.0,
MEX.31.18_2,21232311.0,MEX,Chicxulub Pueblo,0.00317,10180.0,11100.0,12418.0,13304.0,14699.0,13041.0,14053.0,16009.0,15668.0,14781.0,14349.0,17329.0,15402.0,14486.0,13297.0,13476.0,14329.0,13605.0,12617.0,13157.0,13033.0,13496.0,14767.0,14599.0,15243.0,16174.0,16242.0,17475.0,18040.0,18340.0,16195.0,16884.0,17418.0,
MEX.31.19_2,21232312.0,MEX,Chikindzonot,0.0029,7114.0,7068.0,7244.0,8397.0,10793.0,9723.0,10037.0,10333.0,10126.0,8483.0,8401.0,11730.0,11326.0,10114.0,8061.0,7027.0,7844.0,7380.0,6863.0,7262.0,7596.0,8957.0,9061.0,8348.0,9595.0,9483.0,10216.0,9697.0,11828.0,11967.0,10691.0,11223.0,11573.0,
MEX.31.20_2,21232313.0,MEX,Chocholá,0.00691,6436.0,6649.0,6919.0,7510.0,8090.0,7060.0,7074.0,8971.0,8971.0,7607.0,7911.0,10956.0,9910.0,8893.0,7122.0,5712.0,6629.0,6633.0,6075.0,7003.0,7397.0,8522.0,9496.0,9011.0,9750.0,10145.0,10172.0,10157.0,12457.0,11871.0,10691.0,10762.0,10925.0,
MEX.31.21_2,21232314.0,MEX,Chumayel,0.00681,7119.0,7186.0,7455.0,9506.0,10499.0,9346.0,10262.0,10074.0,10102.0,8757.0,9237.0,11085.0,9914.0,9618.0,8440.0,7048.0,7839.0,7251.0,6841.0,7986.0,8581.0,9372.0,9755.0,9767.0,10203.0,10404.0,10970.0,11552.0,13532.0,12868.0,11482.0,12157.0,12537.0,
MEX.31.22_2,21232315.0,MEX,Conkal,0.00149,6977.0,7929.0,7737.0,10273.0,10396.0,10480.0,13478.0,14141.0,13368.0,12400.0,11756.0,12258.0,9808.0,11277.0,12699.0,12812.0,14189.0,13578.0,12849.0,12486.0,12529.0,11645.0,11778.0,11489.0,11682.0,11171.0,12092.0,14734.0,14789.0,13722.0,11934.0,12197.0,12657.0,
MEX.31.23_2,21232316.0,MEX,Cuncunul,0.00221,8321.0,7919.0,7524.0,8885.0,10294.0,9259.0,10507.0,9447.0,10239.0,8435.0,8617.0,10381.0,10702.0,9093.0,8612.0,6530.0,7228.0,6768.0,6311.0,7105.0,7707.0,8200.0,8926.0,8932.0,8703.0,8946.0,10335.0,11732.0,12157.0,11709.0,11745.0,12088.0,12393.0,
MEX.31.24_2,21232317.0,MEX,Cuzamá,0.00125,6219.0,7032.0,7681.0,8123.0,9789.0,11053.0,12136.0,11155.0,10071.0,8631.0,8883.0,9614.0,9343.0,8657.0,7798.0,7218.0,7657.0,7205.0,7135.0,10101.0,9574.0,7699.0,8445.0,9701.0,9028.0,9099.0,10485.0,12025.0,11515.0,10704.0,8435.0,8858.0,9192.0,
MEX.31.25_2,21232318.0,MEX,Dzán,0.00356,7781.0,8541.0,7928.0,10054.0,10337.0,9406.0,10873.0,9639.0,11244.0,10026.0,9848.0,11514.0,10734.0,10341.0,9662.0,8085.0,8423.0,7934.0,7345.0,8615.0,9297.0,9390.0,9731.0,9538.0,9731.0,9833.0,11675.0,12212.0,12721.0,12945.0,10940.0,11699.0,12065.0,
MEX.31.26_2,21232319.0,MEX,Dzemul,0.00453,5508.0,6129.0,6941.0,7481.0,7974.0,9021.0,9904.0,7833.0,8081.0,6853.0,7279.0,7878.0,8203.0,7796.0,6667.0,7478.0,5671.0,5336.0,5423.0,8647.0,8970.0,7546.0,7738.0,9249.0,7836.0,8242.0,8839.0,10534.0,10916.0,10977.0,10091.0,10668.0,11036.0,
MEX.31.27_2,21232320.0,MEX,Dzidzantún,0.0,7792.0,8285.0,9210.0,11271.0,12444.0,10201.0,13266.0,10212.0,10794.0,8893.0,8727.0,9642.0,9464.0,8491.0,7995.0,7628.0,8087.0,6883.0,6708.0,7319.0,7637.0,8198.0,8766.0,8634.0,9657.0,9236.0,9619.0,11465.0,12298.0,10711.0,9531.0,10190.0,10507.0,
MEX.31.28_2,21232321.0,MEX,Dzilam de Bravo,0.00565,6381.0,6079.0,6241.0,7733.0,9177.0,8378.0,10075.0,9198.0,9291.0,7737.0,7815.0,10492.0,10181.0,8730.0,7593.0,5872.0,6364.0,6632.0,5972.0,6640.0,7222.0,8210.0,8650.0,9015.0,8968.0,8673.0,9215.0,10067.0,10487.0,10308.0,9980.0,10572.0,10901.0,
MEX.31.29_2,21232322.0,MEX,Dzilam González,0.00288,6762.0,7534.0,7976.0,9868.0,10914.0,9782.0,11236.0,10174.0,10688.0,8827.0,8287.0,9723.0,9360.0,8700.0,8542.0,7873.0,8149.0,7711.0,7069.0,8620.0,8381.0,9173.0,9797.0,9549.0,9891.0,9974.0,10808.0,11492.0,11772.0,11895.0,9349.0,10055.0,10277.0,
MEX.31.30_2,21232323.0,MEX,Dzitás,0.0,8321.0,8289.0,7938.0,9225.0,10659.0,9597.0,10507.0,9447.0,10239.0,8807.0,7524.0,9794.0,9505.0,8140.0,7440.0,5518.0,6172.0,6257.0,5664.0,6348.0,6960.0,7111.0,8728.0,8112.0,8198.0,8480.0,9230.0,10181.0,10733.0,10323.0,9302.0,9801.0,10080.0,
MEX.31.31_2,21232324.0,MEX,Dzoncauich,0.00523,7719.0,7724.0,8013.0,9895.0,10939.0,9851.0,11332.0,10949.0,11600.0,10067.0,9965.0,12335.0,11319.0,10791.0,9668.0,7809.0,8674.0,8423.0,7695.0,8572.0,9187.0,9865.0,10347.0,10254.0,10488.0,10650.0,11489.0,12168.0,13161.0,13166.0,11622.0,12225.0,12562.0,
MEX.31.32_2,21232325.0,MEX,Espita,-0.0019,5845.0,6217.0,6515.0,9211.0,10971.0,8898.0,9980.0,10214.0,9782.0,7496.0,6912.0,8106.0,9124.0,8000.0,7120.0,7813.0,7106.0,6900.0,5727.0,6136.0,6399.0,7598.0,7249.0,6762.0,7968.0,7918.0,7466.0,6852.0,8273.0,7898.0,6691.0,6902.0,7115.0,
MEX.31.33_2,21232326.0,MEX,Halachó,0.00222,6412.0,7295.0,7789.0,7688.0,9038.0,8989.0,10228.0,11041.0,9601.0,8030.0,8627.0,9337.0,8809.0,8087.0,7619.0,7564.0,7560.0,6920.0,6644.0,9836.0,9946.0,7949.0,8627.0,8159.0,10098.0,9375.0,8779.0,8808.0,8803.0,10040.0,9857.0,10027.0,10592.0,
MEX.31.34_2,21232327.0,MEX,Hocabá,0.00512,5699.0,6544.0,6554.0,6730.0,7417.0,6328.0,7244.0,7933.0,7833.0,6696.0,6499.0,8941.0,9069.0,7841.0,6229.0,5162.0,6214.0,5515.0,5401.0,6389.0,6500.0,7235.0,7447.0,7597.0,7647.0,8155.0,9412.0,9609.0,10327.0,11664.0,8700.0,10289.0,10595.0,
MEX.31.35_2,21232328.0,MEX,Hoctún,0.00393,5919.0,6809.0,7349.0,7650.0,8607.0,7566.0,7599.0,9317.0,8892.0,6936.0,6813.0,9443.0,8646.0,8058.0,6261.0,5763.0,6205.0,5504.0,5137.0,6253.0,6521.0,7452.0,7651.0,7132.0,7690.0,8502.0,9335.0,9825.0,9888.0,10021.0,9849.0,9873.0,10201.0,
MEX.31.36_2,21232329.0,MEX,Homún,0.0,7216.0,7712.0,7953.0,8609.0,10522.0,10407.0,12949.0,12709.0,11217.0,9961.0,9653.0,10319.0,9890.0,9390.0,9055.0,9730.0,11203.0,7485.0,7391.0,11157.0,11322.0,8510.0,8473.0,8755.0,8807.0,8908.0,9374.0,10564.0,10946.0,10986.0,8626.0,9089.0,9430.0,
MEX.31.37_2,21232330.0,MEX,Huhí,0.00273,5701.0,6316.0,7409.0,9467.0,12515.0,10921.0,12992.0,13668.0,12124.0,10023.0,9868.0,10793.0,11255.0,10668.0,9490.0,11176.0,10280.0,8339.0,8187.0,9142.0,9520.0,9276.0,9511.0,9828.0,9494.0,10183.0,10919.0,13433.0,11244.0,12244.0,10753.0,11422.0,11345.0,
MEX.31.38_2,21232331.0,MEX,Hunucmá,0.00505,6736.0,7303.0,7839.0,7794.0,8251.0,7507.0,7735.0,8153.0,8712.0,7618.0,8268.0,8950.0,8762.0,7213.0,6791.0,6094.0,7725.0,6906.0,7442.0,7987.0,8251.0,8974.0,9406.0,10086.0,9620.0,9549.0,10016.0,8984.0,9310.0,9331.0,10752.0,10395.0,10727.0,
MEX.31.39_2,21232332.0,MEX,Ixil,0.00112,5634.0,6632.0,7126.0,8192.0,8317.0,7181.0,7439.0,8479.0,9475.0,8405.0,9090.0,10001.0,9544.0,9072.0,8087.0,8595.0,8591.0,6753.0,6415.0,8502.0,8648.0,8461.0,8688.0,8272.0,8664.0,9279.0,8768.0,8280.0,8879.0,9898.0,8582.0,8828.0,9094.0,
MEX.31.40_2,21232333.0,MEX,Izamal,0.00555,6678.0,7440.0,8359.0,7992.0,8249.0,7474.0,7837.0,9195.0,10833.0,9776.0,12301.0,11483.0,9955.0,10286.0,8674.0,9729.0,8517.0,8014.0,7863.0,11554.0,11979.0,11125.0,11390.0,13845.0,11893.0,11822.0,12400.0,10226.0,10596.0,10558.0,10421.0,10666.0,11043.0,
MEX.31.41_2,21232334.0,MEX,Kanasín,-0.0036,22286.0,22895.0,24216.0,27754.0,29519.0,25955.0,18591.0,20809.0,21619.0,19791.0,21865.0,21598.0,22407.0,21207.0,19075.0,19626.0,20218.0,18214.0,17481.0,17255.0,17637.0,18317.0,17721.0,18060.0,18686.0,18846.0,19790.0,20722.0,21254.0,21376.0,18460.0,19653.0,20314.0,
MEX.31.42_2,21232335.0,MEX,Kantunil,0.00391,6406.0,7492.0,8234.0,8036.0,8299.0,9352.0,10268.0,10152.0,9887.0,9085.0,11785.0,10727.0,9088.0,10222.0,9000.0,10095.0,8143.0,7662.0,7425.0,11243.0,11672.0,10203.0,10451.0,12210.0,10387.0,10435.0,12075.0,12951.0,11404.0,11076.0,10180.0,10403.0,10762.0,
MEX.31.43_2,21232336.0,MEX,Kaua,0.00328,6518.0,6163.0,6342.0,8014.0,9477.0,8544.0,9735.0,8589.0,8704.0,7131.0,7252.0,9044.0,10195.0,8091.0,7033.0,5333.0,5968.0,5899.0,5454.0,6289.0,6299.0,6919.0,7367.0,6943.0,7724.0,7928.0,8345.0,9471.0,9650.0,9797.0,8657.0,9139.0,9423.0,
MEX.31.44_2,21232337.0,MEX,Kinchil,0.0,5003.0,5768.0,6171.0,7033.0,7962.0,7398.0,8123.0,6764.0,7121.0,5368.0,5285.0,7280.0,7180.0,6364.0,4794.0,4433.0,4431.0,3699.0,3568.0,4583.0,5003.0,5818.0,6783.0,6470.0,6867.0,7409.0,7094.0,7724.0,8198.0,8017.0,7736.0,7980.0,8221.0,
MEX.31.45_2,21232338.0,MEX,Kopomá,0.00418,7590.0,7875.0,8190.0,8956.0,9796.0,8656.0,8850.0,11166.0,11346.0,9795.0,10072.0,14062.0,12572.0,11334.0,9091.0,7870.0,8834.0,8652.0,7831.0,8599.0,8679.0,9885.0,11089.0,10356.0,10958.0,11348.0,11306.0,11384.0,12710.0,12961.0,10981.0,11216.0,11587.0,
MEX.31.46_2,21232339.0,MEX,Mama,0.0,6773.0,6827.0,7006.0,9206.0,10446.0,9166.0,11357.0,10961.0,10831.0,9245.0,9018.0,9001.0,9350.0,7993.0,8842.0,8547.0,8657.0,8269.0,7499.0,8282.0,8543.0,8723.0,8724.0,8084.0,9397.0,9700.0,9619.0,9550.0,9751.0,9796.0,8085.0,8788.0,9061.0,
MEX.31.47_2,21232340.0,MEX,Maní,0.00357,6972.0,7613.0,8268.0,10168.0,10902.0,9809.0,11615.0,10677.0,11591.0,9764.0,8816.0,10516.0,10031.0,9477.0,9184.0,8346.0,8600.0,7615.0,7948.0,8746.0,8962.0,8964.0,9345.0,9108.0,9548.0,9465.0,10572.0,11507.0,11570.0,11915.0,10767.0,10952.0,11812.0,
MEX.31.48_2,21232341.0,MEX,Maxcanú,0.00494,5357.0,5867.0,6645.0,6854.0,7527.0,8679.0,9529.0,8661.0,8148.0,7101.0,7249.0,7846.0,8071.0,7925.0,6879.0,6325.0,6322.0,5587.0,5918.0,9082.0,9400.0,7994.0,8370.0,9595.0,8488.0,8612.0,8064.0,8683.0,8997.0,11566.0,10685.0,11534.0,11528.0,
MEX.31.49_2,21232342.0,MEX,Mayapán,0.00458,6644.0,6605.0,6802.0,8586.0,11269.0,10430.0,10331.0,9037.0,11599.0,9875.0,9838.0,10669.0,10281.0,9120.0,9500.0,6577.0,6808.0,8523.0,7831.0,8233.0,8657.0,9300.0,8775.0,8984.0,9935.0,9937.0,9504.0,10022.0,12336.0,11377.0,10051.0,10540.0,10822.0,
MEX.31.50_2,21232343.0,MEX,Mérida,0.00664,18468.0,18234.0,17967.0,15342.0,14819.0,13534.0,14654.0,15252.0,17046.0,20585.0,22200.0,22808.0,21083.0,21119.0,21812.0,22603.0,22950.0,24282.0,24576.0,23645.0,23592.0,23418.0,24489.0,24320.0,25349.0,25911.0,27169.0,27197.0,27460.0,27815.0,24149.0,25752.0,26582.0,
MEX.31.51_2,21232344.0,MEX,Mocochá,0.0,11577.0,12463.0,14484.0,15457.0,16923.0,15097.0,15660.0,18041.0,18612.0,16431.0,7456.0,9418.0,16277.0,15275.0,14241.0,14044.0,15392.0,14253.0,13623.0,7457.0,7126.0,7746.0,7849.0,7515.0,8377.0,8787.0,15553.0,16191.0,17228.0,17893.0,16246.0,16845.0,17364.0,
MEX.31.52_2,21232345.0,MEX,Motul,0.00141,6317.0,6183.0,6590.0,7059.0,7128.0,7012.0,7636.0,8152.0,8755.0,7104.0,7956.0,8605.0,8801.0,7711.0,6695.0,7078.0,7075.0,5807.0,6002.0,7024.0,7414.0,7026.0,7918.0,7921.0,7454.0,8060.0,7503.0,9889.0,9061.0,8631.0,6425.0,7421.0,7668.0,
MEX.31.53_2,21232346.0,MEX,Muna,0.00187,6854.0,7888.0,8109.0,8349.0,9404.0,11235.0,14223.0,10456.0,10557.0,8772.0,8709.0,9425.0,9318.0,8927.0,8215.0,8123.0,8119.0,7418.0,7342.0,10404.0,10470.0,8544.0,7534.0,10322.0,9350.0,9008.0,8770.0,9722.0,10074.0,10542.0,10207.0,10573.0,10961.0,
MEX.31.54_2,21232347.0,MEX,Muxupip,0.0,4329.0,4279.0,4478.0,6320.0,6706.0,8210.0,9014.0,8495.0,10051.0,8499.0,8141.0,9688.0,10832.0,7578.0,7741.0,9552.0,11062.0,8432.0,8199.0,7860.0,7705.0,7077.0,8409.0,7055.0,7122.0,7673.0,7500.0,9228.0,7644.0,8387.0,8171.0,8496.0,8883.0,
MEX.31.55_2,21232348.0,MEX,Opichén,0.00508,4960.0,5833.0,6580.0,7182.0,7188.0,5947.0,7335.0,8883.0,10682.0,10195.0,11251.0,12176.0,10359.0,9441.0,9486.0,10641.0,9147.0,8606.0,8298.0,11258.0,11497.0,10177.0,10677.0,12463.0,10594.0,10747.0,11428.0,12949.0,10065.0,9800.0,8798.0,9036.0,9311.0,
MEX.31.56_2,21232349.0,MEX,Oxkutzcab,-0.00393,6084.0,5976.0,6571.0,8738.0,9888.0,8872.0,10164.0,8376.0,9099.0,7461.0,6477.0,8123.0,8357.0,7353.0,7293.0,5661.0,5940.0,4719.0,3514.0,4143.0,4588.0,4756.0,7198.0,6674.0,7704.0,7749.0,6593.0,7017.0,7148.0,7923.0,7392.0,7661.0,7742.0,
MEX.31.57_2,21232350.0,MEX,Panabá,-0.00201,8512.0,8624.0,8815.0,11014.0,13206.0,11802.0,10772.0,11451.0,11469.0,9305.0,9402.0,11780.0,11721.0,8905.0,7690.0,6453.0,6947.0,6702.0,6486.0,6742.0,7255.0,7932.0,8724.0,7453.0,7840.0,7441.0,8076.0,8662.0,10873.0,10787.0,8834.0,9227.0,9514.0,
MEX.31.58_2,21232351.0,MEX,Peto,-0.00205,6639.0,6786.0,6773.0,9346.0,10176.0,10125.0,12019.0,10684.0,10717.0,9693.0,9483.0,10557.0,10908.0,10807.0,9534.0,10201.0,9654.0,8744.0,8411.0,8298.0,8731.0,9612.0,7785.0,8929.0,8987.0,9143.0,10288.0,9247.0,10836.0,9296.0,8748.0,7886.0,8178.0,
MEX.31.59_2,21232352.0,MEX,Progreso,-0.00667,12490.0,11522.0,10875.0,13624.0,16030.0,11889.0,12090.0,8758.0,9760.0,8182.0,7106.0,8410.0,8617.0,8691.0,8094.0,9791.0,9307.0,9144.0,8816.0,8093.0,7697.0,6309.0,7986.0,8017.0,8175.0,8832.0,7641.0,7433.0,6732.0,6481.0,8046.0,8034.0,8292.0,
MEX.31.60_2,21232353.0,MEX,Quintana Roo,0.00619,6943.0,6548.0,6750.0,8427.0,9319.0,8941.0,10607.0,9796.0,10349.0,8818.0,9186.0,11499.0,12139.0,9826.0,8461.0,6729.0,7672.0,7564.0,7085.0,7832.0,8438.0,8771.0,9820.0,9357.0,9240.0,9538.0,9883.0,10509.0,11350.0,11723.0,11088.0,11664.0,12003.0,
MEX.31.61_2,21232354.0,MEX,Río Lagartos,0.00248,7094.0,6997.0,7169.0,8348.0,10740.0,9674.0,10038.0,10334.0,10090.0,8152.0,8685.0,11498.0,11279.0,9839.0,8016.0,6766.0,7262.0,7081.0,6755.0,7077.0,7739.0,8691.0,8716.0,8007.0,9232.0,9118.0,9448.0,8948.0,11118.0,11507.0,10267.0,10778.0,11114.0,
MEX.31.62_2,21232355.0,MEX,Sacalum,0.00264,6277.0,6746.0,7377.0,8929.0,9974.0,8498.0,11098.0,9918.0,9726.0,8110.0,8253.0,8266.0,8724.0,7165.0,7053.0,7255.0,7845.0,7582.0,6854.0,7896.0,8011.0,6787.0,7787.0,7185.0,8134.0,8378.0,8997.0,8902.0,9402.0,9895.0,9046.0,9607.0,9906.0,
MEX.31.63_2,21232356.0,MEX,Samahil,0.00539,5380.0,6481.0,7083.0,7060.0,7806.0,6555.0,7041.0,8438.0,8799.0,7336.0,7157.0,8828.0,8470.0,7932.0,6672.0,5627.0,6693.0,6178.0,5861.0,6098.0,6213.0,7050.0,8473.0,7705.0,8558.0,8627.0,9265.0,9386.0,10591.0,10368.0,9676.0,9835.0,10162.0,
MEX.31.64_2,21232357.0,MEX,San Felipe,0.00225,7224.0,7027.0,7201.0,8261.0,10602.0,9538.0,9832.0,9879.0,9647.0,8051.0,8271.0,10960.0,10783.0,9713.0,7545.0,6392.0,7354.0,6806.0,6536.0,6945.0,7253.0,8419.0,8501.0,7674.0,8974.0,8899.0,9348.0,8816.0,10973.0,10629.0,9449.0,9920.0,10229.0,
MEX.31.65_2,21232358.0,MEX,Sanahcat,0.00731,5666.0,5653.0,5623.0,5639.0,5438.0,5819.0,6388.0,6859.0,7937.0,6540.0,7187.0,8791.0,8925.0,8162.0,6385.0,5737.0,5734.0,5304.0,5096.0,6479.0,6876.0,8062.0,8200.0,8218.0,8761.0,9129.0,8820.0,9666.0,8866.0,10090.0,8806.0,9144.0,9486.0,
MEX.31.66_2,21232359.0,MEX,Santa Elena,0.00282,6690.0,6403.0,6593.0,8329.0,9698.0,8808.0,9740.0,8837.0,8628.0,7131.0,7270.0,9625.0,9219.0,8070.0,7037.0,5200.0,5862.0,5942.0,5310.0,5817.0,6406.0,7243.0,7699.0,7155.0,8078.0,8189.0,8688.0,10591.0,11378.0,10310.0,8679.0,9185.0,9471.0,
MEX.31.67_2,21232360.0,MEX,Seyé,0.00437,5553.0,6547.0,7122.0,7143.0,7936.0,7146.0,7350.0,8898.0,8998.0,7497.0,7279.0,9935.0,8699.0,8351.0,6790.0,5824.0,6670.0,6042.0,5681.0,6622.0,6934.0,7635.0,8781.0,7920.0,8634.0,8623.0,10062.0,10252.0,10519.0,10652.0,9140.0,9309.0,9620.0,
MEX.31.68_2,21232361.0,MEX,Sinanché,0.0,7561.0,7987.0,8386.0,9508.0,12169.0,12134.0,14343.0,14222.0,11548.0,9580.0,11715.0,11388.0,11063.0,10275.0,8951.0,10935.0,11397.0,8059.0,7653.0,10601.0,11009.0,8870.0,9604.0,11652.0,9279.0,9882.0,11266.0,13612.0,12176.0,12202.0,10611.0,11017.0,11396.0,
MEX.31.69_2,21232362.0,MEX,Sotuta,0.00544,6550.0,6260.0,6420.0,7733.0,9177.0,8379.0,9469.0,8565.0,8658.0,7650.0,7931.0,10400.0,10098.0,8257.0,7046.0,5225.0,5911.0,6547.0,6060.0,6745.0,7326.0,8136.0,8097.0,8938.0,8349.0,8556.0,8226.0,9907.0,10643.0,11281.0,10047.0,10539.0,10842.0,
MEX.31.70_2,21232363.0,MEX,Sucilá,0.0,6190.0,6442.0,6561.0,8585.0,10578.0,9496.0,9365.0,9183.0,8892.0,6754.0,6628.0,8685.0,8548.0,7835.0,6868.0,5670.0,6049.0,6174.0,5486.0,5828.0,6225.0,6939.0,7420.0,6429.0,8477.0,8585.0,8707.0,7093.0,8564.0,8277.0,7329.0,7622.0,7859.0,
MEX.31.71_2,21232364.0,MEX,Sudzal,0.00538,6668.0,6914.0,7413.0,8006.0,9620.0,11037.0,12118.0,10937.0,9987.0,8722.0,11463.0,11253.0,9910.0,9313.0,7967.0,8937.0,8227.0,7741.0,7000.0,10191.0,10555.0,8959.0,9566.0,11058.0,9849.0,10261.0,10651.0,12693.0,11528.0,11466.0,11181.0,11592.0,11989.0,
MEX.31.72_2,21232365.0,MEX,Suma,0.0046,5564.0,6058.0,6631.0,8227.0,9362.0,10955.0,14179.0,11066.0,9582.0,9185.0,9858.0,10669.0,10584.0,9849.0,8988.0,8397.0,8393.0,7875.0,7670.0,10813.0,11685.0,9696.0,10145.0,11601.0,10235.0,9922.0,11060.0,13180.0,12153.0,12713.0,10527.0,11115.0,11497.0,
MEX.31.73_2,21232366.0,MEX,Tahdziú,0.00507,6044.0,5948.0,5980.0,7253.0,9941.0,8765.0,9224.0,9533.0,8573.0,6746.0,6932.0,9110.0,9088.0,8996.0,8045.0,7228.0,8862.0,8459.0,7948.0,8239.0,8197.0,8879.0,8557.0,7707.0,9605.0,9422.0,9164.0,8650.0,11894.0,11802.0,9522.0,9870.0,10177.0,
MEX.31.74_2,21232367.0,MEX,Tahmek,0.00689,5078.0,6311.0,6692.0,6991.0,6700.0,5563.0,5653.0,6529.0,7421.0,7080.0,7918.0,8732.0,8387.0,7956.0,6710.0,7526.0,6743.0,6344.0,6007.0,8146.0,8768.0,8548.0,8721.0,8400.0,9448.0,9953.0,9312.0,10098.0,10482.0,10157.0,8802.0,9648.0,9480.0,
MEX.31.75_2,21232368.0,MEX,Teabo,0.0,6781.0,7021.0,7626.0,7818.0,9574.0,8160.0,9939.0,8173.0,9014.0,7351.0,6413.0,8524.0,8962.0,7471.0,6967.0,5633.0,5718.0,5715.0,5425.0,5337.0,5637.0,5819.0,6815.0,6457.0,6542.0,6642.0,7958.0,8499.0,8713.0,9278.0,8681.0,8805.0,9419.0,
MEX.31.76_2,21232369.0,MEX,Tecoh,0.00327,6213.0,6935.0,7397.0,7604.0,8438.0,8123.0,8918.0,7330.0,8263.0,6509.0,6921.0,8631.0,8459.0,7717.0,5892.0,6194.0,6191.0,5476.0,5493.0,6488.0,6597.0,7262.0,7579.0,7466.0,7941.0,8232.0,7880.0,8657.0,8906.0,8999.0,8434.0,8907.0,9197.0,
MEX.31.77_2,21232370.0,MEX,Tekal de Venegas,0.00201,8283.0,8061.0,8418.0,10130.0,11618.0,10706.0,12842.0,11293.0,11396.0,9179.0,9728.0,10620.0,11638.0,9026.0,8654.0,8168.0,8620.0,8330.0,7510.0,8442.0,8845.0,8982.0,9211.0,9079.0,10062.0,9931.0,9985.0,11561.0,11635.0,11772.0,10236.0,10716.0,11050.0,
MEX.31.78_2,21232371.0,MEX,Tekantó,0.0,6656.0,7433.0,7848.0,8126.0,8265.0,7271.0,6954.0,8279.0,10148.0,9272.0,10941.0,9984.0,8855.0,9976.0,8431.0,9457.0,6052.0,5488.0,5452.0,9103.0,9286.0,8223.0,7833.0,8436.0,8583.0,8389.0,7603.0,8825.0,9666.0,10020.0,9086.0,9338.0,9622.0,
MEX.31.79_2,21232372.0,MEX,Tekax,0.0,8404.0,6826.0,6473.0,8595.0,9060.0,7978.0,8246.0,7621.0,7939.0,6339.0,5582.0,8435.0,8832.0,7898.0,6536.0,8488.0,5990.0,6881.0,8082.0,6412.0,6708.0,6621.0,7179.0,6993.0,6995.0,7294.0,7024.0,6688.0,7249.0,7506.0,9604.0,9541.0,9886.0,
MEX.31.80_2,21232373.0,MEX,Tekit,0.0,5542.0,5954.0,6335.0,8104.0,9361.0,8122.0,10559.0,9225.0,8818.0,7035.0,7225.0,7540.0,8005.0,6697.0,6721.0,6833.0,6681.0,6504.0,5728.0,6820.0,7013.0,5958.0,7801.0,6747.0,7423.0,7992.0,8469.0,8039.0,8532.0,8814.0,8253.0,8774.0,9047.0,
MEX.31.81_2,21232374.0,MEX,Tekom,0.00577,5589.0,5512.0,5654.0,7310.0,9806.0,8617.0,10066.0,8891.0,8649.0,6898.0,6972.0,9682.0,9519.0,8251.0,6816.0,7367.0,7364.0,7262.0,8337.0,8796.0,9213.0,9875.0,9533.0,9494.0,10411.0,9737.0,10089.0,9257.0,10563.0,10358.0,8072.0,8326.0,8538.0,
MEX.31.82_2,21232375.0,MEX,Telchac Pueblo,0.00334,5965.0,6332.0,7344.0,7396.0,8012.0,9838.0,10801.0,8945.0,8693.0,7230.0,7466.0,8080.0,8026.0,7992.0,6816.0,7645.0,5826.0,5295.0,5267.0,8652.0,8987.0,7234.0,7390.0,8976.0,7867.0,7946.0,8199.0,10631.0,10686.0,11481.0,9171.0,9678.0,10014.0,
MEX.31.83_2,21232376.0,MEX,Telchac Puerto,0.0,7578.0,8014.0,8362.0,10573.0,13546.0,12304.0,14534.0,14645.0,13520.0,10665.0,10650.0,12349.0,12409.0,11281.0,10260.0,11656.0,10724.0,9723.0,8883.0,9630.0,10044.0,9537.0,10379.0,10724.0,10122.0,10694.0,12066.0,14961.0,12387.0,12415.0,11693.0,12044.0,12455.0,
MEX.31.84_2,21232377.0,MEX,Temax,0.0,6108.0,6876.0,7438.0,9286.0,10366.0,9148.0,10900.0,9767.0,10319.0,8744.0,8403.0,9471.0,9009.0,8551.0,7904.0,7492.0,7762.0,6755.0,6380.0,7101.0,7533.0,7948.0,8357.0,8216.0,8422.0,8757.0,9661.0,11013.0,10666.0,10984.0,9845.0,10576.0,10905.0,
MEX.31.85_2,21232378.0,MEX,Temozón,0.00443,6864.0,6806.0,7021.0,8520.0,9458.0,9068.0,10271.0,9556.0,9692.0,8557.0,8529.0,10698.0,10206.0,8937.0,8190.0,6588.0,7128.0,7323.0,6683.0,7451.0,8023.0,8060.0,9556.0,8595.0,8528.0,8783.0,10125.0,10189.0,11178.0,12269.0,10888.0,11409.0,11759.0,
MEX.31.86_2,21232379.0,MEX,Tepakán,0.00191,5752.0,6230.0,6607.0,8582.0,9909.0,8459.0,10478.0,9640.0,8827.0,6532.0,6685.0,6917.0,7433.0,6433.0,6232.0,6690.0,6585.0,6378.0,5642.0,6640.0,7031.0,5951.0,7512.0,6567.0,7277.0,7846.0,8592.0,8818.0,9688.0,11082.0,9921.0,10525.0,10853.0,
MEX.31.87_2,21232380.0,MEX,Tetiz,0.00545,5553.0,6547.0,6971.0,6853.0,7573.0,6735.0,7390.0,9001.0,9015.0,7456.0,7299.0,9965.0,8636.0,8352.0,6779.0,5604.0,6719.0,6197.0,5966.0,6892.0,6996.0,7516.0,8931.0,7538.0,8722.0,8823.0,9364.0,9417.0,9879.0,10665.0,9115.0,9578.0,9996.0,
MEX.31.88_2,21232381.0,MEX,Teya,0.00521,5120.0,5879.0,7108.0,8163.0,9114.0,9419.0,10341.0,10163.0,8816.0,7569.0,8223.0,8900.0,8481.0,8057.0,6947.0,7281.0,7360.0,6925.0,6513.0,10078.0,10108.0,8113.0,9281.0,9745.0,10102.0,10375.0,10731.0,11716.0,9740.0,11761.0,9354.0,10373.0,10329.0,
MEX.31.89_2,21232382.0,MEX,Ticul,-0.00611,12630.0,12526.0,13225.0,17597.0,18549.0,16684.0,16125.0,18339.0,17856.0,15630.0,14146.0,14181.0,12880.0,11129.0,13889.0,15687.0,15680.0,15278.0,14378.0,13401.0,12621.0,10457.0,10381.0,10851.0,11184.0,10970.0,11578.0,11013.0,11375.0,13372.0,12044.0,12708.0,13106.0,
MEX.31.90_2,21232383.0,MEX,Timucuy,0.00149,5615.0,6631.0,7585.0,6996.0,7749.0,6349.0,6734.0,8172.0,8099.0,7094.0,6769.0,8365.0,8731.0,8396.0,7387.0,7335.0,8786.0,8189.0,7291.0,8446.0,7437.0,7341.0,6306.0,6516.0,6250.0,7517.0,7588.0,8269.0,7350.0,8237.0,9800.0,9251.0,9547.0,
MEX.31.91_2,21232384.0,MEX,Tinum,0.00437,7019.0,7073.0,7335.0,9432.0,10468.0,9293.0,10203.0,9988.0,9972.0,8910.0,9366.0,11397.0,10154.0,10005.0,8400.0,6947.0,7794.0,7163.0,6959.0,8097.0,8647.0,8626.0,9498.0,9534.0,9251.0,10084.0,11187.0,11483.0,12400.0,12406.0,10484.0,11012.0,12428.0,
MEX.31.92_2,21232385.0,MEX,Tixcacalcupul,0.0,6356.0,6320.0,6380.0,8476.0,9363.0,8434.0,9834.0,9796.0,9692.0,7420.0,7165.0,9702.0,9590.0,8307.0,7013.0,7496.0,7493.0,6337.0,6019.0,6239.0,6577.0,7624.0,7788.0,7831.0,8266.0,8305.0,8419.0,7513.0,8877.0,8738.0,7308.0,7668.0,7906.0,
MEX.31.93_2,21232386.0,MEX,Tixkokob,0.00229,5243.0,5860.0,6709.0,6574.0,6948.0,6206.0,7454.0,7643.0,8357.0,7834.0,7409.0,8092.0,7952.0,8531.0,7170.0,7482.0,8123.0,7361.0,7138.0,7550.0,6761.0,8164.0,6945.0,7133.0,7538.0,8161.0,7434.0,7184.0,9810.0,9400.0,8955.0,8508.0,8978.0,
MEX.31.94_2,21232387.0,MEX,Tixmehuac,0.0,5977.0,5991.0,6108.0,8414.0,10240.0,8087.0,8732.0,9139.0,8852.0,6475.0,6492.0,8664.0,9792.0,8283.0,6373.0,5484.0,5736.0,5609.0,5003.0,5422.0,5824.0,6972.0,6865.0,6338.0,7370.0,7334.0,7731.0,7844.0,9502.0,10417.0,9486.0,9884.0,10287.0,
MEX.31.95_2,21232388.0,MEX,Tixpéhual,0.00697,10994.0,10904.0,11263.0,12642.0,13338.0,13195.0,14788.0,15765.0,15477.0,14520.0,15497.0,14723.0,14449.0,13958.0,16763.0,16122.0,16647.0,15702.0,17002.0,16085.0,16975.0,18351.0,16773.0,18161.0,19088.0,17940.0,17941.0,20218.0,21431.0,20283.0,17991.0,18776.0,19326.0,
MEX.31.96_2,21232389.0,MEX,Tizimín,-0.00133,9009.0,8039.0,8577.0,11581.0,10838.0,12817.0,11882.0,13999.0,11277.0,7283.0,6045.0,8367.0,8813.0,7974.0,8406.0,10564.0,9243.0,11130.0,8879.0,5736.0,5362.0,4891.0,9123.0,8659.0,7271.0,7773.0,7047.0,7959.0,9139.0,8647.0,9055.0,8718.0,9038.0,
MEX.31.97_2,21232390.0,MEX,Tunkás,0.0061,7258.0,7348.0,7624.0,9699.0,10795.0,9471.0,10399.0,10044.0,10094.0,8705.0,9116.0,10723.0,10407.0,9473.0,8389.0,7080.0,7753.0,7089.0,6609.0,7814.0,8412.0,9266.0,9307.0,9642.0,10039.0,10180.0,10312.0,11338.0,13244.0,13086.0,11054.0,11718.0,12310.0,
MEX.31.98_2,21232391.0,MEX,Tzucacab,-0.00165,6468.0,7315.0,7793.0,9314.0,11625.0,10068.0,10182.0,11103.0,10651.0,8459.0,7990.0,10598.0,11231.0,9463.0,8659.0,9184.0,9180.0,7441.0,7006.0,7317.0,6470.0,7100.0,7466.0,7387.0,7836.0,7749.0,8110.0,8120.0,9890.0,9740.0,8529.0,8665.0,9033.0,
MEX.31.99_2,21232392.0,MEX,Uayma,0.00279,7809.0,7816.0,8110.0,9866.0,10812.0,9733.0,11104.0,10506.0,10065.0,8622.0,8775.0,11364.0,11191.0,9875.0,8327.0,7617.0,7370.0,7056.0,6575.0,7438.0,7996.0,8529.0,9460.0,9325.0,9392.0,9663.0,11457.0,12126.0,13134.0,13166.0,11622.0,12102.0,12435.0,
MEX.31.100_2,21232393.0,MEX,Ucú,-0.00944,11931.0,12333.0,12527.0,14685.0,15265.0,10898.0,12620.0,13596.0,14085.0,13175.0,13246.0,13286.0,12090.0,11605.0,12351.0,11854.0,13010.0,11895.0,11040.0,10369.0,10171.0,10390.0,8171.0,9352.0,9315.0,8950.0,7982.0,8493.0,9153.0,8833.0,8007.0,8000.0,8269.0,
MEX.31.101_2,21232394.0,MEX,Umán,-0.00312,9938.0,11329.0,11735.0,12126.0,13734.0,14477.0,15459.0,16447.0,16428.0,15573.0,16202.0,15590.0,13621.0,14342.0,15177.0,15063.0,14995.0,14501.0,14040.0,13410.0,13834.0,14186.0,12479.0,14304.0,13144.0,12602.0,13182.0,14648.0,14813.0,13233.0,12143.0,12454.0,12852.0,
MEX.31.102_2,21232395.0,MEX,Valladolid,-0.00364,7964.0,12261.0,13425.0,18996.0,21249.0,18846.0,18890.0,21812.0,20332.0,16442.0,15949.0,15524.0,13733.0,12962.0,14529.0,16478.0,18339.0,17815.0,16776.0,15085.0,14433.0,12864.0,13553.0,13499.0,12578.0,12970.0,14179.0,15835.0,17355.0,17295.0,15109.0,16069.0,16562.0,
MEX.31.103_2,21232396.0,MEX,Xocchel,0.00286,6528.0,6741.0,7216.0,7284.0,8025.0,6984.0,6964.0,7938.0,8569.0,6993.0,6791.0,9385.0,9354.0,7815.0,5934.0,6060.0,6057.0,5116.0,4907.0,5902.0,5835.0,7049.0,7419.0,7602.0,8285.0,8317.0,8893.0,9968.0,11445.0,12502.0,8993.0,9947.0,10278.0,
MEX.31.104_2,21232397.0,MEX,Yaxcabá,0.00315,6145.0,6066.0,6186.0,8234.0,10094.0,8353.0,8952.0,9376.0,9112.0,7061.0,7405.0,9525.0,9945.0,8404.0,6948.0,5756.0,6486.0,6007.0,5734.0,6682.0,7067.0,7955.0,7773.0,7220.0,8521.0,8247.0,8322.0,7762.0,9517.0,9388.0,8396.0,8806.0,9080.0,
MEX.31.105_2,21232398.0,MEX,Yaxkukul,0.004,10751.0,11162.0,12260.0,13897.0,15347.0,13661.0,14588.0,16868.0,16854.0,15356.0,14264.0,16977.0,16066.0,15400.0,13882.0,14157.0,14950.0,13986.0,13157.0,14397.0,14396.0,15117.0,15561.0,15381.0,16469.0,17161.0,16330.0,18397.0,18496.0,18519.0,16711.0,16840.0,17360.0,
MEX.31.106_2,21232399.0,MEX,Yobaín,0.00348,7013.0,6860.0,7157.0,8920.0,10190.0,9771.0,12313.0,10754.0,10706.0,8509.0,9319.0,10289.0,10713.0,8835.0,8272.0,7717.0,8178.0,7927.0,7127.0,8067.0,8476.0,8636.0,9017.0,8699.0,9696.0,9562.0,9771.0,11057.0,11049.0,11190.0,9392.0,9831.0,10137.0,
MEX.32.1_2,21232400.0,MEX,Apozol,0.0093,6365.0,5131.0,5777.0,5894.0,7283.0,6766.0,5669.0,5819.0,6423.0,5798.0,5442.0,5301.0,5838.0,6049.0,5777.0,7150.0,7311.0,7005.0,7742.0,8748.0,8625.0,8669.0,8226.0,8165.0,8121.0,8792.0,8742.0,8597.0,8963.0,8787.0,10302.0,11361.0,10910.0,
MEX.32.2_2,21232401.0,MEX,Apulco,0.00661,8540.0,8326.0,8158.0,7588.0,7402.0,7432.0,7159.0,7513.0,8138.0,7222.0,7292.0,7137.0,6695.0,6908.0,7221.0,6328.0,8202.0,7788.0,9085.0,7784.0,8046.0,9719.0,9471.0,9061.0,10097.0,10639.0,10667.0,9189.0,9277.0,8929.0,10313.0,11399.0,10804.0,
MEX.32.3_2,21232402.0,MEX,Atolinga,0.0,6793.0,6394.0,6127.0,5852.0,4189.0,4990.0,6127.0,6097.0,5682.0,5020.0,4968.0,5711.0,5100.0,4864.0,4796.0,4638.0,9216.0,12249.0,12477.0,6434.0,5070.0,5673.0,4812.0,4224.0,4144.0,4207.0,6258.0,6592.0,6184.0,5919.0,8470.0,8694.0,9383.0,
MEX.32.4_2,21232403.0,MEX,Benito Juárez,0.00998,5842.0,5797.0,5849.0,5613.0,4901.0,5836.0,5389.0,5622.0,6055.0,5132.0,5212.0,5340.0,5562.0,5747.0,6010.0,5351.0,6423.0,6243.0,7085.0,7528.0,8021.0,8138.0,7683.0,8045.0,7660.0,7673.0,8286.0,8006.0,8785.0,8164.0,9784.0,10290.0,10582.0,
MEX.32.5_2,21232404.0,MEX,Calera,0.01308,7847.0,8670.0,9181.0,9641.0,9928.0,9611.0,7697.0,8380.0,10488.0,8596.0,8904.0,8680.0,8416.0,9633.0,10224.0,10846.0,10551.0,9542.0,9666.0,9871.0,12998.0,14342.0,14828.0,12473.0,13867.0,14816.0,14548.0,15935.0,15525.0,18050.0,17189.0,17893.0,19351.0,
MEX.32.6_2,21232405.0,MEX,Cañitas de Felipe Pescador,0.00298,8771.0,8847.0,8498.0,9002.0,8505.0,8708.0,8341.0,8401.0,8594.0,8593.0,8265.0,8622.0,8060.0,8343.0,8562.0,9571.0,10658.0,9151.0,9343.0,9068.0,9613.0,9162.0,7806.0,9314.0,10485.0,11057.0,9741.0,9233.0,10563.0,10202.0,9892.0,10616.0,10529.0,
MEX.32.7_2,21232406.0,MEX,Chalchihuites,0.00202,6598.0,6359.0,6062.0,6112.0,4868.0,6153.0,6013.0,5698.0,7281.0,6172.0,5855.0,5962.0,6083.0,6039.0,6369.0,4821.0,5939.0,5706.0,6119.0,6002.0,5326.0,5715.0,6664.0,6229.0,6679.0,6696.0,7348.0,6532.0,8490.0,8081.0,9455.0,9830.0,10175.0,
MEX.32.8_2,21232407.0,MEX,Concepción del Oro,0.00878,7643.0,7940.0,7986.0,7897.0,8478.0,8484.0,7139.0,7607.0,10621.0,9308.0,9796.0,8612.0,8930.0,8878.0,9468.0,8705.0,9869.0,9950.0,10095.0,11574.0,12533.0,12889.0,13318.0,12420.0,12396.0,12461.0,13099.0,13231.0,13518.0,12758.0,12482.0,13076.0,13749.0,
MEX.32.9_2,21232408.0,MEX,Cuauhtémoc,0.0,13581.0,13303.0,10267.0,8897.0,7903.0,9710.0,12646.0,14226.0,10422.0,8831.0,9154.0,8733.0,8807.0,8188.0,8355.0,8095.0,11742.0,12203.0,7827.0,10077.0,9949.0,10255.0,10425.0,8674.0,9364.0,11288.0,9996.0,7635.0,9119.0,9639.0,11175.0,12583.0,10902.0,
MEX.32.10_2,21232409.0,MEX,El Plateado de Joaquín Amaro,0.00798,7766.0,7772.0,7489.0,6992.0,6930.0,7773.0,7601.0,7509.0,8040.0,7466.0,7503.0,7566.0,7723.0,8066.0,8266.0,7288.0,8626.0,9147.0,9128.0,9190.0,9629.0,9768.0,9175.0,8961.0,8763.0,8883.0,10479.0,11687.0,11052.0,11012.0,11759.0,12479.0,13275.0,
MEX.32.11_2,21232410.0,MEX,El Salvador,0.00681,7151.0,7469.0,8259.0,9771.0,8021.0,7772.0,7592.0,8458.0,9841.0,8109.0,6994.0,6404.0,7973.0,6690.0,7518.0,8116.0,6380.0,7634.0,8166.0,7342.0,7560.0,8901.0,9106.0,9478.0,9897.0,9214.0,9418.0,11251.0,11759.0,13182.0,11699.0,12540.0,13265.0,
MEX.32.12_2,21232411.0,MEX,Fresnillo,0.01516,7847.0,8441.0,8764.0,9236.0,9511.0,9216.0,8260.0,9711.0,10788.0,10298.0,10595.0,9362.0,8693.0,10073.0,11052.0,11316.0,12289.0,13071.0,14940.0,16803.0,19288.0,20581.0,19362.0,18685.0,18997.0,19516.0,18612.0,21466.0,20191.0,18868.0,17523.0,17735.0,19617.0,
MEX.32.13_2,21232412.0,MEX,Genaro Codina,0.00785,5626.0,6220.0,6090.0,5258.0,4764.0,5738.0,5631.0,5594.0,5930.0,5625.0,5550.0,5601.0,5662.0,5687.0,5797.0,5099.0,6882.0,7339.0,8446.0,7435.0,7369.0,7992.0,7375.0,7450.0,7108.0,7187.0,7945.0,8237.0,8434.0,7445.0,8878.0,9408.0,9698.0,
MEX.32.14_2,21232413.0,MEX,General Enrique Estrada,0.01153,13617.0,14714.0,15152.0,16003.0,16479.0,15758.0,13527.0,15714.0,17840.0,15613.0,16593.0,16243.0,15650.0,17174.0,18473.0,19363.0,18848.0,19951.0,19888.0,22140.0,25255.0,26464.0,27664.0,24472.0,27361.0,28021.0,26584.0,29581.0,27565.0,25434.0,22417.0,22756.0,25066.0,
MEX.32.15_2,21232414.0,MEX,General Francisco R. Murguía,0.01067,8123.0,8274.0,8075.0,7991.0,8451.0,8060.0,7461.0,7513.0,8852.0,7781.0,8143.0,7303.0,7211.0,7989.0,8149.0,8058.0,9450.0,9583.0,9777.0,11246.0,12222.0,12666.0,12081.0,12130.0,12180.0,12846.0,13051.0,13783.0,13888.0,13293.0,13239.0,14524.0,14372.0,
MEX.32.16_2,21232415.0,MEX,General Pánfilo Natera,0.00767,6546.0,6953.0,6666.0,6477.0,5202.0,5837.0,5653.0,5381.0,6435.0,5567.0,5265.0,5197.0,5407.0,5657.0,4757.0,5034.0,7132.0,7707.0,8557.0,8335.0,8501.0,7492.0,7396.0,8199.0,8585.0,10630.0,7789.0,7374.0,7335.0,6644.0,8547.0,9193.0,9602.0,
MEX.32.17_2,21232416.0,MEX,Guadalupe,0.01723,7924.0,8477.0,8834.0,9159.0,8801.0,9067.0,8944.0,9068.0,10273.0,12474.0,13244.0,12593.0,12216.0,14309.0,15160.0,14142.0,15892.0,16798.0,17211.0,17472.0,21089.0,22936.0,24085.0,20683.0,20932.0,22001.0,23598.0,22697.0,22755.0,21205.0,20066.0,21074.0,22357.0,
MEX.32.18_2,21232417.0,MEX,Huanusco,0.00148,7033.0,7270.0,7239.0,6636.0,6289.0,6013.0,6498.0,5929.0,6728.0,5462.0,5371.0,5402.0,5624.0,6034.0,6675.0,5240.0,6848.0,6912.0,7444.0,7011.0,6939.0,6362.0,6279.0,6674.0,5734.0,6124.0,5376.0,6304.0,7137.0,7667.0,9538.0,10402.0,9694.0,
MEX.32.19_2,21232418.0,MEX,Jalpa,0.02024,4700.0,4119.0,4835.0,5380.0,5384.0,5607.0,5703.0,4517.0,3958.0,3834.0,3697.0,3589.0,5022.0,5430.0,7713.0,7459.0,11434.0,10292.0,12736.0,14577.0,11237.0,13738.0,15696.0,13043.0,11616.0,13256.0,15981.0,13096.0,11566.0,11209.0,11147.0,11241.0,11985.0,
MEX.32.20_2,21232419.0,MEX,Jerez,0.00655,13087.0,14182.0,14790.0,13771.0,11620.0,13861.0,15230.0,15542.0,16435.0,14994.0,15426.0,15255.0,14746.0,15725.0,17982.0,16412.0,18569.0,19172.0,19408.0,19980.0,21580.0,23455.0,22663.0,18921.0,18884.0,19301.0,21694.0,18866.0,16714.0,15762.0,13992.0,15833.0,17369.0,
MEX.32.21_2,21232420.0,MEX,Jiménez del Teul,0.00413,6287.0,6284.0,6307.0,5125.0,4545.0,5460.0,5901.0,5534.0,5563.0,5094.0,5194.0,5148.0,5546.0,5874.0,5382.0,4758.0,6170.0,6674.0,7287.0,6782.0,5370.0,5819.0,5137.0,5797.0,5231.0,5358.0,6375.0,7930.0,6988.0,6534.0,8243.0,8768.0,8940.0,
MEX.32.22_2,21232421.0,MEX,Juan Aldama,0.00753,5995.0,7002.0,6490.0,7007.0,5466.0,5664.0,9020.0,9145.0,10266.0,15065.0,16950.0,15022.0,15215.0,15879.0,16390.0,15968.0,19672.0,17243.0,16652.0,17600.0,16845.0,18228.0,22044.0,15801.0,16031.0,16697.0,21087.0,16373.0,16838.0,16145.0,14681.0,15413.0,16390.0,
MEX.32.23_2,21232422.0,MEX,Juchipila,0.0,5776.0,6240.0,6822.0,7032.0,5503.0,6904.0,6544.0,5880.0,5690.0,5279.0,5228.0,5835.0,6155.0,5868.0,5607.0,4734.0,5989.0,5589.0,5736.0,6882.0,5992.0,5701.0,6401.0,5619.0,4946.0,4935.0,8271.0,6747.0,5756.0,7746.0,13582.0,13827.0,11333.0,
MEX.32.24_2,21232423.0,MEX,Loreto,0.00965,9874.0,9625.0,10265.0,9688.0,8976.0,10242.0,10982.0,10839.0,11581.0,10786.0,10110.0,10926.0,10476.0,10841.0,11029.0,10825.0,12508.0,12552.0,12933.0,14180.0,14948.0,16440.0,17398.0,14604.0,15026.0,15755.0,19421.0,18564.0,16661.0,17193.0,16141.0,16740.0,16556.0,
MEX.32.25_2,21232424.0,MEX,Luis Moya,0.0,10548.0,10372.0,9784.0,8949.0,9096.0,7474.0,6729.0,7831.0,7167.0,6365.0,6521.0,6104.0,6076.0,4755.0,4491.0,4252.0,6970.0,7074.0,7206.0,6757.0,6136.0,6035.0,5279.0,7133.0,6673.0,6931.0,5918.0,6710.0,7561.0,7461.0,7816.0,9289.0,7980.0,
MEX.32.26_2,21232425.0,MEX,Mazapil,0.00395,7415.0,7373.0,7313.0,6167.0,5661.0,6572.0,6997.0,6695.0,6803.0,5994.0,5861.0,6018.0,6567.0,6556.0,6343.0,5540.0,7204.0,7757.0,7886.0,7466.0,6902.0,6840.0,6567.0,6732.0,6458.0,6347.0,7501.0,8642.0,8186.0,7667.0,9313.0,9900.0,10123.0,
MEX.32.27_2,21232426.0,MEX,Melchor Ocampo,0.00996,6916.0,6837.0,7045.0,5445.0,5708.0,6697.0,5886.0,6261.0,6111.0,5886.0,5595.0,5924.0,5884.0,6030.0,7102.0,5887.0,7430.0,7276.0,7482.0,8638.0,7689.0,8082.0,8684.0,7803.0,7919.0,8383.0,9705.0,10487.0,9658.0,9093.0,11702.0,12588.0,13020.0,
MEX.32.28_2,21232427.0,MEX,Mezquital del Oro,0.00742,9771.0,9462.0,9333.0,9072.0,8773.0,8670.0,8874.0,8466.0,9148.0,8319.0,8531.0,8319.0,8225.0,8636.0,9087.0,8523.0,9664.0,9699.0,10676.0,11021.0,11269.0,11949.0,11245.0,12125.0,12285.0,12447.0,12500.0,12701.0,12296.0,11752.0,11663.0,12609.0,12191.0,
MEX.32.29_2,21232428.0,MEX,Miguel Auza,0.01067,4167.0,3412.0,3679.0,3514.0,4552.0,5118.0,5018.0,4891.0,5688.0,5354.0,5319.0,5282.0,5353.0,5036.0,4913.0,4300.0,5198.0,4223.0,4298.0,4925.0,5306.0,7163.0,9772.0,7631.0,8067.0,7506.0,8066.0,6803.0,7151.0,7780.0,8793.0,10433.0,10281.0,
MEX.32.30_2,21232429.0,MEX,Momax,0.01073,7145.0,7470.0,7750.0,7251.0,7397.0,7688.0,6587.0,6881.0,7721.0,6047.0,6329.0,6086.0,6402.0,6729.0,6657.0,6451.0,8292.0,8022.0,8762.0,8284.0,8859.0,8964.0,8807.0,8313.0,9765.0,9592.0,12027.0,11699.0,10749.0,10601.0,11434.0,11819.0,12976.0,
MEX.32.31_2,21232430.0,MEX,Monte Escobedo,0.00931,8025.0,8144.0,7021.0,6610.0,6354.0,7129.0,6779.0,6595.0,8025.0,6557.0,6468.0,6605.0,6760.0,7284.0,7201.0,6938.0,8118.0,8850.0,9261.0,8968.0,8736.0,9811.0,9186.0,8998.0,8791.0,8897.0,9890.0,11625.0,11367.0,10648.0,11480.0,11868.0,13028.0,
MEX.32.32_2,21232431.0,MEX,Morelos,0.00614,15747.0,17081.0,20226.0,20107.0,24694.0,20016.0,17258.0,19581.0,21981.0,18787.0,19781.0,18896.0,18611.0,16721.0,17834.0,17247.0,17721.0,19222.0,20089.0,23380.0,26416.0,27619.0,24645.0,21951.0,27417.0,25074.0,25506.0,30684.0,27766.0,25771.0,20496.0,21171.0,23291.0,
MEX.32.33_2,21232432.0,MEX,Moyahua de Estrada,0.0022,11218.0,11250.0,10985.0,10253.0,10028.0,10382.0,10047.0,10074.0,11269.0,9809.0,10150.0,9742.0,9663.0,8647.0,8940.0,8437.0,8780.0,8303.0,9175.0,11098.0,11813.0,11942.0,11271.0,11752.0,11821.0,12946.0,12740.0,12890.0,13243.0,11462.0,11594.0,12691.0,12171.0,
MEX.32.34_2,21232433.0,MEX,Nochistlán de Mejía,0.01247,3549.0,3231.0,3170.0,3222.0,2982.0,4313.0,9629.0,9762.0,10304.0,11094.0,12245.0,10366.0,10875.0,9833.0,10511.0,9458.0,14372.0,12821.0,12932.0,13712.0,12107.0,12675.0,14592.0,12808.0,15523.0,15791.0,20915.0,20709.0,15543.0,14686.0,15673.0,17487.0,17389.0,
MEX.32.35_2,21232434.0,MEX,Noria de Ángeles,0.01049,5980.0,6715.0,7029.0,5622.0,5733.0,5970.0,5679.0,5254.0,6273.0,6127.0,6462.0,5907.0,5745.0,6702.0,6542.0,5956.0,8245.0,7550.0,7617.0,8205.0,8021.0,8769.0,8681.0,8836.0,9110.0,10036.0,10348.0,9694.0,8787.0,8587.0,10347.0,11854.0,10886.0,
MEX.32.36_2,21232435.0,MEX,Ojocaliente,0.00832,5229.0,5826.0,5733.0,5397.0,5010.0,5592.0,6196.0,5784.0,5496.0,5277.0,5408.0,5167.0,5279.0,5641.0,5533.0,5388.0,7677.0,8032.0,9035.0,8024.0,7519.0,8700.0,8398.0,8739.0,8727.0,8163.0,8773.0,7418.0,6908.0,6814.0,9445.0,11226.0,8696.0,
MEX.32.37_2,21232436.0,MEX,Pánuco,0.00246,7225.0,7889.0,7755.0,7610.0,7159.0,8688.0,8080.0,7695.0,8917.0,8743.0,8373.0,8466.0,8182.0,7190.0,7396.0,6963.0,7440.0,7688.0,7644.0,7486.0,7909.0,8205.0,7584.0,8593.0,8633.0,9412.0,9306.0,7889.0,8989.0,10063.0,11718.0,12300.0,11577.0,
MEX.32.38_2,21232437.0,MEX,Pinos,0.00714,8954.0,8932.0,8470.0,9040.0,8319.0,7817.0,7894.0,7169.0,9012.0,7769.0,7916.0,7090.0,6729.0,7601.0,7240.0,8075.0,8715.0,8704.0,10993.0,10504.0,11096.0,10919.0,9626.0,10539.0,10290.0,10979.0,10522.0,11366.0,10744.0,10208.0,11770.0,12938.0,12307.0,
MEX.32.39_2,21232438.0,MEX,Río Grande,0.00813,9454.0,9808.0,9970.0,9180.0,8540.0,8620.0,9588.0,9767.0,9449.0,8839.0,9011.0,8846.0,8714.0,9141.0,10359.0,9148.0,11354.0,12414.0,11851.0,12241.0,13338.0,14713.0,15203.0,12456.0,12114.0,12696.0,14173.0,13824.0,14141.0,13481.0,12943.0,13419.0,14366.0,
MEX.32.40_2,21232439.0,MEX,Sain Alto,0.00493,8960.0,9620.0,9925.0,9865.0,8488.0,8674.0,8618.0,7867.0,8885.0,8002.0,8173.0,7940.0,7917.0,8303.0,8520.0,8156.0,9158.0,8870.0,10268.0,10220.0,10225.0,10230.0,9486.0,9859.0,9870.0,10371.0,10323.0,10418.0,10168.0,9742.0,11238.0,12388.0,11699.0,
MEX.32.41_2,21232440.0,MEX,Santa María de la Paz,0.00844,8548.0,8261.0,8365.0,8345.0,8790.0,9293.0,8086.0,8128.0,9741.0,8853.0,8962.0,8843.0,8854.0,9481.0,9745.0,9234.0,9616.0,9756.0,9956.0,11473.0,12071.0,12377.0,11868.0,11985.0,11989.0,12199.0,13027.0,13952.0,13505.0,12887.0,12828.0,14103.0,13916.0,
MEX.32.42_2,21232441.0,MEX,Sombrerete,0.0061,4493.0,4866.0,4924.0,4089.0,3932.0,4754.0,4952.0,3995.0,4837.0,4505.0,4542.0,4330.0,4567.0,4649.0,4410.0,4074.0,5506.0,4312.0,4884.0,4813.0,5400.0,5082.0,5689.0,5262.0,5180.0,4856.0,6053.0,6440.0,7181.0,7412.0,9015.0,9019.0,9617.0,
MEX.32.43_2,21232442.0,MEX,Susticacán,0.00667,8628.0,8459.0,8471.0,7874.0,7180.0,8182.0,9509.0,8080.0,8286.0,7266.0,7278.0,7997.0,8276.0,8180.0,8431.0,7891.0,9632.0,9735.0,9906.0,11389.0,10352.0,10392.0,10489.0,10653.0,10424.0,10616.0,10982.0,11962.0,12585.0,11372.0,11439.0,12772.0,12162.0,
MEX.32.44_2,21232443.0,MEX,Tabasco,0.002,5471.0,4669.0,6328.0,6639.0,6450.0,6717.0,7208.0,7307.0,6898.0,6213.0,6218.0,6813.0,6867.0,6627.0,6813.0,6276.0,7325.0,6286.0,6820.0,7352.0,6763.0,6300.0,6110.0,6681.0,7273.0,7847.0,8693.0,6487.0,7441.0,7171.0,9432.0,11030.0,9440.0,
MEX.32.45_2,21232444.0,MEX,Tepechitlán,0.00406,5838.0,4887.0,5590.0,5427.0,5299.0,6406.0,6184.0,5274.0,6458.0,6280.0,6393.0,6275.0,6363.0,6375.0,6647.0,6019.0,6556.0,6290.0,6348.0,6695.0,6968.0,7101.0,6488.0,6944.0,6274.0,6167.0,6852.0,7158.0,8477.0,7933.0,9984.0,10383.0,10885.0,
MEX.32.46_2,21232445.0,MEX,Tepetongo,0.00754,8145.0,8037.0,7975.0,8033.0,7202.0,8670.0,9519.0,8264.0,9828.0,8843.0,8955.0,8423.0,8295.0,9472.0,9769.0,9073.0,11558.0,12112.0,11666.0,11434.0,12206.0,11315.0,10614.0,11655.0,11508.0,12114.0,11941.0,11558.0,12298.0,12989.0,12873.0,14052.0,13638.0,
MEX.32.47_2,21232446.0,MEX,Teúl de González Ortega,0.01639,6226.0,6387.0,6456.0,6034.0,5666.0,6152.0,6461.0,6104.0,6530.0,6352.0,6468.0,6284.0,6392.0,7374.0,7827.0,7345.0,8624.0,8777.0,9083.0,10687.0,10872.0,11296.0,12011.0,12420.0,12060.0,12804.0,13861.0,14646.0,13839.0,13243.0,13551.0,15011.0,13815.0,
MEX.32.48_2,21232447.0,MEX,Tlaltenango de Sánchez Román,0.026,3784.0,3526.0,3894.0,3509.0,3613.0,5095.0,6013.0,5390.0,5620.0,5427.0,7244.0,7081.0,6869.0,8596.0,7723.0,20028.0,24627.0,22095.0,19486.0,21020.0,21875.0,23055.0,22761.0,19489.0,20070.0,21104.0,21330.0,16723.0,15789.0,14768.0,14391.0,14915.0,15219.0,
MEX.32.49_2,21232448.0,MEX,Trancoso,0.00447,7895.0,8612.0,7964.0,7427.0,7018.0,8315.0,9254.0,8264.0,8918.0,9782.0,10235.0,9591.0,9504.0,10277.0,8368.0,7587.0,8626.0,16658.0,14795.0,15002.0,11484.0,11262.0,10971.0,9507.0,9819.0,9922.0,10399.0,9889.0,11015.0,11339.0,11190.0,9960.0,10551.0,
MEX.32.50_2,21232449.0,MEX,Trinidad García de la Cadena,0.00452,8119.0,8237.0,8033.0,8295.0,8585.0,8400.0,7733.0,8139.0,8957.0,8506.0,8207.0,8457.0,8250.0,8114.0,8389.0,6824.0,8257.0,9309.0,11017.0,9547.0,10627.0,9839.0,9018.0,9798.0,10523.0,11286.0,10035.0,9697.0,11506.0,11015.0,10641.0,11137.0,10394.0,
MEX.32.51_2,21232450.0,MEX,Valparaíso,0.01418,5755.0,5651.0,5223.0,4989.0,4933.0,6244.0,6016.0,5632.0,6803.0,6352.0,6265.0,6779.0,7005.0,7078.0,7575.0,7495.0,10445.0,10611.0,10632.0,11666.0,12835.0,13203.0,13642.0,12843.0,12302.0,12916.0,8310.0,8896.0,9057.0,8915.0,10694.0,11038.0,11347.0,
MEX.32.52_2,21232451.0,MEX,Vetagrande,0.00319,16437.0,11248.0,11587.0,17692.0,18124.0,18342.0,16743.0,17807.0,20549.0,17830.0,18842.0,17996.0,17134.0,19812.0,21299.0,20206.0,21595.0,22767.0,23285.0,22446.0,24951.0,20368.0,20536.0,18245.0,19345.0,19968.0,20254.0,20295.0,20204.0,19297.0,19426.0,19910.0,20924.0,
MEX.32.53_2,21232452.0,MEX,Villa de Cos,0.00711,10778.0,10989.0,11324.0,10131.0,10430.0,10577.0,10255.0,10036.0,11316.0,9857.0,10221.0,9811.0,9480.0,10310.0,10725.0,10158.0,11490.0,11451.0,12331.0,12745.0,13772.0,14027.0,13338.0,13633.0,13780.0,14185.0,14533.0,14548.0,14028.0,14250.0,14110.0,15348.0,14986.0,
MEX.32.54_2,21232453.0,MEX,Villa García,0.00429,8062.0,7320.0,6747.0,6693.0,6580.0,6744.0,8502.0,7595.0,7122.0,7081.0,6819.0,7258.0,7140.0,6304.0,6142.0,5501.0,6552.0,7565.0,8433.0,8729.0,8585.0,7903.0,7961.0,8558.0,9144.0,9403.0,7941.0,8240.0,8799.0,8538.0,9228.0,9213.0,8726.0,
MEX.32.55_2,21232454.0,MEX,Villa González Ortega,0.00201,10024.0,9906.0,9532.0,11774.0,11679.0,11071.0,9063.0,10171.0,11280.0,10528.0,10702.0,10371.0,10125.0,8091.0,8445.0,7908.0,8960.0,9433.0,10414.0,9896.0,11514.0,9619.0,9679.0,10580.0,11298.0,11435.0,10520.0,10661.0,11942.0,11394.0,11757.0,12197.0,11421.0,
MEX.32.56_2,21232455.0,MEX,Villa Hidalgo,0.00517,6607.0,6459.0,7562.0,5794.0,5706.0,5943.0,5652.0,4834.0,6204.0,6090.0,6246.0,6210.0,6557.0,7059.0,5498.0,6283.0,5539.0,5330.0,5663.0,6178.0,6564.0,7159.0,7181.0,7606.0,7862.0,8771.0,7062.0,7522.0,7735.0,7467.0,10354.0,11938.0,10908.0,
MEX.32.57_2,21232456.0,MEX,Villanueva,0.01353,6364.0,6724.0,6159.0,6288.0,6385.0,6556.0,6537.0,6387.0,6754.0,6796.0,6501.0,7095.0,6773.0,7704.0,8006.0,8006.0,8707.0,9616.0,11370.0,11327.0,12968.0,13002.0,11970.0,12458.0,13048.0,12807.0,14084.0,12621.0,13220.0,10573.0,11104.0,12142.0,10997.0,
MEX.32.58_2,21232457.0,MEX,Zacatecas,-0.00231,21246.0,21677.0,22116.0,23040.0,26923.0,23758.0,23531.0,22789.0,24563.0,24051.0,24801.0,24260.0,24156.0,24813.0,26622.0,25289.0,17067.0,18027.0,18456.0,17472.0,21089.0,22936.0,24212.0,20720.0,20970.0,22040.0,23272.0,22211.0,21840.0,20375.0,19310.0,19981.0,20963.0,
